日期,周期ID,当前价格,持仓数量,当前市值,距上次调仓天数,相对涨跌幅,累计投入,累计净投入,最大回撤
2024-11-04,Cycle_1,3944.76,2.57,10138.04,1,1.41%,9997.35,9997.35,0.00%
2024-11-04,Cycle_2,3944.76,5.14,20276.08,1,1.41%,19994.70,19994.70,0.00%
2024-11-04,Cycle_3,3944.76,7.71,30414.11,1,1.41%,29992.06,29992.06,0.00%
2024-11-04,Cycle_4,3944.76,10.28,40552.15,1,1.41%,39989.41,39989.41,0.00%
2024-11-05,Cycle_1,4044.57,2.4899999999999998,10070.99,0,0.00%,9997.35,9673.79,0.66%
2024-11-05,Cycle_2,4044.57,5.14,20789.10,2,3.97%,19994.70,19994.70,0.00%
2024-11-05,Cycle_3,4044.57,7.71,31183.65,2,3.97%,29992.06,29992.06,0.00%
2024-11-05,Cycle_4,4044.57,10.28,41578.21,2,3.97%,39989.41,39989.41,0.00%
2024-11-06,Cycle_1,4024.28,2.4899999999999998,10020.46,1,-0.50%,9997.35,9673.79,1.16%
2024-11-06,Cycle_2,4024.28,5.14,20684.82,3,3.45%,19994.70,19994.70,0.50%
2024-11-06,Cycle_3,4024.28,7.71,31027.22,3,3.45%,29992.06,29992.06,0.50%
2024-11-06,Cycle_4,4024.28,10.28,41369.63,3,3.45%,39989.41,39989.41,0.50%
2024-11-07,Cycle_1,4145.70,2.4299999999999997,10074.04,0,0.00%,9997.35,9425.04,1.16%
2024-11-07,Cycle_2,4145.70,4.88,20230.99,0,0.00%,19994.70,18916.82,2.68%
2024-11-07,Cycle_3,4145.70,7.71,31963.31,4,6.57%,29992.06,29992.06,0.50%
2024-11-07,Cycle_4,4145.70,10.28,42617.75,4,6.57%,39989.41,39989.41,0.50%
2024-11-08,Cycle_1,4104.05,2.4299999999999997,9972.83,1,-1.00%,9997.35,9425.04,1.63%
2024-11-08,Cycle_2,4104.05,4.88,20027.75,1,-1.00%,19994.70,18916.82,3.66%
2024-11-08,Cycle_3,4104.05,7.71,31642.20,5,5.50%,29992.06,29992.06,1.00%
2024-11-08,Cycle_4,4104.05,10.28,42189.60,5,5.50%,39989.41,39989.41,1.00%
2024-11-11,Cycle_1,4131.13,2.4299999999999997,10038.65,2,-0.35%,9997.35,9425.04,1.63%
2024-11-11,Cycle_2,4131.13,4.88,20159.92,2,-0.35%,19994.70,18916.82,3.66%
2024-11-11,Cycle_3,4131.13,7.71,31851.02,6,6.20%,29992.06,29992.06,1.00%
2024-11-11,Cycle_4,4131.13,10.28,42468.03,6,6.20%,39989.41,39989.41,1.00%
2024-11-12,Cycle_1,4085.74,2.4299999999999997,9928.36,3,-1.45%,9997.35,9425.04,2.07%
2024-11-12,Cycle_2,4085.74,4.88,19938.43,3,-1.45%,19994.70,18916.82,4.09%
2024-11-12,Cycle_3,4085.74,7.71,31501.08,7,5.03%,29992.06,29992.06,1.45%
2024-11-12,Cycle_4,4085.74,10.28,42001.44,7,5.03%,39989.41,39989.41,1.45%
2024-11-13,Cycle_1,4110.89,2.4299999999999997,9989.46,4,-0.84%,9997.35,9425.04,2.07%
2024-11-13,Cycle_2,4110.89,4.88,20061.14,4,-0.84%,19994.70,18916.82,4.09%
2024-11-13,Cycle_3,4110.89,7.71,31694.96,8,5.68%,29992.06,29992.06,1.45%
2024-11-13,Cycle_4,4110.89,10.28,42259.95,8,5.68%,39989.41,39989.41,1.45%
2024-11-14,Cycle_1,4039.62,2.4799999999999995,10018.26,0,0.00%,10199.33,9627.03,2.07%
2024-11-14,Cycle_2,4039.62,4.88,19713.34,5,-2.56%,19994.70,18916.82,5.17%
2024-11-14,Cycle_3,4039.62,7.71,31145.46,9,3.85%,29992.06,29992.06,2.56%
2024-11-14,Cycle_4,4039.62,10.28,41527.28,9,3.85%,39989.41,39989.41,2.56%
2024-11-15,Cycle_1,3968.83,2.4799999999999995,9842.70,1,-1.75%,10199.33,9627.03,2.91%
2024-11-15,Cycle_2,3968.83,5.05,20042.60,0,0.00%,20669.41,19591.52,5.17%
2024-11-15,Cycle_3,3968.83,7.71,30599.69,10,2.03%,29992.06,29992.06,4.27%
2024-11-15,Cycle_4,3968.83,10.28,40799.58,10,2.03%,39989.41,39989.41,4.27%
2024-11-18,Cycle_1,3950.38,2.5299999999999994,9994.46,0,0.00%,10396.85,9824.54,2.91%
2024-11-18,Cycle_2,3950.38,5.05,19949.42,1,-0.46%,20669.41,19591.52,5.17%
2024-11-18,Cycle_3,3950.38,7.71,30457.43,11,1.55%,29992.06,29992.06,4.71%
2024-11-18,Cycle_4,3950.38,10.28,40609.91,11,1.55%,39989.41,39989.41,4.71%
2024-11-19,Cycle_1,3976.89,2.5299999999999994,10061.53,1,0.67%,10396.85,9824.54,2.91%
2024-11-19,Cycle_2,3976.89,5.05,20083.30,2,0.20%,20669.41,19591.52,5.17%
2024-11-19,Cycle_3,3976.89,7.71,30661.83,12,2.23%,29992.06,29992.06,4.71%
2024-11-19,Cycle_4,3976.89,10.28,40882.44,12,2.23%,39989.41,39989.41,4.71%
2024-11-20,Cycle_1,3985.77,2.5299999999999994,10084.00,2,0.90%,10396.85,9824.54,2.91%
2024-11-20,Cycle_2,3985.77,5.05,20128.15,3,0.43%,20669.41,19591.52,5.17%
2024-11-20,Cycle_3,3985.77,7.71,30730.31,13,2.46%,29992.06,29992.06,4.71%
2024-11-20,Cycle_4,3985.77,10.28,40973.74,13,2.46%,39989.41,39989.41,4.71%
2024-11-21,Cycle_1,3989.30,2.5299999999999994,10092.92,3,0.99%,10396.85,9824.54,2.91%
2024-11-21,Cycle_2,3989.30,5.05,20145.95,4,0.52%,20669.41,19591.52,5.17%
2024-11-21,Cycle_3,3989.30,7.71,30757.49,14,2.55%,29992.06,29992.06,4.71%
2024-11-21,Cycle_4,3989.30,10.28,41009.98,14,2.55%,39989.41,39989.41,4.71%
2024-11-22,Cycle_1,3865.70,2.5899999999999994,10012.16,0,0.00%,10628.79,10056.49,2.91%
2024-11-22,Cycle_2,3865.70,5.05,19521.78,5,-2.60%,20669.41,19591.52,6.10%
2024-11-22,Cycle_3,3865.70,7.71,29804.54,15,-0.63%,29992.06,29992.06,6.75%
2024-11-22,Cycle_4,3865.70,10.28,39739.38,15,-0.63%,39989.41,39989.41,6.75%
2024-11-25,Cycle_1,3848.09,2.5899999999999994,9966.56,1,-0.46%,10628.79,10056.49,2.91%
2024-11-25,Cycle_2,3848.09,5.05,19432.86,6,-3.04%,20669.41,19591.52,6.52%
2024-11-25,Cycle_3,3848.09,7.71,29668.78,16,-1.08%,29992.06,29992.06,7.18%
2024-11-25,Cycle_4,3848.09,10.28,39558.37,16,-1.08%,39989.41,39989.41,7.18%
2024-11-26,Cycle_1,3840.18,2.5899999999999994,9946.08,2,-0.66%,10628.79,10056.49,2.91%
2024-11-26,Cycle_2,3840.18,5.05,19392.93,7,-3.24%,20669.41,19591.52,6.72%
2024-11-26,Cycle_3,3840.18,7.71,29607.82,17,-1.28%,29992.06,29992.06,7.37%
2024-11-26,Cycle_4,3840.18,10.28,39477.10,17,-1.28%,39989.41,39989.41,7.37%
2024-11-27,Cycle_1,3907.04,2.5899999999999994,10119.25,3,1.07%,10628.79,10056.49,2.91%
2024-11-27,Cycle_2,3907.04,5.05,19730.58,8,-1.56%,20669.41,19591.52,6.72%
2024-11-27,Cycle_3,3907.04,7.71,30123.31,18,0.44%,29992.06,29992.06,7.37%
2024-11-27,Cycle_4,3907.04,10.28,40164.42,18,0.44%,39989.41,39989.41,7.37%
2024-11-28,Cycle_1,3872.55,2.5899999999999994,10029.91,4,0.18%,10628.79,10056.49,2.91%
2024-11-28,Cycle_2,3872.55,5.05,19556.38,9,-2.43%,20669.41,19591.52,6.72%
2024-11-28,Cycle_3,3872.55,7.71,29857.36,19,-0.45%,29992.06,29992.06,7.37%
2024-11-28,Cycle_4,3872.55,10.28,39809.82,19,-0.45%,39989.41,39989.41,7.37%
2024-11-29,Cycle_1,3916.58,2.5899999999999994,10143.95,5,1.32%,10628.79,10056.49,2.91%
2024-11-29,Cycle_2,3916.58,5.05,19778.75,10,-1.32%,20669.41,19591.52,6.72%
2024-11-29,Cycle_3,3916.58,7.71,30196.86,20,0.68%,29992.06,29992.06,7.37%
2024-11-29,Cycle_4,3916.58,10.28,40262.48,20,0.68%,39989.41,39989.41,7.37%
2024-12-02,Cycle_1,3947.63,2.5499999999999994,10066.46,0,0.00%,10628.79,9898.58,2.91%
2024-12-02,Cycle_2,3947.63,5.05,19935.54,11,-0.53%,20669.41,19591.52,6.72%
2024-12-02,Cycle_3,3947.63,7.71,30436.24,21,1.48%,29992.06,29992.06,7.37%
2024-12-02,Cycle_4,3947.63,10.28,40581.66,21,1.48%,39989.41,39989.41,7.37%
2024-12-03,Cycle_1,3951.89,2.5499999999999994,10077.32,1,0.11%,10628.79,9898.58,2.91%
2024-12-03,Cycle_2,3951.89,5.05,19957.05,12,-0.43%,20669.41,19591.52,6.72%
2024-12-03,Cycle_3,3951.89,7.71,30469.08,22,1.59%,29992.06,29992.06,7.37%
2024-12-03,Cycle_4,3951.89,10.28,40625.44,22,1.59%,39989.41,39989.41,7.37%
2024-12-04,Cycle_1,3930.56,2.5499999999999994,10022.92,2,-0.43%,10628.79,9898.58,2.91%
2024-12-04,Cycle_2,3930.56,5.05,19849.31,13,-0.96%,20669.41,19591.52,6.72%
2024-12-04,Cycle_3,3930.56,7.71,30304.59,23,1.04%,29992.06,29992.06,7.37%
2024-12-04,Cycle_4,3930.56,10.28,40406.12,23,1.04%,39989.41,39989.41,7.37%
2024-12-05,Cycle_1,3921.59,2.5499999999999994,10000.05,3,-0.66%,10628.79,9898.58,2.91%
2024-12-05,Cycle_2,3921.59,5.05,19804.02,14,-1.19%,20669.41,19591.52,6.72%
2024-12-05,Cycle_3,3921.59,7.71,30235.44,24,0.81%,29992.06,29992.06,7.37%
2024-12-05,Cycle_4,3921.59,10.28,40313.93,24,0.81%,39989.41,39989.41,7.37%
2024-12-06,Cycle_1,3973.14,2.5499999999999994,10131.51,4,0.65%,10628.79,9898.58,2.91%
2024-12-06,Cycle_2,3973.14,5.05,20064.36,15,0.11%,20669.41,19591.52,6.72%
2024-12-06,Cycle_3,3973.14,7.71,30632.91,25,2.14%,29992.06,29992.06,7.37%
2024-12-06,Cycle_4,3973.14,10.28,40843.88,25,2.14%,39989.41,39989.41,7.37%
2024-12-09,Cycle_1,3966.57,2.5499999999999994,10114.76,5,0.48%,10628.79,9898.58,2.91%
2024-12-09,Cycle_2,3966.57,5.05,20031.18,16,-0.06%,20669.41,19591.52,6.72%
2024-12-09,Cycle_3,3966.57,7.71,30582.26,26,1.97%,29992.06,29992.06,7.37%
2024-12-09,Cycle_4,3966.57,10.28,40776.35,26,1.97%,39989.41,39989.41,7.37%
2024-12-10,Cycle_1,3995.64,2.5499999999999994,10188.87,6,1.22%,10628.79,9898.58,2.91%
2024-12-10,Cycle_2,3995.64,5.05,20177.97,17,0.68%,20669.41,19591.52,6.72%
2024-12-10,Cycle_3,3995.64,7.71,30806.36,27,2.72%,29992.06,29992.06,7.37%
2024-12-10,Cycle_4,3995.64,10.28,41075.15,27,2.72%,39989.41,39989.41,7.37%
2024-12-11,Cycle_1,3988.83,2.5499999999999994,10171.52,7,1.04%,10628.79,9898.58,2.91%
2024-12-11,Cycle_2,3988.83,5.05,20143.60,18,0.50%,20669.41,19591.52,6.72%
2024-12-11,Cycle_3,3988.83,7.71,30753.89,28,2.54%,29992.06,29992.06,7.37%
2024-12-11,Cycle_4,3988.83,10.28,41005.18,28,2.54%,39989.41,39989.41,7.37%
2024-12-12,Cycle_1,4028.50,2.4999999999999996,10071.26,0,0.00%,10628.79,9697.16,2.91%
2024-12-12,Cycle_2,4028.50,5.05,20343.95,19,1.50%,20669.41,19591.52,6.72%
2024-12-12,Cycle_3,4028.50,7.71,31059.77,29,3.56%,29992.06,29992.06,7.37%
2024-12-12,Cycle_4,4028.50,10.28,41413.03,29,3.56%,39989.41,39989.41,7.37%
2024-12-13,Cycle_1,3933.18,2.5399999999999996,9990.28,0,0.00%,10786.12,9854.48,2.91%
2024-12-13,Cycle_2,3933.18,5.05,19862.56,20,-0.90%,20669.41,19591.52,6.72%
2024-12-13,Cycle_3,3933.18,7.71,30324.82,30,1.11%,29992.06,29992.06,7.37%
2024-12-13,Cycle_4,3933.18,10.28,40433.10,30,1.11%,39989.41,39989.41,7.37%
2024-12-16,Cycle_1,3911.84,2.5399999999999996,9936.08,1,-0.54%,10786.12,9854.48,2.91%
2024-12-16,Cycle_2,3911.84,5.05,19754.80,21,-1.44%,20669.41,19591.52,6.72%
2024-12-16,Cycle_3,3911.84,7.71,30160.30,31,0.56%,29992.06,29992.06,7.37%
2024-12-16,Cycle_4,3911.84,10.28,40213.73,31,0.56%,39989.41,39989.41,7.37%
2024-12-17,Cycle_1,3922.03,2.5399999999999996,9961.96,2,-0.28%,10786.12,9854.48,2.91%
2024-12-17,Cycle_2,3922.03,5.05,19806.27,22,-1.18%,20669.41,19591.52,6.72%
2024-12-17,Cycle_3,3922.03,7.71,30238.88,32,0.82%,29992.06,29992.06,7.37%
2024-12-17,Cycle_4,3922.03,10.28,40318.50,32,0.82%,39989.41,39989.41,7.37%
2024-12-18,Cycle_1,3941.89,2.5399999999999996,10012.40,3,0.22%,10786.12,9854.48,2.91%
2024-12-18,Cycle_2,3941.89,5.05,19906.54,23,-0.68%,20669.41,19591.52,6.72%
2024-12-18,Cycle_3,3941.89,7.71,30391.97,33,1.33%,29992.06,29992.06,7.37%
2024-12-18,Cycle_4,3941.89,10.28,40522.63,33,1.33%,39989.41,39989.41,7.37%
2024-12-19,Cycle_1,3945.46,2.5399999999999996,10021.48,4,0.31%,10786.12,9854.48,2.91%
2024-12-19,Cycle_2,3945.46,5.05,19924.59,24,-0.59%,20669.41,19591.52,6.72%
2024-12-19,Cycle_3,3945.46,7.71,30419.52,34,1.43%,29992.06,29992.06,7.37%
2024-12-19,Cycle_4,3945.46,10.28,40559.36,34,1.43%,39989.41,39989.41,7.37%
2024-12-20,Cycle_1,3927.74,2.5399999999999996,9976.47,5,-0.14%,10786.12,9854.48,2.91%
2024-12-20,Cycle_2,3927.74,5.05,19835.11,25,-1.04%,20669.41,19591.52,6.72%
2024-12-20,Cycle_3,3927.74,7.71,30282.91,35,0.97%,29992.06,29992.06,7.37%
2024-12-20,Cycle_4,3927.74,10.28,40377.21,35,0.97%,39989.41,39989.41,7.37%
2024-12-23,Cycle_1,3933.57,2.5399999999999996,9991.27,6,0.01%,10786.12,9854.48,2.91%
2024-12-23,Cycle_2,3933.57,5.05,19864.54,26,-0.89%,20669.41,19591.52,6.72%
2024-12-23,Cycle_3,3933.57,7.71,30327.84,36,1.12%,29992.06,29992.06,7.37%
2024-12-23,Cycle_4,3933.57,10.28,40437.12,36,1.12%,39989.41,39989.41,7.37%
2024-12-24,Cycle_1,3983.69,2.5399999999999996,10118.57,7,1.28%,10786.12,9854.48,2.91%
2024-12-24,Cycle_2,3983.69,5.05,20117.63,27,0.37%,20669.41,19591.52,6.72%
2024-12-24,Cycle_3,3983.69,7.71,30714.24,37,2.41%,29992.06,29992.06,7.37%
2024-12-24,Cycle_4,3983.69,10.28,40952.31,37,2.41%,39989.41,39989.41,7.37%
2024-12-25,Cycle_1,3985.63,2.5399999999999996,10123.50,8,1.33%,10786.12,9854.48,2.91%
2024-12-25,Cycle_2,3985.63,5.05,20127.43,28,0.42%,20669.41,19591.52,6.72%
2024-12-25,Cycle_3,3985.63,7.71,30729.20,38,2.46%,29992.06,29992.06,7.37%
2024-12-25,Cycle_4,3985.63,10.28,40972.27,38,2.46%,39989.41,39989.41,7.37%
2024-12-26,Cycle_1,3987.48,2.5399999999999996,10128.20,9,1.38%,10786.12,9854.48,2.91%
2024-12-26,Cycle_2,3987.48,5.05,20136.77,29,0.47%,20669.41,19591.52,6.72%
2024-12-26,Cycle_3,3987.48,7.71,30743.47,39,2.51%,29992.06,29992.06,7.37%
2024-12-26,Cycle_4,3987.48,10.28,40991.30,39,2.51%,39989.41,39989.41,7.37%
2024-12-27,Cycle_1,3981.03,2.5399999999999996,10111.82,10,1.22%,10786.12,9854.48,2.91%
2024-12-27,Cycle_2,3981.03,5.05,20104.21,30,0.31%,20669.41,19591.52,6.72%
2024-12-27,Cycle_3,3981.03,7.71,30693.75,40,2.34%,29992.06,29992.06,7.37%
2024-12-27,Cycle_4,3981.03,10.28,40925.00,40,2.34%,39989.41,39989.41,7.37%
2024-12-30,Cycle_1,3999.05,2.5399999999999996,10157.60,11,1.67%,10786.12,9854.48,2.91%
2024-12-30,Cycle_2,3999.05,5.05,20195.23,31,0.76%,20669.41,19591.52,6.72%
2024-12-30,Cycle_3,3999.05,7.71,30832.71,41,2.80%,29992.06,29992.06,7.37%
2024-12-30,Cycle_4,3999.05,10.28,41110.28,41,2.80%,39989.41,39989.41,7.37%
2024-12-31,Cycle_1,3934.91,2.5399999999999996,9994.67,12,0.04%,10786.12,9854.48,2.91%
2024-12-31,Cycle_2,3934.91,5.05,19871.30,32,-0.85%,20669.41,19591.52,6.72%
2024-12-31,Cycle_3,3934.91,7.71,30338.16,42,1.15%,29992.06,29992.06,7.37%
2024-12-31,Cycle_4,3934.91,10.28,40450.88,42,1.15%,39989.41,39989.41,7.37%
2025-01-02,Cycle_1,3820.40,2.6299999999999994,10047.64,0,0.00%,11129.96,10198.32,2.91%
2025-01-02,Cycle_2,3820.40,5.05,19293.00,33,-3.74%,20669.41,19591.52,7.20%
2025-01-02,Cycle_3,3820.40,7.71,29455.25,43,-1.79%,29992.06,29992.06,7.85%
2025-01-02,Cycle_4,3820.40,10.28,39273.66,43,-1.79%,39989.41,39989.41,7.85%
2025-01-03,Cycle_1,3775.16,2.6299999999999994,9928.68,1,-1.18%,11129.96,10198.32,2.91%
2025-01-03,Cycle_2,3775.16,5.35,20197.13,0,0.00%,21801.96,20724.07,7.20%
2025-01-03,Cycle_3,3775.16,7.71,29106.52,44,-2.95%,29992.06,29992.06,8.94%
2025-01-03,Cycle_4,3775.16,10.28,38808.69,44,-2.95%,39989.41,39989.41,8.94%
2025-01-06,Cycle_1,3768.97,2.6299999999999994,9912.39,2,-1.35%,11129.96,10198.32,2.91%
2025-01-06,Cycle_2,3768.97,5.35,20163.99,1,-0.16%,21801.96,20724.07,7.20%
2025-01-06,Cycle_3,3768.97,7.71,29058.76,45,-3.11%,29992.06,29992.06,9.09%
2025-01-06,Cycle_4,3768.97,10.28,38745.01,45,-3.11%,39989.41,39989.41,9.09%
2025-01-07,Cycle_1,3796.11,2.6299999999999994,9983.76,3,-0.64%,11129.96,10198.32,2.91%
2025-01-07,Cycle_2,3796.11,5.35,20309.16,2,0.55%,21801.96,20724.07,7.20%
2025-01-07,Cycle_3,3796.11,7.71,29267.97,46,-2.41%,29992.06,29992.06,9.09%
2025-01-07,Cycle_4,3796.11,10.28,39023.96,46,-2.41%,39989.41,39989.41,9.09%
2025-01-08,Cycle_1,3789.22,2.6299999999999994,9965.64,4,-0.82%,11129.96,10198.32,2.91%
2025-01-08,Cycle_2,3789.22,5.35,20272.30,3,0.37%,21801.96,20724.07,7.20%
2025-01-08,Cycle_3,3789.22,7.71,29214.85,47,-2.59%,29992.06,29992.06,9.09%
2025-01-08,Cycle_4,3789.22,10.28,38953.13,47,-2.59%,39989.41,39989.41,9.09%
2025-01-09,Cycle_1,3779.88,2.6299999999999994,9941.08,5,-1.06%,11129.96,10198.32,2.91%
2025-01-09,Cycle_2,3779.88,5.35,20222.34,4,0.12%,21801.96,20724.07,7.20%
2025-01-09,Cycle_3,3779.88,7.71,29142.85,48,-2.83%,29992.06,29992.06,9.09%
2025-01-09,Cycle_4,3779.88,10.28,38857.14,48,-2.83%,39989.41,39989.41,9.09%
2025-01-10,Cycle_1,3732.48,2.6799999999999993,10003.05,0,0.00%,11316.58,10384.94,2.91%
2025-01-10,Cycle_2,3732.48,5.35,19968.77,5,-1.13%,21801.96,20724.07,7.20%
2025-01-10,Cycle_3,3732.48,7.71,28777.43,49,-4.05%,29992.06,29992.06,9.97%
2025-01-10,Cycle_4,3732.48,10.28,38369.90,49,-4.05%,39989.41,39989.41,9.97%
2025-01-13,Cycle_1,3722.51,2.6799999999999993,9976.33,1,-0.27%,11316.58,10384.94,2.91%
2025-01-13,Cycle_2,3722.51,5.35,19915.44,6,-1.39%,21801.96,20724.07,7.20%
2025-01-13,Cycle_3,3722.51,7.71,28700.58,50,-4.31%,29992.06,29992.06,10.21%
2025-01-13,Cycle_4,3722.51,10.28,38267.43,50,-4.31%,39989.41,39989.41,10.21%
2025-01-14,Cycle_1,3820.54,2.6299999999999994,10048.02,0,0.00%,11316.58,10193.92,2.91%
2025-01-14,Cycle_2,3820.54,5.35,20439.89,7,1.20%,21801.96,20724.07,7.20%
2025-01-14,Cycle_3,3820.54,7.71,29456.36,51,-1.79%,29992.06,29992.06,10.21%
2025-01-14,Cycle_4,3820.54,10.28,39275.15,51,-1.79%,39989.41,39989.41,10.21%
2025-01-15,Cycle_1,3796.03,2.6299999999999994,9983.55,1,-0.64%,11316.58,10193.92,2.91%
2025-01-15,Cycle_2,3796.03,5.35,20308.74,8,0.55%,21801.96,20724.07,7.20%
2025-01-15,Cycle_3,3796.03,7.71,29267.36,52,-2.42%,29992.06,29992.06,10.21%
2025-01-15,Cycle_4,3796.03,10.28,39023.15,52,-2.42%,39989.41,39989.41,10.21%
2025-01-16,Cycle_1,3800.38,2.6299999999999994,9995.01,2,-0.53%,11316.58,10193.92,2.91%
2025-01-16,Cycle_2,3800.38,5.35,20332.05,9,0.67%,21801.96,20724.07,7.20%
2025-01-16,Cycle_3,3800.38,7.71,29300.96,53,-2.30%,29992.06,29992.06,10.21%
2025-01-16,Cycle_4,3800.38,10.28,39067.94,53,-2.30%,39989.41,39989.41,10.21%
2025-01-17,Cycle_1,3812.34,2.6299999999999994,10026.46,3,-0.21%,11316.58,10193.92,2.91%
2025-01-17,Cycle_2,3812.34,5.35,20396.03,10,0.98%,21801.96,20724.07,7.20%
2025-01-17,Cycle_3,3812.34,7.71,29393.16,54,-2.00%,29992.06,29992.06,10.21%
2025-01-17,Cycle_4,3812.34,10.28,39190.89,54,-2.00%,39989.41,39989.41,10.21%
2025-01-20,Cycle_1,3829.68,2.6299999999999994,10072.05,4,0.24%,11316.58,10193.92,2.91%
2025-01-20,Cycle_2,3829.68,5.35,20488.77,11,1.44%,21801.96,20724.07,7.20%
2025-01-20,Cycle_3,3829.68,7.71,29526.81,55,-1.55%,29992.06,29992.06,10.21%
2025-01-20,Cycle_4,3829.68,10.28,39369.07,55,-1.55%,39989.41,39989.41,10.21%
2025-01-21,Cycle_1,3832.61,2.6299999999999994,10079.78,5,0.32%,11316.58,10193.92,2.91%
2025-01-21,Cycle_2,3832.61,5.35,20504.49,12,1.52%,21801.96,20724.07,7.20%
2025-01-21,Cycle_3,3832.61,7.71,29549.46,56,-1.48%,29992.06,29992.06,10.21%
2025-01-21,Cycle_4,3832.61,10.28,39399.28,56,-1.48%,39989.41,39989.41,10.21%
2025-01-22,Cycle_1,3797.02,2.6299999999999994,9986.15,6,-0.62%,11316.58,10193.92,2.91%
2025-01-22,Cycle_2,3797.02,5.35,20314.04,13,0.58%,21801.96,20724.07,7.20%
2025-01-22,Cycle_3,3797.02,7.71,29275.00,57,-2.39%,29992.06,29992.06,10.21%
2025-01-22,Cycle_4,3797.02,10.28,39033.33,57,-2.39%,39989.41,39989.41,10.21%
2025-01-23,Cycle_1,3803.74,2.6299999999999994,10003.85,7,-0.44%,11316.58,10193.92,2.91%
2025-01-23,Cycle_2,3803.74,5.35,20350.03,14,0.76%,21801.96,20724.07,7.20%
2025-01-23,Cycle_3,3803.74,7.71,29326.87,58,-2.22%,29992.06,29992.06,10.21%
2025-01-23,Cycle_4,3803.74,10.28,39102.49,58,-2.22%,39989.41,39989.41,10.21%
2025-01-24,Cycle_1,3832.86,2.6299999999999994,10080.43,8,0.32%,11316.58,10193.92,2.91%
2025-01-24,Cycle_2,3832.86,5.35,20505.82,15,1.53%,21801.96,20724.07,7.20%
2025-01-24,Cycle_3,3832.86,7.71,29551.38,59,-1.47%,29992.06,29992.06,10.21%
2025-01-24,Cycle_4,3832.86,10.28,39401.84,59,-1.47%,39989.41,39989.41,10.21%
2025-01-27,Cycle_1,3817.08,2.6299999999999994,10038.92,9,-0.09%,11316.58,10193.92,2.91%
2025-01-27,Cycle_2,3817.08,5.35,20421.38,16,1.11%,21801.96,20724.07,7.20%
2025-01-27,Cycle_3,3817.08,7.71,29429.69,60,-1.88%,29992.06,29992.06,10.21%
2025-01-27,Cycle_4,3817.08,10.28,39239.58,60,-1.88%,39989.41,39989.41,10.21%
2025-02-05,Cycle_1,3795.08,2.6299999999999994,9981.07,10,-0.67%,11316.58,10193.92,2.91%
2025-02-05,Cycle_2,3795.08,5.35,20303.70,17,0.53%,21801.96,20724.07,7.20%
2025-02-05,Cycle_3,3795.08,7.71,29260.10,61,-2.44%,29992.06,29992.06,10.21%
2025-02-05,Cycle_4,3795.08,10.28,39013.47,61,-2.44%,39989.41,39989.41,10.21%
2025-02-06,Cycle_1,3842.83,2.6299999999999994,10106.65,11,0.58%,11316.58,10193.92,2.91%
2025-02-06,Cycle_2,3842.83,5.35,20559.15,18,1.79%,21801.96,20724.07,7.20%
2025-02-06,Cycle_3,3842.83,7.71,29628.23,62,-1.21%,29992.06,29992.06,10.21%
2025-02-06,Cycle_4,3842.83,10.28,39504.31,62,-1.21%,39989.41,39989.41,10.21%
2025-02-07,Cycle_1,3892.70,2.6299999999999994,10237.81,12,1.89%,11316.58,10193.92,2.91%
2025-02-07,Cycle_2,3892.70,5.35,20825.96,19,3.11%,21801.96,20724.07,7.20%
2025-02-07,Cycle_3,3892.70,7.71,30012.74,63,0.07%,29992.06,29992.06,10.21%
2025-02-07,Cycle_4,3892.70,10.28,40016.98,63,0.07%,39989.41,39989.41,10.21%
2025-02-10,Cycle_1,3901.06,2.5899999999999994,10103.75,0,0.00%,11316.58,10037.87,2.91%
2025-02-10,Cycle_2,3901.06,5.35,20870.68,20,3.33%,21801.96,20724.07,7.20%
2025-02-10,Cycle_3,3901.06,7.71,30077.19,64,0.28%,29992.06,29992.06,10.21%
2025-02-10,Cycle_4,3901.06,10.28,40102.92,64,0.28%,39989.41,39989.41,10.21%
2025-02-11,Cycle_1,3883.14,2.5899999999999994,10057.32,1,-0.46%,11316.58,10037.87,2.91%
2025-02-11,Cycle_2,3883.14,5.35,20774.77,21,2.86%,21801.96,20724.07,7.20%
2025-02-11,Cycle_3,3883.14,7.71,29938.97,65,-0.18%,29992.06,29992.06,10.21%
2025-02-11,Cycle_4,3883.14,10.28,39918.63,65,-0.18%,39989.41,39989.41,10.21%
2025-02-12,Cycle_1,3919.86,2.5899999999999994,10152.44,2,0.48%,11316.58,10037.87,2.91%
2025-02-12,Cycle_2,3919.86,5.35,20971.26,22,3.83%,21801.96,20724.07,7.20%
2025-02-12,Cycle_3,3919.86,7.71,30222.13,66,0.77%,29992.06,29992.06,10.21%
2025-02-12,Cycle_4,3919.86,10.28,40296.18,66,0.77%,39989.41,39989.41,10.21%
2025-02-13,Cycle_1,3905.14,2.5899999999999994,10114.31,3,0.10%,11316.58,10037.87,2.91%
2025-02-13,Cycle_2,3905.14,5.35,20892.50,23,3.44%,21801.96,20724.07,7.20%
2025-02-13,Cycle_3,3905.14,7.71,30108.63,67,0.39%,29992.06,29992.06,10.21%
2025-02-13,Cycle_4,3905.14,10.28,40144.84,67,0.39%,39989.41,39989.41,10.21%
2025-02-14,Cycle_1,3939.01,2.5899999999999994,10202.03,4,0.97%,11316.58,10037.87,2.91%
2025-02-14,Cycle_2,3939.01,5.159999999999999,20325.28,0,0.00%,21801.96,19975.66,7.20%
2025-02-14,Cycle_3,3939.01,7.71,30369.76,68,1.26%,29992.06,29992.06,10.21%
2025-02-14,Cycle_4,3939.01,10.28,40493.01,68,1.26%,39989.41,39989.41,10.21%
2025-02-17,Cycle_1,3947.40,2.5899999999999994,10223.76,5,1.19%,11316.58,10037.87,2.91%
2025-02-17,Cycle_2,3947.40,5.159999999999999,20368.58,1,0.21%,21801.96,19975.66,7.20%
2025-02-17,Cycle_3,3947.40,7.71,30434.44,69,1.48%,29992.06,29992.06,10.21%
2025-02-17,Cycle_4,3947.40,10.28,40579.25,69,1.48%,39989.41,39989.41,10.21%
2025-02-18,Cycle_1,3912.78,2.5899999999999994,10134.11,6,0.30%,11316.58,10037.87,2.91%
2025-02-18,Cycle_2,3912.78,5.159999999999999,20189.96,2,-0.67%,21801.96,19975.66,7.20%
2025-02-18,Cycle_3,3912.78,7.71,30167.56,70,0.59%,29992.06,29992.06,10.21%
2025-02-18,Cycle_4,3912.78,10.28,40223.41,70,0.59%,39989.41,39989.41,10.21%
2025-02-19,Cycle_1,3940.16,2.5899999999999994,10205.01,7,1.00%,11316.58,10037.87,2.91%
2025-02-19,Cycle_2,3940.16,5.159999999999999,20331.23,3,0.03%,21801.96,19975.66,7.20%
2025-02-19,Cycle_3,3940.16,7.71,30378.64,71,1.29%,29992.06,29992.06,10.21%
2025-02-19,Cycle_4,3940.16,10.28,40504.85,71,1.29%,39989.41,39989.41,10.21%
2025-02-20,Cycle_1,3928.90,2.5899999999999994,10175.84,8,0.71%,11316.58,10037.87,2.91%
2025-02-20,Cycle_2,3928.90,5.159999999999999,20273.10,4,-0.26%,21801.96,19975.66,7.20%
2025-02-20,Cycle_3,3928.90,7.71,30291.79,72,1.00%,29992.06,29992.06,10.21%
2025-02-20,Cycle_4,3928.90,10.28,40389.05,72,1.00%,39989.41,39989.41,10.21%
2025-02-21,Cycle_1,3978.44,2.5899999999999994,10304.17,9,1.98%,11316.58,10037.87,2.91%
2025-02-21,Cycle_2,3978.44,5.159999999999999,20528.77,5,1.00%,21801.96,19975.66,7.20%
2025-02-21,Cycle_3,3978.44,7.71,30673.80,73,2.27%,29992.06,29992.06,10.21%
2025-02-21,Cycle_4,3978.44,10.28,40898.40,73,2.27%,39989.41,39989.41,10.21%
2025-02-24,Cycle_1,3969.72,2.5899999999999994,10281.57,10,1.76%,11316.58,10037.87,2.91%
2025-02-24,Cycle_2,3969.72,5.159999999999999,20483.74,6,0.78%,21801.96,19975.66,7.20%
2025-02-24,Cycle_3,3969.72,7.71,30606.52,74,2.05%,29992.06,29992.06,10.21%
2025-02-24,Cycle_4,3969.72,10.28,40808.69,74,2.05%,39989.41,39989.41,10.21%
2025-02-25,Cycle_1,3925.65,2.5899999999999994,10167.43,11,0.63%,11316.58,10037.87,2.91%
2025-02-25,Cycle_2,3925.65,5.159999999999999,20256.36,7,-0.34%,21801.96,19975.66,7.20%
2025-02-25,Cycle_3,3925.65,7.71,30266.77,75,0.92%,29992.06,29992.06,10.21%
2025-02-25,Cycle_4,3925.65,10.28,40355.69,75,0.92%,39989.41,39989.41,10.21%
2025-02-26,Cycle_1,3959.94,2.5899999999999994,10256.25,12,1.51%,11316.58,10037.87,2.91%
2025-02-26,Cycle_2,3959.94,5.159999999999999,20433.30,8,0.53%,21801.96,19975.66,7.20%
2025-02-26,Cycle_3,3959.94,7.71,30531.15,76,1.80%,29992.06,29992.06,10.21%
2025-02-26,Cycle_4,3959.94,10.28,40708.20,76,1.80%,39989.41,39989.41,10.21%
2025-02-27,Cycle_1,3968.12,2.5899999999999994,10277.42,13,1.72%,11316.58,10037.87,2.91%
2025-02-27,Cycle_2,3968.12,5.159999999999999,20475.48,9,0.74%,21801.96,19975.66,7.20%
2025-02-27,Cycle_3,3968.12,7.71,30594.17,77,2.01%,29992.06,29992.06,10.21%
2025-02-27,Cycle_4,3968.12,10.28,40792.23,77,2.01%,39989.41,39989.41,10.21%
2025-02-28,Cycle_1,3890.05,2.5899999999999994,10075.23,14,-0.28%,11316.58,10037.87,2.91%
2025-02-28,Cycle_2,3890.05,5.159999999999999,20072.65,10,-1.24%,21801.96,19975.66,7.20%
2025-02-28,Cycle_3,3890.05,7.71,29992.28,78,0.00%,29992.06,29992.06,10.21%
2025-02-28,Cycle_4,3890.05,10.28,39989.70,78,0.00%,39989.41,39989.41,10.21%
2025-03-03,Cycle_1,3888.47,2.5899999999999994,10071.15,15,-0.32%,11316.58,10037.87,2.91%
2025-03-03,Cycle_2,3888.47,5.159999999999999,20064.52,11,-1.28%,21801.96,19975.66,7.20%
2025-03-03,Cycle_3,3888.47,7.71,29980.13,79,-0.04%,29992.06,29992.06,10.21%
2025-03-03,Cycle_4,3888.47,10.28,39973.51,79,-0.04%,39989.41,39989.41,10.21%
2025-03-04,Cycle_1,3885.22,2.5899999999999994,10062.72,16,-0.41%,11316.58,10037.87,2.91%
2025-03-04,Cycle_2,3885.22,5.159999999999999,20047.74,12,-1.37%,21801.96,19975.66,7.20%
2025-03-04,Cycle_3,3885.22,7.71,29955.05,80,-0.12%,29992.06,29992.06,10.21%
2025-03-04,Cycle_4,3885.22,10.28,39940.07,80,-0.12%,39989.41,39989.41,10.21%
2025-03-05,Cycle_1,3902.57,2.5899999999999994,10107.66,17,0.04%,11316.58,10037.87,2.91%
2025-03-05,Cycle_2,3902.57,5.159999999999999,20137.26,13,-0.93%,21801.96,19975.66,7.20%
2025-03-05,Cycle_3,3902.57,7.71,30088.82,81,0.32%,29992.06,29992.06,10.21%
2025-03-05,Cycle_4,3902.57,10.28,40118.43,81,0.32%,39989.41,39989.41,10.21%
2025-03-06,Cycle_1,3956.24,2.5899999999999994,10246.65,18,1.41%,11316.58,10037.87,2.91%
2025-03-06,Cycle_2,3956.24,5.159999999999999,20414.18,14,0.44%,21801.96,19975.66,7.20%
2025-03-06,Cycle_3,3956.24,7.71,30502.59,82,1.70%,29992.06,29992.06,10.21%
2025-03-06,Cycle_4,3956.24,10.28,40670.12,82,1.70%,39989.41,39989.41,10.21%
2025-03-07,Cycle_1,3944.01,2.5899999999999994,10215.00,19,1.10%,11316.58,10037.87,2.91%
2025-03-07,Cycle_2,3944.01,5.159999999999999,20351.11,15,0.13%,21801.96,19975.66,7.20%
2025-03-07,Cycle_3,3944.01,7.71,30408.35,83,1.39%,29992.06,29992.06,10.21%
2025-03-07,Cycle_4,3944.01,10.28,40544.47,83,1.39%,39989.41,39989.41,10.21%
2025-03-10,Cycle_1,3928.80,2.5899999999999994,10175.60,20,0.71%,11316.58,10037.87,2.91%
2025-03-10,Cycle_2,3928.80,5.159999999999999,20272.62,16,-0.26%,21801.96,19975.66,7.20%
2025-03-10,Cycle_3,3928.80,7.71,30291.06,84,1.00%,29992.06,29992.06,10.21%
2025-03-10,Cycle_4,3928.80,10.28,40388.08,84,1.00%,39989.41,39989.41,10.21%
2025-03-11,Cycle_1,3941.42,2.5899999999999994,10208.27,21,1.03%,11316.58,10037.87,2.91%
2025-03-11,Cycle_2,3941.42,5.159999999999999,20337.71,17,0.06%,21801.96,19975.66,7.20%
2025-03-11,Cycle_3,3941.42,7.71,30388.32,85,1.32%,29992.06,29992.06,10.21%
2025-03-11,Cycle_4,3941.42,10.28,40517.75,85,1.32%,39989.41,39989.41,10.21%
2025-03-12,Cycle_1,3927.23,2.5899999999999994,10171.53,22,0.67%,11316.58,10037.87,2.91%
2025-03-12,Cycle_2,3927.23,5.159999999999999,20264.51,18,-0.30%,21801.96,19975.66,7.20%
2025-03-12,Cycle_3,3927.23,7.71,30278.95,86,0.96%,29992.06,29992.06,10.21%
2025-03-12,Cycle_4,3927.23,10.28,40371.94,86,0.96%,39989.41,39989.41,10.21%
2025-03-13,Cycle_1,3911.58,2.5899999999999994,10130.99,23,0.27%,11316.58,10037.87,2.91%
2025-03-13,Cycle_2,3911.58,5.159999999999999,20183.75,19,-0.70%,21801.96,19975.66,7.20%
2025-03-13,Cycle_3,3911.58,7.71,30158.28,87,0.55%,29992.06,29992.06,10.21%
2025-03-13,Cycle_4,3911.58,10.28,40211.04,87,0.55%,39989.41,39989.41,10.21%
2025-03-14,Cycle_1,4006.56,2.5299999999999994,10136.59,0,0.00%,11316.58,9797.48,2.91%
2025-03-14,Cycle_2,4006.56,5.159999999999999,20673.83,20,1.71%,21801.96,19975.66,7.20%
2025-03-14,Cycle_3,4006.56,7.71,30890.55,88,3.00%,29992.06,29992.06,10.21%
2025-03-14,Cycle_4,4006.56,10.28,41187.40,88,3.00%,39989.41,39989.41,10.21%
2025-03-17,Cycle_1,3996.79,2.5299999999999994,10111.87,1,-0.24%,11316.58,9797.48,2.91%
2025-03-17,Cycle_2,3996.79,5.159999999999999,20623.42,21,1.47%,21801.96,19975.66,7.20%
2025-03-17,Cycle_3,3996.79,7.71,30815.23,89,2.74%,29992.06,29992.06,10.21%
2025-03-17,Cycle_4,3996.79,10.28,41086.98,89,2.74%,39989.41,39989.41,10.21%
2025-03-18,Cycle_1,4007.72,2.5299999999999994,10139.54,2,0.03%,11316.58,9797.48,2.91%
2025-03-18,Cycle_2,4007.72,5.159999999999999,20679.85,22,1.74%,21801.96,19975.66,7.20%
2025-03-18,Cycle_3,4007.72,7.71,30899.54,90,3.03%,29992.06,29992.06,10.21%
2025-03-18,Cycle_4,4007.72,10.28,41199.39,90,3.03%,39989.41,39989.41,10.21%
2025-03-19,Cycle_1,4010.17,2.5299999999999994,10145.73,3,0.09%,11316.58,9797.48,2.91%
2025-03-19,Cycle_2,4010.17,5.159999999999999,20692.47,23,1.81%,21801.96,19975.66,7.20%
2025-03-19,Cycle_3,4010.17,7.71,30918.40,91,3.09%,29992.06,29992.06,10.21%
2025-03-19,Cycle_4,4010.17,10.28,41224.53,91,3.09%,39989.41,39989.41,10.21%
2025-03-20,Cycle_1,3974.99,2.5299999999999994,10056.73,4,-0.79%,11316.58,9797.48,2.91%
2025-03-20,Cycle_2,3974.99,5.159999999999999,20510.96,24,0.91%,21801.96,19975.66,7.20%
2025-03-20,Cycle_3,3974.99,7.71,30647.19,92,2.18%,29992.06,29992.06,10.21%
2025-03-20,Cycle_4,3974.99,10.28,40862.92,92,2.18%,39989.41,39989.41,10.21%
2025-03-21,Cycle_1,3914.70,2.559999999999999,10021.62,0,0.00%,11434.02,9914.92,2.91%
2025-03-21,Cycle_2,3914.70,5.159999999999999,20199.83,25,-0.62%,21801.96,19975.66,7.20%
2025-03-21,Cycle_3,3914.70,7.71,30182.30,93,0.63%,29992.06,29992.06,10.21%
2025-03-21,Cycle_4,3914.70,10.28,40243.07,93,0.63%,39989.41,39989.41,10.21%
2025-03-24,Cycle_1,3934.85,2.559999999999999,10073.21,1,0.51%,11434.02,9914.92,2.91%
2025-03-24,Cycle_2,3934.85,5.159999999999999,20303.82,26,-0.11%,21801.96,19975.66,7.20%
2025-03-24,Cycle_3,3934.85,7.71,30337.68,94,1.15%,29992.06,29992.06,10.21%
2025-03-24,Cycle_4,3934.85,10.28,40450.24,94,1.15%,39989.41,39989.41,10.21%
2025-03-25,Cycle_1,3932.30,2.559999999999999,10066.68,2,0.45%,11434.02,9914.92,2.91%
2025-03-25,Cycle_2,3932.30,5.159999999999999,20290.64,27,-0.17%,21801.96,19975.66,7.20%
2025-03-25,Cycle_3,3932.30,7.71,30318.00,95,1.09%,29992.06,29992.06,10.21%
2025-03-25,Cycle_4,3932.30,10.28,40423.99,95,1.09%,39989.41,39989.41,10.21%
2025-03-26,Cycle_1,3919.36,2.559999999999999,10033.55,3,0.12%,11434.02,9914.92,2.91%
2025-03-26,Cycle_2,3919.36,5.159999999999999,20223.88,28,-0.50%,21801.96,19975.66,7.20%
2025-03-26,Cycle_3,3919.36,7.71,30218.24,96,0.75%,29992.06,29992.06,10.21%
2025-03-26,Cycle_4,3919.36,10.28,40290.99,96,0.75%,39989.41,39989.41,10.21%
2025-03-27,Cycle_1,3932.41,2.559999999999999,10066.97,4,0.45%,11434.02,9914.92,2.91%
2025-03-27,Cycle_2,3932.41,5.159999999999999,20291.24,29,-0.17%,21801.96,19975.66,7.20%
2025-03-27,Cycle_3,3932.41,7.71,30318.89,97,1.09%,29992.06,29992.06,10.21%
2025-03-27,Cycle_4,3932.41,10.28,40425.19,97,1.09%,39989.41,39989.41,10.21%
2025-03-28,Cycle_1,3915.17,2.559999999999999,10022.83,5,0.01%,11434.02,9914.92,2.91%
2025-03-28,Cycle_2,3915.17,5.159999999999999,20202.26,30,-0.61%,21801.96,19975.66,7.20%
2025-03-28,Cycle_3,3915.17,7.71,30185.93,98,0.65%,29992.06,29992.06,10.21%
2025-03-28,Cycle_4,3915.17,10.28,40247.91,98,0.65%,39989.41,39989.41,10.21%
2025-03-31,Cycle_1,3887.31,2.559999999999999,9951.50,6,-0.70%,11434.02,9914.92,3.42%
2025-03-31,Cycle_2,3887.31,5.159999999999999,20058.50,31,-1.31%,21801.96,19975.66,7.20%
2025-03-31,Cycle_3,3887.31,7.71,29971.13,99,-0.07%,29992.06,29992.06,10.21%
2025-03-31,Cycle_4,3887.31,10.28,39961.50,99,-0.07%,39989.41,39989.41,10.21%
2025-04-01,Cycle_1,3887.68,2.559999999999999,9952.47,7,-0.69%,11434.02,9914.92,3.42%
2025-04-01,Cycle_2,3887.68,5.159999999999999,20060.45,32,-1.30%,21801.96,19975.66,7.20%
2025-04-01,Cycle_3,3887.68,7.71,29974.04,100,-0.06%,29992.06,29992.06,10.21%
2025-04-01,Cycle_4,3887.68,10.28,39965.39,100,-0.06%,39989.41,39989.41,10.21%
2025-04-02,Cycle_1,3884.39,2.559999999999999,9944.03,8,-0.77%,11434.02,9914.92,3.50%
2025-04-02,Cycle_2,3884.39,5.159999999999999,20043.43,33,-1.39%,21801.96,19975.66,7.20%
2025-04-02,Cycle_3,3884.39,7.71,29948.61,101,-0.14%,29992.06,29992.06,10.21%
2025-04-02,Cycle_4,3884.39,10.28,39931.49,101,-0.14%,39989.41,39989.41,10.21%
2025-04-03,Cycle_1,3861.50,2.559999999999999,9885.45,9,-1.36%,11434.02,9914.92,4.06%
2025-04-03,Cycle_2,3861.50,5.159999999999999,19925.36,34,-1.97%,21801.96,19975.66,7.20%
2025-04-03,Cycle_3,3861.50,7.71,29772.19,102,-0.73%,29992.06,29992.06,10.21%
2025-04-03,Cycle_4,3861.50,10.28,39696.25,102,-0.73%,39989.41,39989.41,10.21%
2025-04-07,Cycle_1,3589.44,2.789999999999999,10014.54,0,0.00%,12259.59,10740.49,4.06%
2025-04-07,Cycle_2,3589.44,5.629999999999999,20208.55,0,0.00%,23488.99,21662.70,7.20%
2025-04-07,Cycle_3,3589.44,7.71,27674.59,103,-7.73%,29992.06,29992.06,13.42%
2025-04-07,Cycle_4,3589.44,10.28,36899.45,103,-7.73%,39989.41,39989.41,13.42%
2025-04-08,Cycle_1,3650.76,2.789999999999999,10185.62,1,1.71%,12259.59,10740.49,4.06%
2025-04-08,Cycle_2,3650.76,5.629999999999999,20553.77,1,1.71%,23488.99,21662.70,7.20%
2025-04-08,Cycle_3,3650.76,7.71,28147.35,104,-6.15%,29992.06,29992.06,13.42%
2025-04-08,Cycle_4,3650.76,10.28,37529.80,104,-6.15%,39989.41,39989.41,13.42%
2025-04-09,Cycle_1,3686.79,2.729999999999999,10064.95,0,0.00%,12259.59,10519.28,4.06%
2025-04-09,Cycle_2,3686.79,5.629999999999999,20756.65,2,2.71%,23488.99,21662.70,7.20%
2025-04-09,Cycle_3,3686.79,7.71,28425.18,105,-5.22%,29992.06,29992.06,13.42%
2025-04-09,Cycle_4,3686.79,10.28,37900.25,105,-5.22%,39989.41,39989.41,13.42%
2025-04-10,Cycle_1,3735.12,2.729999999999999,10196.86,1,1.31%,12259.59,10519.28,4.06%
2025-04-10,Cycle_2,3735.12,5.409999999999999,20206.97,0,0.00%,23488.99,20840.97,7.20%
2025-04-10,Cycle_3,3735.12,7.71,28797.74,106,-3.98%,29992.06,29992.06,13.42%
2025-04-10,Cycle_4,3735.12,10.28,38396.98,106,-3.98%,39989.41,39989.41,13.42%
2025-04-11,Cycle_1,3750.52,2.729999999999999,10238.91,2,1.73%,12259.59,10519.28,4.06%
2025-04-11,Cycle_2,3750.52,5.409999999999999,20290.30,1,0.41%,23488.99,20840.97,7.20%
2025-04-11,Cycle_3,3750.52,7.71,28916.48,107,-3.59%,29992.06,29992.06,13.42%
2025-04-11,Cycle_4,3750.52,10.28,38555.31,107,-3.59%,39989.41,39989.41,13.42%
2025-04-14,Cycle_1,3759.14,2.729999999999999,10262.46,3,1.96%,12259.59,10519.28,4.06%
2025-04-14,Cycle_2,3759.14,5.409999999999999,20336.96,2,0.64%,23488.99,20840.97,7.20%
2025-04-14,Cycle_3,3759.14,7.71,28982.99,108,-3.36%,29992.06,29992.06,13.42%
2025-04-14,Cycle_4,3759.14,10.28,38643.98,108,-3.36%,39989.41,39989.41,13.42%
2025-04-15,Cycle_1,3761.23,2.669999999999999,10042.50,0,0.00%,12259.59,10293.61,4.06%
2025-04-15,Cycle_2,3761.23,5.409999999999999,20348.28,3,0.70%,23488.99,20840.97,7.20%
2025-04-15,Cycle_3,3761.23,7.71,28999.12,109,-3.31%,29992.06,29992.06,13.42%
2025-04-15,Cycle_4,3761.23,10.28,38665.49,109,-3.31%,39989.41,39989.41,13.42%
2025-04-16,Cycle_1,3772.82,2.669999999999999,10073.43,1,0.31%,12259.59,10293.61,4.06%
2025-04-16,Cycle_2,3772.82,5.409999999999999,20410.96,4,1.01%,23488.99,20840.97,7.20%
2025-04-16,Cycle_3,3772.82,7.71,29088.45,110,-3.01%,29992.06,29992.06,13.42%
2025-04-16,Cycle_4,3772.82,10.28,38784.59,110,-3.01%,39989.41,39989.41,13.42%
2025-04-17,Cycle_1,3772.22,2.669999999999999,10071.83,2,0.29%,12259.59,10293.61,4.06%
2025-04-17,Cycle_2,3772.22,5.409999999999999,20407.72,5,0.99%,23488.99,20840.97,7.20%
2025-04-17,Cycle_3,3772.22,7.71,29083.83,111,-3.03%,29992.06,29992.06,13.42%
2025-04-17,Cycle_4,3772.22,10.28,38778.44,111,-3.03%,39989.41,39989.41,13.42%
2025-04-18,Cycle_1,3772.52,2.669999999999999,10072.64,3,0.30%,12259.59,10293.61,4.06%
2025-04-18,Cycle_2,3772.52,5.409999999999999,20409.35,6,1.00%,23488.99,20840.97,7.20%
2025-04-18,Cycle_3,3772.52,7.71,29086.15,112,-3.02%,29992.06,29992.06,13.42%
2025-04-18,Cycle_4,3772.52,10.28,38781.54,112,-3.02%,39989.41,39989.41,13.42%
2025-04-21,Cycle_1,3784.88,2.669999999999999,10105.63,4,0.63%,12259.59,10293.61,4.06%
2025-04-21,Cycle_2,3784.88,5.409999999999999,20476.20,7,1.33%,23488.99,20840.97,7.20%
2025-04-21,Cycle_3,3784.88,7.71,29181.43,113,-2.70%,29992.06,29992.06,13.42%
2025-04-21,Cycle_4,3784.88,10.28,38908.57,113,-2.70%,39989.41,39989.41,13.42%
2025-04-22,Cycle_1,3783.95,2.669999999999999,10103.15,5,0.60%,12259.59,10293.61,4.06%
2025-04-22,Cycle_2,3783.95,5.409999999999999,20471.18,8,1.31%,23488.99,20840.97,7.20%
2025-04-22,Cycle_3,3783.95,7.71,29174.27,114,-2.73%,29992.06,29992.06,13.42%
2025-04-22,Cycle_4,3783.95,10.28,38899.03,114,-2.73%,39989.41,39989.41,13.42%
2025-04-23,Cycle_1,3786.88,2.669999999999999,10110.98,6,0.68%,12259.59,10293.61,4.06%
2025-04-23,Cycle_2,3786.88,5.409999999999999,20487.03,9,1.39%,23488.99,20840.97,7.20%
2025-04-23,Cycle_3,3786.88,7.71,29196.86,115,-2.65%,29992.06,29992.06,13.42%
2025-04-23,Cycle_4,3786.88,10.28,38929.15,115,-2.65%,39989.41,39989.41,13.42%
2025-04-24,Cycle_1,3784.36,2.669999999999999,10104.23,7,0.61%,12259.59,10293.61,4.06%
2025-04-24,Cycle_2,3784.36,5.409999999999999,20473.37,10,1.32%,23488.99,20840.97,7.20%
2025-04-24,Cycle_3,3784.36,7.71,29177.40,116,-2.72%,29992.06,29992.06,13.42%
2025-04-24,Cycle_4,3784.36,10.28,38903.19,116,-2.72%,39989.41,39989.41,13.42%
2025-04-25,Cycle_1,3786.99,2.669999999999999,10111.27,8,0.68%,12259.59,10293.61,4.06%
2025-04-25,Cycle_2,3786.99,5.409999999999999,20487.64,11,1.39%,23488.99,20840.97,7.20%
2025-04-25,Cycle_3,3786.99,7.71,29197.72,117,-2.65%,29992.06,29992.06,13.42%
2025-04-25,Cycle_4,3786.99,10.28,38930.30,117,-2.65%,39989.41,39989.41,13.42%
2025-04-28,Cycle_1,3781.62,2.669999999999999,10096.92,9,0.54%,12259.59,10293.61,4.06%
2025-04-28,Cycle_2,3781.62,5.409999999999999,20458.56,12,1.25%,23488.99,20840.97,7.20%
2025-04-28,Cycle_3,3781.62,7.71,29156.28,118,-2.79%,29992.06,29992.06,13.42%
2025-04-28,Cycle_4,3781.62,10.28,38875.04,118,-2.79%,39989.41,39989.41,13.42%
2025-04-29,Cycle_1,3775.08,2.669999999999999,10079.45,10,0.37%,12259.59,10293.61,4.06%
2025-04-29,Cycle_2,3775.08,5.409999999999999,20423.16,13,1.07%,23488.99,20840.97,7.20%
2025-04-29,Cycle_3,3775.08,7.71,29105.84,119,-2.95%,29992.06,29992.06,13.42%
2025-04-29,Cycle_4,3775.08,10.28,38807.79,119,-2.95%,39989.41,39989.41,13.42%
2025-04-30,Cycle_1,3770.57,2.669999999999999,10067.42,11,0.25%,12259.59,10293.61,4.06%
2025-04-30,Cycle_2,3770.57,5.409999999999999,20398.79,14,0.95%,23488.99,20840.97,7.20%
2025-04-30,Cycle_3,3770.57,7.71,29071.10,120,-3.07%,29992.06,29992.06,13.42%
2025-04-30,Cycle_4,3770.57,10.28,38761.46,120,-3.07%,39989.41,39989.41,13.42%
2025-05-06,Cycle_1,3808.54,2.669999999999999,10168.81,12,1.26%,12259.59,10293.61,4.06%
2025-05-06,Cycle_2,3808.54,5.409999999999999,20604.21,15,1.97%,23488.99,20840.97,7.20%
2025-05-06,Cycle_3,3808.54,7.71,29363.86,121,-2.09%,29992.06,29992.06,13.42%
2025-05-06,Cycle_4,3808.54,10.28,39151.82,121,-2.09%,39989.41,39989.41,13.42%
2025-05-07,Cycle_1,3831.63,2.669999999999999,10230.44,13,1.87%,12259.59,10293.61,4.06%
2025-05-07,Cycle_2,3831.63,5.409999999999999,20729.10,16,2.58%,23488.99,20840.97,7.20%
2025-05-07,Cycle_3,3831.63,7.71,29541.84,122,-1.50%,29992.06,29992.06,13.42%
2025-05-07,Cycle_4,3831.63,10.28,39389.13,122,-1.50%,39989.41,39989.41,13.42%
2025-05-08,Cycle_1,3852.90,2.619999999999999,10094.59,0,0.00%,12259.59,10100.97,4.06%
2025-05-08,Cycle_2,3852.90,5.409999999999999,20844.17,17,3.15%,23488.99,20840.97,7.20%
2025-05-08,Cycle_3,3852.90,7.71,29705.83,123,-0.95%,29992.06,29992.06,13.42%
2025-05-08,Cycle_4,3852.90,10.28,39607.77,123,-0.95%,39989.41,39989.41,13.42%
2025-05-09,Cycle_1,3846.16,2.619999999999999,10076.93,1,-0.17%,12259.59,10100.97,4.06%
2025-05-09,Cycle_2,3846.16,5.409999999999999,20807.71,18,2.97%,23488.99,20840.97,7.20%
2025-05-09,Cycle_3,3846.16,7.71,29653.87,124,-1.13%,29992.06,29992.06,13.42%
2025-05-09,Cycle_4,3846.16,10.28,39538.49,124,-1.13%,39989.41,39989.41,13.42%
2025-05-12,Cycle_1,3890.61,2.619999999999999,10193.40,2,0.98%,12259.59,10100.97,4.06%
2025-05-12,Cycle_2,3890.61,5.219999999999999,20308.98,0,0.00%,23488.99,20101.76,7.20%
2025-05-12,Cycle_3,3890.61,7.71,29996.60,125,0.02%,29992.06,29992.06,13.42%
2025-05-12,Cycle_4,3890.61,10.28,39995.47,125,0.02%,39989.41,39989.41,13.42%
2025-05-13,Cycle_1,3896.26,2.619999999999999,10208.20,3,1.13%,12259.59,10100.97,4.06%
2025-05-13,Cycle_2,3896.26,5.219999999999999,20338.47,1,0.15%,23488.99,20101.76,7.20%
2025-05-13,Cycle_3,3896.26,7.71,30040.15,126,0.16%,29992.06,29992.06,13.42%
2025-05-13,Cycle_4,3896.26,10.28,40053.54,126,0.16%,39989.41,39989.41,13.42%
2025-05-14,Cycle_1,3943.21,2.5499999999999994,10055.19,0,0.00%,12259.59,9824.94,4.06%
2025-05-14,Cycle_2,3943.21,5.219999999999999,20583.56,2,1.35%,23488.99,20101.76,7.20%
2025-05-14,Cycle_3,3943.21,7.71,30402.16,127,1.37%,29992.06,29992.06,13.42%
2025-05-14,Cycle_4,3943.21,10.28,40536.21,127,1.37%,39989.41,39989.41,13.42%
2025-05-15,Cycle_1,3907.20,2.5499999999999994,9963.36,1,-0.91%,12259.59,9824.94,4.06%
2025-05-15,Cycle_2,3907.20,5.219999999999999,20395.58,3,0.43%,23488.99,20101.76,7.20%
2025-05-15,Cycle_3,3907.20,7.71,30124.51,128,0.44%,29992.06,29992.06,13.42%
2025-05-15,Cycle_4,3907.20,10.28,40166.01,128,0.44%,39989.41,39989.41,13.42%
2025-05-16,Cycle_1,3889.09,2.5499999999999994,9917.17,2,-1.37%,12259.59,9824.94,4.06%
2025-05-16,Cycle_2,3889.09,5.219999999999999,20301.03,4,-0.04%,23488.99,20101.76,7.20%
2025-05-16,Cycle_3,3889.09,7.71,29984.85,129,-0.02%,29992.06,29992.06,13.42%
2025-05-16,Cycle_4,3889.09,10.28,39979.80,129,-0.02%,39989.41,39989.41,13.42%
2025-05-19,Cycle_1,3877.15,2.5499999999999994,9886.72,3,-1.68%,12259.59,9824.94,4.06%
2025-05-19,Cycle_2,3877.15,5.219999999999999,20238.70,5,-0.35%,23488.99,20101.76,7.20%
2025-05-19,Cycle_3,3877.15,7.71,29892.79,130,-0.33%,29992.06,29992.06,13.42%
2025-05-19,Cycle_4,3877.15,10.28,39857.05,130,-0.33%,39989.41,39989.41,13.42%
2025-05-20,Cycle_1,3898.17,2.5499999999999994,9940.33,4,-1.14%,12259.59,9824.94,4.06%
2025-05-20,Cycle_2,3898.17,5.219999999999999,20348.45,6,0.19%,23488.99,20101.76,7.20%
2025-05-20,Cycle_3,3898.17,7.71,30054.89,131,0.21%,29992.06,29992.06,13.42%
2025-05-20,Cycle_4,3898.17,10.28,40073.19,131,0.21%,39989.41,39989.41,13.42%
2025-05-21,Cycle_1,3916.38,2.5499999999999994,9986.77,5,-0.68%,12259.59,9824.94,4.06%
2025-05-21,Cycle_2,3916.38,5.219999999999999,20443.51,7,0.66%,23488.99,20101.76,7.20%
2025-05-21,Cycle_3,3916.38,7.71,30195.30,132,0.68%,29992.06,29992.06,13.42%
2025-05-21,Cycle_4,3916.38,10.28,40260.39,132,0.68%,39989.41,39989.41,13.42%
2025-05-22,Cycle_1,3913.87,2.5499999999999994,9980.36,6,-0.74%,12259.59,9824.94,4.06%
2025-05-22,Cycle_2,3913.87,5.219999999999999,20430.38,8,0.60%,23488.99,20101.76,7.20%
2025-05-22,Cycle_3,3913.87,7.71,30175.90,133,0.61%,29992.06,29992.06,13.42%
2025-05-22,Cycle_4,3913.87,10.28,40234.53,133,0.61%,39989.41,39989.41,13.42%
2025-05-23,Cycle_1,3882.27,2.5499999999999994,9899.80,7,-1.55%,12259.59,9824.94,4.06%
2025-05-23,Cycle_2,3882.27,5.219999999999999,20265.47,9,-0.21%,23488.99,20101.76,7.20%
2025-05-23,Cycle_3,3882.27,7.71,29932.33,134,-0.20%,29992.06,29992.06,13.42%
2025-05-23,Cycle_4,3882.27,10.28,39909.78,134,-0.20%,39989.41,39989.41,13.42%
2025-05-26,Cycle_1,3860.11,2.599999999999999,10036.28,0,0.00%,12452.60,10017.95,4.06%
2025-05-26,Cycle_2,3860.11,5.219999999999999,20149.76,10,-0.78%,23488.99,20101.76,7.20%
2025-05-26,Cycle_3,3860.11,7.71,29761.42,135,-0.77%,29992.06,29992.06,13.42%
2025-05-26,Cycle_4,3860.11,10.28,39681.90,135,-0.77%,39989.41,39989.41,13.42%
2025-05-27,Cycle_1,3839.40,2.599999999999999,9982.43,1,-0.54%,12452.60,10017.95,4.06%
2025-05-27,Cycle_2,3839.40,5.219999999999999,20041.65,11,-1.32%,23488.99,20101.76,7.20%
2025-05-27,Cycle_3,3839.40,7.71,29601.75,136,-1.30%,29992.06,29992.06,13.42%
2025-05-27,Cycle_4,3839.40,10.28,39469.00,136,-1.30%,39989.41,39989.41,13.42%
2025-05-28,Cycle_1,3836.24,2.599999999999999,9974.22,2,-0.62%,12452.60,10017.95,4.06%
2025-05-28,Cycle_2,3836.24,5.219999999999999,20025.16,12,-1.40%,23488.99,20101.76,7.20%
2025-05-28,Cycle_3,3836.24,7.71,29577.38,137,-1.38%,29992.06,29992.06,13.42%
2025-05-28,Cycle_4,3836.24,10.28,39436.51,137,-1.38%,39989.41,39989.41,13.42%
2025-05-29,Cycle_1,3858.70,2.599999999999999,10032.62,3,-0.04%,12452.60,10017.95,4.06%
2025-05-29,Cycle_2,3858.70,5.219999999999999,20142.41,13,-0.82%,23488.99,20101.76,7.20%
2025-05-29,Cycle_3,3858.70,7.71,29750.58,138,-0.81%,29992.06,29992.06,13.42%
2025-05-29,Cycle_4,3858.70,10.28,39667.43,138,-0.81%,39989.41,39989.41,13.42%
2025-05-30,Cycle_1,3840.23,2.599999999999999,9984.60,4,-0.51%,12452.60,10017.95,4.06%
2025-05-30,Cycle_2,3840.23,5.219999999999999,20046.01,14,-1.29%,23488.99,20101.76,7.20%
2025-05-30,Cycle_3,3840.23,7.71,29608.19,139,-1.28%,29992.06,29992.06,13.42%
2025-05-30,Cycle_4,3840.23,10.28,39477.59,139,-1.28%,39989.41,39989.41,13.42%
2025-06-03,Cycle_1,3852.01,2.599999999999999,10015.23,5,-0.21%,12452.60,10017.95,4.06%
2025-06-03,Cycle_2,3852.01,5.219999999999999,20107.51,15,-0.99%,23488.99,20101.76,7.20%
2025-06-03,Cycle_3,3852.01,7.71,29699.02,140,-0.98%,29992.06,29992.06,13.42%
2025-06-03,Cycle_4,3852.01,10.28,39598.69,140,-0.98%,39989.41,39989.41,13.42%
2025-06-04,Cycle_1,3868.74,2.599999999999999,10058.73,6,0.22%,12452.60,10017.95,4.06%
2025-06-04,Cycle_2,3868.74,5.219999999999999,20194.84,16,-0.56%,23488.99,20101.76,7.20%
2025-06-04,Cycle_3,3868.74,7.71,29828.01,141,-0.55%,29992.06,29992.06,13.42%
2025-06-04,Cycle_4,3868.74,10.28,39770.68,141,-0.55%,39989.41,39989.41,13.42%
2025-06-05,Cycle_1,3877.56,2.599999999999999,10081.64,7,0.45%,12452.60,10017.95,4.06%
2025-06-05,Cycle_2,3877.56,5.219999999999999,20240.84,17,-0.34%,23488.99,20101.76,7.20%
2025-06-05,Cycle_3,3877.56,7.71,29895.95,142,-0.32%,29992.06,29992.06,13.42%
2025-06-05,Cycle_4,3877.56,10.28,39861.27,142,-0.32%,39989.41,39989.41,13.42%
2025-06-06,Cycle_1,3873.98,2.599999999999999,10072.36,8,0.36%,12452.60,10017.95,4.06%
2025-06-06,Cycle_2,3873.98,5.219999999999999,20222.20,18,-0.43%,23488.99,20101.76,7.20%
2025-06-06,Cycle_3,3873.98,7.71,29868.42,143,-0.41%,29992.06,29992.06,13.42%
2025-06-06,Cycle_4,3873.98,10.28,39824.56,143,-0.41%,39989.41,39989.41,13.42%
2025-06-09,Cycle_1,3885.25,2.599999999999999,10101.64,9,0.65%,12452.60,10017.95,4.06%
2025-06-09,Cycle_2,3885.25,5.219999999999999,20280.98,19,-0.14%,23488.99,20101.76,7.20%
2025-06-09,Cycle_3,3885.25,7.71,29955.25,144,-0.12%,29992.06,29992.06,13.42%
2025-06-09,Cycle_4,3885.25,10.28,39940.33,144,-0.12%,39989.41,39989.41,13.42%
2025-06-10,Cycle_1,3865.47,2.599999999999999,10050.21,10,0.14%,12452.60,10017.95,4.06%
2025-06-10,Cycle_2,3865.47,5.219999999999999,20177.73,20,-0.65%,23488.99,20101.76,7.20%
2025-06-10,Cycle_3,3865.47,7.71,29802.74,145,-0.63%,29992.06,29992.06,13.42%
2025-06-10,Cycle_4,3865.47,10.28,39736.98,145,-0.63%,39989.41,39989.41,13.42%
2025-06-11,Cycle_1,3894.63,2.599999999999999,10126.03,11,0.89%,12452.60,10017.95,4.06%
2025-06-11,Cycle_2,3894.63,5.219999999999999,20329.94,21,0.10%,23488.99,20101.76,7.20%
2025-06-11,Cycle_3,3894.63,7.71,30027.56,146,0.12%,29992.06,29992.06,13.42%
2025-06-11,Cycle_4,3894.63,10.28,40036.75,146,0.12%,39989.41,39989.41,13.42%
2025-06-12,Cycle_1,3892.20,2.599999999999999,10119.72,12,0.83%,12452.60,10017.95,4.06%
2025-06-12,Cycle_2,3892.20,5.219999999999999,20317.28,22,0.04%,23488.99,20101.76,7.20%
2025-06-12,Cycle_3,3892.20,7.71,30008.86,147,0.06%,29992.06,29992.06,13.42%
2025-06-12,Cycle_4,3892.20,10.28,40011.81,147,0.06%,39989.41,39989.41,13.42%
2025-06-13,Cycle_1,3864.18,2.599999999999999,10046.87,13,0.11%,12452.60,10017.95,4.06%
2025-06-13,Cycle_2,3864.18,5.219999999999999,20171.03,23,-0.68%,23488.99,20101.76,7.20%
2025-06-13,Cycle_3,3864.18,7.71,29792.84,148,-0.66%,29992.06,29992.06,13.42%
2025-06-13,Cycle_4,3864.18,10.28,39723.79,148,-0.66%,39989.41,39989.41,13.42%
2025-06-16,Cycle_1,3873.80,2.599999999999999,10071.87,14,0.35%,12452.60,10017.95,4.06%
2025-06-16,Cycle_2,3873.80,5.219999999999999,20221.21,24,-0.43%,23488.99,20101.76,7.20%
2025-06-16,Cycle_3,3873.80,7.71,29866.96,149,-0.42%,29992.06,29992.06,13.42%
2025-06-16,Cycle_4,3873.80,10.28,39822.61,149,-0.42%,39989.41,39989.41,13.42%
2025-06-17,Cycle_1,3870.38,2.599999999999999,10062.98,15,0.27%,12452.60,10017.95,4.06%
2025-06-17,Cycle_2,3870.38,5.219999999999999,20203.38,25,-0.52%,23488.99,20101.76,7.20%
2025-06-17,Cycle_3,3870.38,7.71,29840.62,150,-0.50%,29992.06,29992.06,13.42%
2025-06-17,Cycle_4,3870.38,10.28,39787.49,150,-0.50%,39989.41,39989.41,13.42%
2025-06-18,Cycle_1,3874.97,2.599999999999999,10074.92,16,0.39%,12452.60,10017.95,4.06%
2025-06-18,Cycle_2,3874.97,5.219999999999999,20227.35,26,-0.40%,23488.99,20101.76,7.20%
2025-06-18,Cycle_3,3874.97,7.71,29876.02,151,-0.39%,29992.06,29992.06,13.42%
2025-06-18,Cycle_4,3874.97,10.28,39834.70,151,-0.39%,39989.41,39989.41,13.42%
2025-06-19,Cycle_1,3843.09,2.599999999999999,9992.04,17,-0.44%,12452.60,10017.95,4.06%
2025-06-19,Cycle_2,3843.09,5.219999999999999,20060.94,27,-1.22%,23488.99,20101.76,7.20%
2025-06-19,Cycle_3,3843.09,7.71,29630.23,152,-1.21%,29992.06,29992.06,13.42%
2025-06-19,Cycle_4,3843.09,10.28,39506.98,152,-1.21%,39989.41,39989.41,13.42%
2025-06-20,Cycle_1,3846.64,2.599999999999999,10001.28,18,-0.35%,12452.60,10017.95,4.06%
2025-06-20,Cycle_2,3846.64,5.219999999999999,20079.48,28,-1.13%,23488.99,20101.76,7.20%
2025-06-20,Cycle_3,3846.64,7.71,29657.63,153,-1.12%,29992.06,29992.06,13.42%
2025-06-20,Cycle_4,3846.64,10.28,39543.50,153,-1.12%,39989.41,39989.41,13.42%
2025-06-23,Cycle_1,3857.90,2.599999999999999,10030.54,19,-0.06%,12452.60,10017.95,4.06%
2025-06-23,Cycle_2,3857.90,5.219999999999999,20138.25,29,-0.84%,23488.99,20101.76,7.20%
2025-06-23,Cycle_3,3857.90,7.71,29744.42,154,-0.83%,29992.06,29992.06,13.42%
2025-06-23,Cycle_4,3857.90,10.28,39659.23,154,-0.83%,39989.41,39989.41,13.42%
2025-06-24,Cycle_1,3904.03,2.599999999999999,10150.49,20,1.14%,12452.60,10017.95,4.06%
2025-06-24,Cycle_2,3904.03,5.219999999999999,20379.06,30,0.35%,23488.99,20101.76,7.20%
2025-06-24,Cycle_3,3904.03,7.71,30100.10,155,0.36%,29992.06,29992.06,13.42%
2025-06-24,Cycle_4,3904.03,10.28,40133.47,155,0.36%,39989.41,39989.41,13.42%
2025-06-25,Cycle_1,3960.07,2.5499999999999994,10098.17,0,0.00%,12452.60,9819.94,4.06%
2025-06-25,Cycle_2,3960.07,5.219999999999999,20671.55,31,1.79%,23488.99,20101.76,7.20%
2025-06-25,Cycle_3,3960.07,7.71,30532.11,156,1.80%,29992.06,29992.06,13.42%
2025-06-25,Cycle_4,3960.07,10.28,40709.48,156,1.80%,39989.41,39989.41,13.42%
2025-06-26,Cycle_1,3946.02,2.5499999999999994,10062.35,1,-0.35%,12452.60,9819.94,4.06%
2025-06-26,Cycle_2,3946.02,5.219999999999999,20598.22,32,1.42%,23488.99,20101.76,7.20%
2025-06-26,Cycle_3,3946.02,7.71,30423.81,157,1.44%,29992.06,29992.06,13.42%
2025-06-26,Cycle_4,3946.02,10.28,40565.08,157,1.44%,39989.41,39989.41,13.42%
2025-06-27,Cycle_1,3921.76,2.5499999999999994,10000.48,2,-0.97%,12452.60,9819.94,4.06%
2025-06-27,Cycle_2,3921.76,5.219999999999999,20471.58,33,0.80%,23488.99,20101.76,7.20%
2025-06-27,Cycle_3,3921.76,7.71,30236.75,158,0.82%,29992.06,29992.06,13.42%
2025-06-27,Cycle_4,3921.76,10.28,40315.67,158,0.82%,39989.41,39989.41,13.42%
2025-06-30,Cycle_1,3936.08,2.5499999999999994,10037.00,3,-0.61%,12452.60,9819.94,4.06%
2025-06-30,Cycle_2,3936.08,5.219999999999999,20546.33,34,1.17%,23488.99,20101.76,7.20%
2025-06-30,Cycle_3,3936.08,7.71,30347.17,159,1.18%,29992.06,29992.06,13.42%
2025-06-30,Cycle_4,3936.08,10.28,40462.89,159,1.18%,39989.41,39989.41,13.42%
2025-07-01,Cycle_1,3942.76,2.5499999999999994,10054.04,4,-0.44%,12452.60,9819.94,4.06%
2025-07-01,Cycle_2,3942.76,5.219999999999999,20581.22,35,1.34%,23488.99,20101.76,7.20%
2025-07-01,Cycle_3,3942.76,7.71,30398.70,160,1.36%,29992.06,29992.06,13.42%
2025-07-01,Cycle_4,3942.76,10.28,40531.59,160,1.36%,39989.41,39989.41,13.42%
2025-07-02,Cycle_1,3943.68,2.5499999999999994,10056.40,5,-0.41%,12452.60,9819.94,4.06%
2025-07-02,Cycle_2,3943.68,5.219999999999999,20586.04,36,1.36%,23488.99,20101.76,7.20%
2025-07-02,Cycle_3,3943.68,7.71,30405.81,161,1.38%,29992.06,29992.06,13.42%
2025-07-02,Cycle_4,3943.68,10.28,40541.08,161,1.38%,39989.41,39989.41,13.42%
2025-07-03,Cycle_1,3968.07,2.5499999999999994,10118.57,6,0.20%,12452.60,9819.94,4.06%
2025-07-03,Cycle_2,3968.07,5.219999999999999,20713.31,37,1.99%,23488.99,20101.76,7.20%
2025-07-03,Cycle_3,3968.07,7.71,30593.80,162,2.01%,29992.06,29992.06,13.42%
2025-07-03,Cycle_4,3968.07,10.28,40791.73,162,2.01%,39989.41,39989.41,13.42%
2025-07-04,Cycle_1,3982.20,2.5499999999999994,10154.62,7,0.56%,12452.60,9819.94,4.06%
2025-07-04,Cycle_2,3982.20,5.219999999999999,20787.10,38,2.35%,23488.99,20101.76,7.20%
2025-07-04,Cycle_3,3982.20,7.71,30702.79,163,2.37%,29992.06,29992.06,13.42%
2025-07-04,Cycle_4,3982.20,10.28,40937.05,163,2.37%,39989.41,39989.41,13.42%
2025-07-07,Cycle_1,3965.17,2.5499999999999994,10111.20,8,0.13%,12452.60,9819.94,4.06%
2025-07-07,Cycle_2,3965.17,5.219999999999999,20698.21,39,1.92%,23488.99,20101.76,7.20%
2025-07-07,Cycle_3,3965.17,7.71,30571.50,164,1.93%,29992.06,29992.06,13.42%
2025-07-07,Cycle_4,3965.17,10.28,40761.99,164,1.93%,39989.41,39989.41,13.42%
2025-07-08,Cycle_1,3998.45,2.5499999999999994,10196.05,9,0.97%,12452.60,9819.94,4.06%
2025-07-08,Cycle_2,3998.45,5.219999999999999,20871.92,40,2.77%,23488.99,20101.76,7.20%
2025-07-08,Cycle_3,3998.45,7.71,30828.07,165,2.79%,29992.06,29992.06,13.42%
2025-07-08,Cycle_4,3998.45,10.28,41104.09,165,2.79%,39989.41,39989.41,13.42%
2025-07-09,Cycle_1,3991.40,2.5499999999999994,10178.07,10,0.79%,12452.60,9819.94,4.06%
2025-07-09,Cycle_2,3991.40,5.219999999999999,20835.11,41,2.59%,23488.99,20101.76,7.20%
2025-07-09,Cycle_3,3991.40,7.71,30773.70,166,2.61%,29992.06,29992.06,13.42%
2025-07-09,Cycle_4,3991.40,10.28,41031.60,166,2.61%,39989.41,39989.41,13.42%
2025-07-10,Cycle_1,4010.02,2.5499999999999994,10225.56,11,1.26%,12452.60,9819.94,4.06%
2025-07-10,Cycle_2,4010.02,5.219999999999999,20932.33,42,3.07%,23488.99,20101.76,7.20%
2025-07-10,Cycle_3,4010.02,7.71,30917.29,167,3.08%,29992.06,29992.06,13.42%
2025-07-10,Cycle_4,4010.02,10.28,41223.05,167,3.08%,39989.41,39989.41,13.42%
2025-07-11,Cycle_1,4014.81,2.5499999999999994,10237.76,12,1.38%,12452.60,9819.94,4.06%
2025-07-11,Cycle_2,4014.81,5.219999999999999,20957.29,43,3.19%,23488.99,20101.76,7.20%
2025-07-11,Cycle_3,4014.81,7.71,30954.16,168,3.21%,29992.06,29992.06,13.42%
2025-07-11,Cycle_4,4014.81,10.28,41272.22,168,3.21%,39989.41,39989.41,13.42%
2025-07-14,Cycle_1,4017.67,2.5499999999999994,10245.05,13,1.45%,12452.60,9819.94,4.06%
2025-07-14,Cycle_2,4017.67,5.219999999999999,20972.23,44,3.27%,23488.99,20101.76,7.20%
2025-07-14,Cycle_3,4017.67,7.71,30976.22,169,3.28%,29992.06,29992.06,13.42%
2025-07-14,Cycle_4,4017.67,10.28,41301.62,169,3.28%,39989.41,39989.41,13.42%
2025-07-15,Cycle_1,4019.06,2.5499999999999994,10248.61,14,1.49%,12452.60,9819.94,4.06%
2025-07-15,Cycle_2,4019.06,5.219999999999999,20979.52,45,3.30%,23488.99,20101.76,7.20%
2025-07-15,Cycle_3,4019.06,7.71,30986.99,170,3.32%,29992.06,29992.06,13.42%
2025-07-15,Cycle_4,4019.06,10.28,41315.98,170,3.32%,39989.41,39989.41,13.42%
2025-07-16,Cycle_1,4007.20,2.5499999999999994,10218.36,15,1.19%,12452.60,9819.94,4.06%
2025-07-16,Cycle_2,4007.20,5.219999999999999,20917.59,46,3.00%,23488.99,20101.76,7.20%
2025-07-16,Cycle_3,4007.20,7.71,30895.53,171,3.01%,29992.06,29992.06,13.42%
2025-07-16,Cycle_4,4007.20,10.28,41194.04,171,3.01%,39989.41,39989.41,13.42%
2025-07-17,Cycle_1,4034.49,2.5499999999999994,10287.95,16,1.88%,12452.60,9819.94,4.06%
2025-07-17,Cycle_2,4034.49,5.219999999999999,21060.04,47,3.70%,23488.99,20101.76,7.20%
2025-07-17,Cycle_3,4034.49,7.71,31105.93,172,3.71%,29992.06,29992.06,13.42%
2025-07-17,Cycle_4,4034.49,10.28,41474.57,172,3.71%,39989.41,39989.41,13.42%
2025-07-18,Cycle_1,4058.55,2.4899999999999993,10105.79,0,0.00%,12452.60,9576.43,4.06%
2025-07-18,Cycle_2,4058.55,5.039999999999999,20455.08,0,0.00%,23488.99,19371.22,7.20%
2025-07-18,Cycle_3,4058.55,7.71,31291.41,173,4.33%,29992.06,29992.06,13.42%
2025-07-18,Cycle_4,4058.55,10.28,41721.88,173,4.33%,39989.41,39989.41,13.42%
2025-07-21,Cycle_1,4085.61,2.4899999999999993,10173.16,1,0.67%,12452.60,9576.43,4.06%
2025-07-21,Cycle_2,4085.61,5.039999999999999,20591.46,1,0.67%,23488.99,19371.22,7.20%
2025-07-21,Cycle_3,4085.61,7.71,31500.03,174,5.03%,29992.06,29992.06,13.42%
2025-07-21,Cycle_4,4085.61,10.28,42000.04,174,5.03%,39989.41,39989.41,13.42%
2025-07-22,Cycle_1,4118.96,2.4899999999999993,10256.21,2,1.49%,12452.60,9576.43,4.06%
2025-07-22,Cycle_2,4118.96,5.039999999999999,20759.55,2,1.49%,23488.99,19371.22,7.20%
2025-07-22,Cycle_3,4118.96,7.71,31757.17,175,5.89%,29992.06,29992.06,13.42%
2025-07-22,Cycle_4,4118.96,10.28,42342.89,175,5.89%,39989.41,39989.41,13.42%
2025-07-23,Cycle_1,4119.77,2.4899999999999993,10258.22,3,1.51%,12452.60,9576.43,4.06%
2025-07-23,Cycle_2,4119.77,5.039999999999999,20763.63,3,1.51%,23488.99,19371.22,7.20%
2025-07-23,Cycle_3,4119.77,7.71,31763.42,176,5.91%,29992.06,29992.06,13.42%
2025-07-23,Cycle_4,4119.77,10.28,42351.22,176,5.91%,39989.41,39989.41,13.42%
2025-07-24,Cycle_1,4149.04,2.4199999999999995,10040.67,0,0.00%,12452.60,9286.00,4.06%
2025-07-24,Cycle_2,4149.04,5.039999999999999,20911.15,4,2.23%,23488.99,19371.22,7.20%
2025-07-24,Cycle_3,4149.04,7.71,31989.07,177,6.66%,29992.06,29992.06,13.42%
2025-07-24,Cycle_4,4149.04,10.28,42652.10,177,6.66%,39989.41,39989.41,13.42%
2025-07-25,Cycle_1,4127.16,2.4199999999999995,9987.74,1,-0.53%,12452.60,9286.00,4.06%
2025-07-25,Cycle_2,4127.16,5.039999999999999,20800.90,5,1.69%,23488.99,19371.22,7.20%
2025-07-25,Cycle_3,4127.16,7.71,31820.43,178,6.10%,29992.06,29992.06,13.42%
2025-07-25,Cycle_4,4127.16,10.28,42427.24,178,6.10%,39989.41,39989.41,13.42%
2025-07-28,Cycle_1,4135.82,2.4199999999999995,10008.69,2,-0.32%,12452.60,9286.00,4.06%
2025-07-28,Cycle_2,4135.82,5.039999999999999,20844.55,6,1.90%,23488.99,19371.22,7.20%
2025-07-28,Cycle_3,4135.82,7.71,31887.20,179,6.32%,29992.06,29992.06,13.42%
2025-07-28,Cycle_4,4135.82,10.28,42516.27,179,6.32%,39989.41,39989.41,13.42%
2025-07-29,Cycle_1,4152.02,2.4199999999999995,10047.90,3,0.07%,12452.60,9286.00,4.06%
2025-07-29,Cycle_2,4152.02,5.039999999999999,20926.20,7,2.30%,23488.99,19371.22,7.20%
2025-07-29,Cycle_3,4152.02,7.71,32012.11,180,6.74%,29992.06,29992.06,13.42%
2025-07-29,Cycle_4,4152.02,10.28,42682.81,180,6.74%,39989.41,39989.41,13.42%
2025-07-30,Cycle_1,4151.24,2.4199999999999995,10046.00,4,0.05%,12452.60,9286.00,4.06%
2025-07-30,Cycle_2,4151.24,5.039999999999999,20922.24,8,2.28%,23488.99,19371.22,7.20%
2025-07-30,Cycle_3,4151.24,7.71,32006.04,181,6.72%,29992.06,29992.06,13.42%
2025-07-30,Cycle_4,4151.24,10.28,42674.73,181,6.72%,39989.41,39989.41,13.42%
2025-07-31,Cycle_1,4075.59,2.4199999999999995,9862.93,5,-1.77%,12452.60,9286.00,4.28%
2025-07-31,Cycle_2,4075.59,5.039999999999999,20540.98,9,0.42%,23488.99,19371.22,7.20%
2025-07-31,Cycle_3,4075.59,7.71,31422.81,182,4.77%,29992.06,29992.06,13.42%
2025-07-31,Cycle_4,4075.59,10.28,41897.08,182,4.77%,39989.41,39989.41,13.42%
2025-08-01,Cycle_1,4054.93,2.4699999999999993,10015.67,0,0.00%,12655.34,9488.74,4.28%
2025-08-01,Cycle_2,4054.93,5.039999999999999,20436.84,10,-0.09%,23488.99,19371.22,7.20%
2025-08-01,Cycle_3,4054.93,7.71,31263.50,183,4.24%,29992.06,29992.06,13.42%
2025-08-01,Cycle_4,4054.93,10.28,41684.67,183,4.24%,39989.41,39989.41,13.42%
2025-08-04,Cycle_1,4070.70,2.4699999999999993,10054.63,1,0.39%,12655.34,9488.74,4.28%
2025-08-04,Cycle_2,4070.70,5.039999999999999,20516.34,11,0.30%,23488.99,19371.22,7.20%
2025-08-04,Cycle_3,4070.70,7.71,31385.11,184,4.64%,29992.06,29992.06,13.42%
2025-08-04,Cycle_4,4070.70,10.28,41846.82,184,4.64%,39989.41,39989.41,13.42%
2025-08-05,Cycle_1,4103.45,2.4699999999999993,10135.52,2,1.20%,12655.34,9488.74,4.28%
2025-08-05,Cycle_2,4103.45,5.039999999999999,20681.39,12,1.11%,23488.99,19371.22,7.20%
2025-08-05,Cycle_3,4103.45,7.71,31637.60,185,5.49%,29992.06,29992.06,13.42%
2025-08-05,Cycle_4,4103.45,10.28,42183.47,185,5.49%,39989.41,39989.41,13.42%
2025-08-06,Cycle_1,4113.49,2.4699999999999993,10160.31,3,1.44%,12655.34,9488.74,4.28%
2025-08-06,Cycle_2,4113.49,5.039999999999999,20731.97,13,1.35%,23488.99,19371.22,7.20%
2025-08-06,Cycle_3,4113.49,7.71,31714.97,186,5.74%,29992.06,29992.06,13.42%
2025-08-06,Cycle_4,4113.49,10.28,42286.63,186,5.74%,39989.41,39989.41,13.42%
2025-08-07,Cycle_1,4114.67,2.4699999999999993,10163.23,4,1.47%,12655.34,9488.74,4.28%
2025-08-07,Cycle_2,4114.67,5.039999999999999,20737.92,14,1.38%,23488.99,19371.22,7.20%
2025-08-07,Cycle_3,4114.67,7.71,31724.07,187,5.77%,29992.06,29992.06,13.42%
2025-08-07,Cycle_4,4114.67,10.28,42298.77,187,5.77%,39989.41,39989.41,13.42%
2025-08-08,Cycle_1,4104.97,2.4699999999999993,10139.27,5,1.23%,12655.34,9488.74,4.28%
2025-08-08,Cycle_2,4104.97,5.039999999999999,20689.03,15,1.14%,23488.99,19371.22,7.20%
2025-08-08,Cycle_3,4104.97,7.71,31649.29,188,5.53%,29992.06,29992.06,13.42%
2025-08-08,Cycle_4,4104.97,10.28,42199.06,188,5.53%,39989.41,39989.41,13.42%
2025-08-11,Cycle_1,4122.51,2.4699999999999993,10182.60,6,1.67%,12655.34,9488.74,4.28%
2025-08-11,Cycle_2,4122.51,5.039999999999999,20777.45,16,1.58%,23488.99,19371.22,7.20%
2025-08-11,Cycle_3,4122.51,7.71,31784.56,189,5.98%,29992.06,29992.06,13.42%
2025-08-11,Cycle_4,4122.51,10.28,42379.41,189,5.98%,39989.41,39989.41,13.42%
2025-08-12,Cycle_1,4143.83,2.4299999999999993,10069.50,0,0.00%,12655.34,9322.99,4.28%
2025-08-12,Cycle_2,4143.83,5.039999999999999,20884.88,17,2.10%,23488.99,19371.22,7.20%
2025-08-12,Cycle_3,4143.83,7.71,31948.89,190,6.52%,29992.06,29992.06,13.42%
2025-08-12,Cycle_4,4143.83,10.28,42598.52,190,6.52%,39989.41,39989.41,13.42%
2025-08-13,Cycle_1,4176.58,2.4299999999999993,10149.08,1,0.79%,12655.34,9322.99,4.28%
2025-08-13,Cycle_2,4176.58,5.039999999999999,21049.95,18,2.91%,23488.99,19371.22,7.20%
2025-08-13,Cycle_3,4176.58,7.71,32201.41,191,7.37%,29992.06,29992.06,13.42%
2025-08-13,Cycle_4,4176.58,10.28,42935.22,191,7.37%,39989.41,39989.41,13.42%
2025-08-14,Cycle_1,4173.31,2.4299999999999993,10141.15,2,0.71%,12655.34,9322.99,4.28%
2025-08-14,Cycle_2,4173.31,5.039999999999999,21033.50,19,2.83%,23488.99,19371.22,7.20%
2025-08-14,Cycle_3,4173.31,7.71,32176.24,192,7.28%,29992.06,29992.06,13.42%
2025-08-14,Cycle_4,4173.31,10.28,42901.66,192,7.28%,39989.41,39989.41,13.42%
2025-08-15,Cycle_1,4202.35,2.4299999999999993,10211.72,3,1.41%,12655.34,9322.99,4.28%
2025-08-15,Cycle_2,4202.35,5.039999999999999,21179.86,20,3.54%,23488.99,19371.22,7.20%
2025-08-15,Cycle_3,4202.35,7.67,32232.05,0,0.00%,29992.06,29823.96,13.42%
2025-08-15,Cycle_4,4202.35,10.28,43200.19,193,8.03%,39989.41,39989.41,13.42%
2025-08-18,Cycle_1,4239.41,2.369999999999999,10047.41,0,0.00%,12655.34,9068.63,4.28%
2025-08-18,Cycle_2,4239.41,4.789999999999999,20306.79,0,0.00%,23488.99,18311.37,7.20%
2025-08-18,Cycle_3,4239.41,7.67,32516.29,1,0.88%,29992.06,29823.96,13.42%
2025-08-18,Cycle_4,4239.41,10.28,43581.16,194,8.98%,39989.41,39989.41,13.42%
2025-08-19,Cycle_1,4223.37,2.369999999999999,10009.40,1,-0.38%,12655.34,9068.63,4.28%
2025-08-19,Cycle_2,4223.37,4.789999999999999,20229.96,1,-0.38%,23488.99,18311.37,7.20%
2025-08-19,Cycle_3,4223.37,7.67,32393.28,2,0.50%,29992.06,29823.96,13.42%
2025-08-19,Cycle_4,4223.37,10.28,43416.29,195,8.57%,39989.41,39989.41,13.42%
2025-08-20,Cycle_1,4271.40,2.369999999999999,10123.21,2,0.75%,12655.34,9068.63,4.28%
2025-08-20,Cycle_2,4271.40,4.789999999999999,20459.99,2,0.75%,23488.99,18311.37,7.20%
2025-08-20,Cycle_3,4271.40,7.67,32761.61,3,1.64%,29992.06,29823.96,13.42%
2025-08-20,Cycle_4,4271.40,10.28,43909.95,196,9.80%,39989.41,39989.41,13.42%
2025-08-21,Cycle_1,4288.07,2.369999999999999,10162.73,3,1.15%,12655.34,9068.63,4.28%
2025-08-21,Cycle_2,4288.07,4.789999999999999,20539.86,3,1.15%,23488.99,18311.37,7.20%
2025-08-21,Cycle_3,4288.07,7.67,32889.50,4,2.04%,29992.06,29823.96,13.42%
2025-08-21,Cycle_4,4288.07,10.28,44081.37,197,10.23%,39989.41,39989.41,13.42%
2025-08-22,Cycle_1,4378.00,2.2999999999999994,10069.39,0,0.00%,12655.34,8762.17,4.28%
2025-08-22,Cycle_2,4378.00,4.789999999999999,20970.61,4,3.27%,23488.99,18311.37,7.20%
2025-08-22,Cycle_3,4378.00,7.67,33579.24,5,4.18%,29992.06,29823.96,13.42%
2025-08-22,Cycle_4,4378.00,10.28,45005.82,198,12.54%,39989.41,39989.41,13.42%
2025-08-25,Cycle_1,4469.22,2.2499999999999996,10055.75,0,0.00%,12655.34,8538.71,4.28%
2025-08-25,Cycle_2,4469.22,4.529999999999999,20245.57,0,0.00%,23488.99,17149.37,7.20%
2025-08-25,Cycle_3,4469.22,7.67,34278.93,6,6.35%,29992.06,29823.96,13.42%
2025-08-25,Cycle_4,4469.22,10.28,45943.60,199,14.89%,39989.41,39989.41,13.42%
2025-08-26,Cycle_1,4452.59,2.2499999999999996,10018.33,1,-0.37%,12655.34,8538.71,4.28%
2025-08-26,Cycle_2,4452.59,4.529999999999999,20170.23,1,-0.37%,23488.99,17149.37,7.20%
2025-08-26,Cycle_3,4452.59,7.67,34151.37,7,5.95%,29992.06,29823.96,13.42%
2025-08-26,Cycle_4,4452.59,10.28,45772.63,200,14.46%,39989.41,39989.41,13.42%
2025-08-27,Cycle_1,4386.13,2.2499999999999996,9868.78,2,-1.86%,12655.34,8538.71,4.28%
2025-08-27,Cycle_2,4386.13,4.529999999999999,19869.15,2,-1.86%,23488.99,17149.37,7.20%
2025-08-27,Cycle_3,4386.13,7.67,33641.59,8,4.37%,29992.06,29823.96,13.42%
2025-08-27,Cycle_4,4386.13,10.28,45089.38,201,12.75%,39989.41,39989.41,13.42%
2025-08-28,Cycle_1,4463.78,2.2499999999999996,10043.51,3,-0.12%,12655.34,8538.71,4.28%
2025-08-28,Cycle_2,4463.78,4.529999999999999,20220.93,3,-0.12%,23488.99,17149.37,7.20%
2025-08-28,Cycle_3,4463.78,7.67,34237.21,9,6.22%,29992.06,29823.96,13.42%
2025-08-28,Cycle_4,4463.78,10.28,45887.68,202,14.75%,39989.41,39989.41,13.42%
2025-08-29,Cycle_1,4496.76,2.2499999999999996,10117.71,4,0.62%,12655.34,8538.71,4.28%
2025-08-29,Cycle_2,4496.76,4.529999999999999,20370.32,4,0.62%,23488.99,17149.37,7.20%
2025-08-29,Cycle_3,4496.76,7.67,34490.14,10,7.01%,29992.06,29823.96,13.42%
2025-08-29,Cycle_4,4496.76,10.28,46226.68,203,15.60%,39989.41,39989.41,13.42%
2025-09-01,Cycle_1,4523.71,2.2499999999999996,10178.35,5,1.22%,12655.34,8538.71,4.28%
2025-09-01,Cycle_2,4523.71,4.529999999999999,20492.41,5,1.22%,23488.99,17149.37,7.20%
2025-09-01,Cycle_3,4523.71,7.67,34696.86,11,7.65%,29992.06,29823.96,13.42%
2025-09-01,Cycle_4,4523.71,9.7,43880.00,0,0.00%,39989.41,37365.66,13.42%
2025-09-02,Cycle_1,4490.45,2.2499999999999996,10103.52,6,0.48%,12655.34,8538.71,4.28%
2025-09-02,Cycle_2,4490.45,4.529999999999999,20341.75,6,0.48%,23488.99,17149.37,7.20%
2025-09-02,Cycle_3,4490.45,7.67,34441.77,12,6.86%,29992.06,29823.96,13.42%
2025-09-02,Cycle_4,4490.45,9.7,43557.39,1,-0.74%,39989.41,37365.66,13.42%
2025-09-03,Cycle_1,4459.83,2.2499999999999996,10034.62,7,-0.21%,12655.34,8538.71,4.28%
2025-09-03,Cycle_2,4459.83,4.529999999999999,20203.03,7,-0.21%,23488.99,17149.37,7.20%
2025-09-03,Cycle_3,4459.83,7.67,34206.89,13,6.13%,29992.06,29823.96,13.42%
2025-09-03,Cycle_4,4459.83,9.7,43260.35,2,-1.41%,39989.41,37365.66,13.42%
2025-09-04,Cycle_1,4365.21,2.2999999999999994,10039.98,0,0.00%,12873.61,8756.97,4.28%
2025-09-04,Cycle_2,4365.21,4.529999999999999,19774.39,8,-2.33%,23488.99,17149.37,7.20%
2025-09-04,Cycle_3,4365.21,7.67,33481.15,14,3.88%,29992.06,29823.96,13.42%
2025-09-04,Cycle_4,4365.21,9.7,42342.52,3,-3.50%,39989.41,37365.66,13.42%
2025-09-05,Cycle_1,4460.32,2.2499999999999996,10035.73,0,0.00%,12873.61,8533.95,4.28%
2025-09-05,Cycle_2,4460.32,4.529999999999999,20205.27,9,-0.20%,23488.99,17149.37,7.20%
2025-09-05,Cycle_3,4460.32,7.67,34210.69,15,6.14%,29992.06,29823.96,13.42%
2025-09-05,Cycle_4,4460.32,9.7,43265.15,4,-1.40%,39989.41,37365.66,13.42%
2025-09-08,Cycle_1,4467.57,2.2499999999999996,10052.04,1,0.16%,12873.61,8533.95,4.28%
2025-09-08,Cycle_2,4467.57,4.529999999999999,20238.11,10,-0.04%,23488.99,17149.37,7.20%
2025-09-08,Cycle_3,4467.57,7.67,34266.29,16,6.31%,29992.06,29823.96,13.42%
2025-09-08,Cycle_4,4467.57,9.7,43335.46,5,-1.24%,39989.41,37365.66,13.42%
2025-09-09,Cycle_1,4436.26,2.2499999999999996,9981.58,2,-0.54%,12873.61,8533.95,4.28%
2025-09-09,Cycle_2,4436.26,4.529999999999999,20096.25,11,-0.74%,23488.99,17149.37,7.20%
2025-09-09,Cycle_3,4436.26,7.67,34026.10,17,5.57%,29992.06,29823.96,13.42%
2025-09-09,Cycle_4,4436.26,9.7,43031.71,6,-1.93%,39989.41,37365.66,13.42%
2025-09-10,Cycle_1,4445.36,2.2499999999999996,10002.07,3,-0.34%,12873.61,8533.95,4.28%
2025-09-10,Cycle_2,4445.36,4.529999999999999,20137.50,12,-0.53%,23488.99,17149.37,7.20%
2025-09-10,Cycle_3,4445.36,7.67,34095.95,18,5.78%,29992.06,29823.96,13.42%
2025-09-10,Cycle_4,4445.36,9.7,43120.04,7,-1.73%,39989.41,37365.66,13.42%
2025-09-11,Cycle_1,4548.03,2.2499999999999996,10233.08,4,1.97%,12873.61,8533.95,4.28%
2025-09-11,Cycle_2,4548.03,4.529999999999999,20602.60,13,1.76%,23488.99,17149.37,7.20%
2025-09-11,Cycle_3,4548.03,6.76,30744.71,0,0.00%,29992.06,25685.25,13.42%
2025-09-11,Cycle_4,4548.03,9.7,44115.93,8,0.54%,39989.41,37365.66,13.42%
2025-09-12,Cycle_1,4522.00,2.2499999999999996,10174.50,5,1.38%,12873.61,8533.95,4.28%
2025-09-12,Cycle_2,4522.00,4.529999999999999,20484.65,14,1.18%,23488.99,17149.37,7.20%
2025-09-12,Cycle_3,4522.00,6.76,30568.71,1,-0.57%,29992.06,25685.25,13.42%
2025-09-12,Cycle_4,4522.00,9.7,43863.38,9,-0.04%,39989.41,37365.66,13.42%
2025-09-15,Cycle_1,4533.06,2.2499999999999996,10199.38,6,1.63%,12873.61,8533.95,4.28%
2025-09-15,Cycle_2,4533.06,4.529999999999999,20534.74,15,1.43%,23488.99,17149.37,7.20%
2025-09-15,Cycle_3,4533.06,6.76,30643.46,2,-0.33%,29992.06,25685.25,13.42%
2025-09-15,Cycle_4,4533.06,9.7,43970.64,10,0.21%,39989.41,37365.66,13.42%
2025-09-16,Cycle_1,4523.34,2.2499999999999996,10177.51,7,1.41%,12873.61,8533.95,4.28%
2025-09-16,Cycle_2,4523.34,4.529999999999999,20490.72,16,1.21%,23488.99,17149.37,7.20%
2025-09-16,Cycle_3,4523.34,6.76,30577.76,3,-0.54%,29992.06,25685.25,13.42%
2025-09-16,Cycle_4,4523.34,9.7,43876.37,11,-0.01%,39989.41,37365.66,13.42%
2025-09-17,Cycle_1,4551.02,2.2099999999999995,10057.76,0,0.00%,12873.61,8351.91,4.28%
2025-09-17,Cycle_2,4551.02,4.529999999999999,20616.13,17,1.83%,23488.99,17149.37,7.20%
2025-09-17,Cycle_3,4551.02,6.76,30764.92,4,0.07%,29992.06,25685.25,13.42%
2025-09-17,Cycle_4,4551.02,9.7,44144.92,12,0.60%,39989.41,37365.66,13.42%
2025-09-18,Cycle_1,4498.11,2.2099999999999995,9940.82,1,-1.16%,12873.61,8351.91,4.28%
2025-09-18,Cycle_2,4498.11,4.529999999999999,20376.43,18,0.65%,23488.99,17149.37,7.20%
2025-09-18,Cycle_3,4498.11,6.76,30407.22,5,-1.10%,29992.06,25685.25,13.42%
2025-09-18,Cycle_4,4498.11,9.7,43631.66,13,-0.57%,39989.41,37365.66,13.42%
2025-09-19,Cycle_1,4501.92,2.2099999999999995,9949.24,2,-1.08%,12873.61,8351.91,4.28%
2025-09-19,Cycle_2,4501.92,4.529999999999999,20393.70,19,0.73%,23488.99,17149.37,7.20%
2025-09-19,Cycle_3,4501.92,6.76,30432.98,6,-1.01%,29992.06,25685.25,13.42%
2025-09-19,Cycle_4,4501.92,9.7,43668.62,14,-0.48%,39989.41,37365.66,13.42%
2025-09-22,Cycle_1,4522.61,2.2099999999999995,9994.96,3,-0.62%,12873.61,8351.91,4.28%
2025-09-22,Cycle_2,4522.61,4.529999999999999,20487.41,20,1.19%,23488.99,17149.37,7.20%
2025-09-22,Cycle_3,4522.61,6.76,30572.83,7,-0.56%,29992.06,25685.25,13.42%
2025-09-22,Cycle_4,4522.61,9.7,43869.30,15,-0.02%,39989.41,37365.66,13.42%
2025-09-23,Cycle_1,4519.78,2.2099999999999995,9988.71,4,-0.69%,12873.61,8351.91,4.28%
2025-09-23,Cycle_2,4519.78,4.529999999999999,20474.59,21,1.13%,23488.99,17149.37,7.20%
2025-09-23,Cycle_3,4519.78,6.76,30553.70,8,-0.62%,29992.06,25685.25,13.42%
2025-09-23,Cycle_4,4519.78,9.7,43841.85,16,-0.09%,39989.41,37365.66,13.42%
2025-09-24,Cycle_1,4566.07,2.2099999999999995,10091.02,5,0.33%,12873.61,8351.91,4.28%
2025-09-24,Cycle_2,4566.07,4.529999999999999,20684.30,22,2.17%,23488.99,17149.37,7.20%
2025-09-24,Cycle_3,4566.07,6.76,30866.64,9,0.40%,29992.06,25685.25,13.42%
2025-09-24,Cycle_4,4566.07,9.7,44290.89,17,0.94%,39989.41,37365.66,13.42%
2025-09-25,Cycle_1,4593.49,2.2099999999999995,10151.61,6,0.93%,12873.61,8351.91,4.28%
2025-09-25,Cycle_2,4593.49,4.529999999999999,20808.50,23,2.78%,23488.99,17149.37,7.20%
2025-09-25,Cycle_3,4593.49,6.76,31051.98,10,1.00%,29992.06,25685.25,13.42%
2025-09-25,Cycle_4,4593.49,9.7,44556.83,18,1.54%,39989.41,37365.66,13.42%
2025-09-26,Cycle_1,4550.05,2.2099999999999995,10055.61,7,-0.02%,12873.61,8351.91,4.28%
2025-09-26,Cycle_2,4550.05,4.529999999999999,20611.72,24,1.81%,23488.99,17149.37,7.20%
2025-09-26,Cycle_3,4550.05,6.76,30758.33,11,0.04%,29992.06,25685.25,13.42%
2025-09-26,Cycle_4,4550.05,9.7,44135.47,19,0.58%,39989.41,37365.66,13.42%
2025-09-29,Cycle_1,4620.05,2.2099999999999995,10210.32,8,1.52%,12873.61,8351.91,4.28%
2025-09-29,Cycle_2,4620.05,4.529999999999999,20928.84,25,3.37%,23488.99,17149.37,7.20%
2025-09-29,Cycle_3,4620.05,6.76,31231.56,12,1.58%,29992.06,25685.25,13.42%
2025-09-29,Cycle_4,4620.05,9.7,44814.51,20,2.13%,39989.41,37365.66,13.42%
2025-09-30,Cycle_1,4640.69,2.2099999999999995,10255.93,9,1.97%,12873.61,8351.91,4.28%
2025-09-30,Cycle_2,4640.69,4.529999999999999,21022.34,26,3.84%,23488.99,17149.37,7.20%
2025-09-30,Cycle_3,4640.69,6.76,31371.09,13,2.04%,29992.06,25685.25,13.42%
2025-09-30,Cycle_4,4640.69,9.7,45014.73,21,2.59%,39989.41,37365.66,13.42%
2025-10-09,Cycle_1,4709.48,2.1399999999999997,10078.29,0,0.00%,12873.61,8022.24,4.28%
2025-10-09,Cycle_2,4709.48,4.319999999999999,20344.96,0,0.00%,23488.99,16160.38,7.20%
2025-10-09,Cycle_3,4709.48,6.76,31836.10,14,3.55%,29992.06,25685.25,13.42%
2025-10-09,Cycle_4,4709.48,9.7,45681.98,22,4.11%,39989.41,37365.66,13.42%
2025-10-10,Cycle_1,4616.83,2.1399999999999997,9880.02,1,-1.97%,12873.61,8022.24,4.28%
2025-10-10,Cycle_2,4616.83,4.319999999999999,19944.72,1,-1.97%,23488.99,16160.38,7.20%
2025-10-10,Cycle_3,4616.83,6.76,31209.80,15,1.51%,29992.06,25685.25,13.42%
2025-10-10,Cycle_4,4616.83,9.7,44783.29,23,2.06%,39989.41,37365.66,13.42%
2025-10-13,Cycle_1,4593.98,2.1799999999999997,10014.87,0,0.00%,13057.36,8206.00,4.28%
2025-10-13,Cycle_2,4593.98,4.319999999999999,19845.99,2,-2.45%,23488.99,16160.38,7.20%
2025-10-13,Cycle_3,4593.98,6.76,31055.29,16,1.01%,29992.06,25685.25,13.42%
2025-10-13,Cycle_4,4593.98,9.7,44561.59,24,1.55%,39989.41,37365.66,13.42%
2025-10-14,Cycle_1,4539.06,2.1799999999999997,9895.16,1,-1.20%,13057.36,8206.00,4.28%
2025-10-14,Cycle_2,4539.06,4.319999999999999,19608.76,3,-3.62%,23488.99,16160.38,7.42%
2025-10-14,Cycle_3,4539.06,6.76,30684.08,17,-0.20%,29992.06,25685.25,13.42%
2025-10-14,Cycle_4,4539.06,9.7,44028.92,25,0.34%,39989.41,37365.66,13.42%
2025-10-15,Cycle_1,4606.29,2.1799999999999997,10041.71,2,0.27%,13057.36,8206.00,4.28%
2025-10-15,Cycle_2,4606.29,4.319999999999999,19899.16,4,-2.19%,23488.99,16160.38,7.42%
2025-10-15,Cycle_3,4606.29,6.76,31138.51,18,1.28%,29992.06,25685.25,13.42%
2025-10-15,Cycle_4,4606.29,9.7,44680.99,26,1.83%,39989.41,37365.66,13.42%
2025-10-16,Cycle_1,4618.42,2.1799999999999997,10068.16,3,0.53%,13057.36,8206.00,4.28%
2025-10-16,Cycle_2,4618.42,4.319999999999999,19951.58,5,-1.93%,23488.99,16160.38,7.42%
2025-10-16,Cycle_3,4618.42,6.76,31220.53,19,1.55%,29992.06,25685.25,13.42%
2025-10-16,Cycle_4,4618.42,9.7,44798.69,27,2.09%,39989.41,37365.66,13.42%
2025-10-17,Cycle_1,4514.23,2.1799999999999997,9841.03,4,-1.74%,13057.36,8206.00,4.49%
2025-10-17,Cycle_2,4514.23,4.4399999999999995,20043.20,0,0.00%,24030.70,16702.09,7.42%
2025-10-17,Cycle_3,4514.23,6.76,30516.23,20,-0.74%,29992.06,25685.25,13.42%
2025-10-17,Cycle_4,4514.23,9.7,43788.07,28,-0.21%,39989.41,37365.66,13.42%
2025-10-20,Cycle_1,4538.22,2.1799999999999997,9893.32,5,-1.21%,13057.36,8206.00,4.49%
2025-10-20,Cycle_2,4538.22,4.4399999999999995,20149.70,1,0.53%,24030.70,16702.09,7.42%
2025-10-20,Cycle_3,4538.22,6.76,30678.37,21,-0.22%,29992.06,25685.25,13.42%
2025-10-20,Cycle_4,4538.22,9.7,44020.73,29,0.32%,39989.41,37365.66,13.42%
2025-10-21,Cycle_1,4607.87,2.1799999999999997,10045.16,6,0.30%,13057.36,8206.00,4.49%
2025-10-21,Cycle_2,4607.87,4.4399999999999995,20458.95,2,2.07%,24030.70,16702.09,7.42%
2025-10-21,Cycle_3,4607.87,6.76,31149.21,22,1.32%,29992.06,25685.25,13.42%
2025-10-21,Cycle_4,4607.87,9.7,44696.35,30,1.86%,39989.41,37365.66,13.42%
2025-10-22,Cycle_1,4592.57,2.1799999999999997,10011.80,7,-0.03%,13057.36,8206.00,4.49%
2025-10-22,Cycle_2,4592.57,4.4399999999999995,20391.01,3,1.74%,24030.70,16702.09,7.42%
2025-10-22,Cycle_3,4592.57,6.76,31045.77,23,0.98%,29992.06,25685.25,13.42%
2025-10-22,Cycle_4,4592.57,9.7,44547.93,31,1.52%,39989.41,37365.66,13.42%
2025-10-23,Cycle_1,4606.34,2.1799999999999997,10041.83,8,0.27%,13057.36,8206.00,4.49%
2025-10-23,Cycle_2,4606.34,4.4399999999999995,20452.17,4,2.04%,24030.70,16702.09,7.42%
2025-10-23,Cycle_3,4606.34,6.76,31138.89,24,1.28%,29992.06,25685.25,13.42%
2025-10-23,Cycle_4,4606.34,9.7,44681.54,32,1.83%,39989.41,37365.66,13.42%
2025-10-24,Cycle_1,4660.68,2.1799999999999997,10160.29,9,1.45%,13057.36,8206.00,4.49%
2025-10-24,Cycle_2,4660.68,4.4399999999999995,20693.43,5,3.24%,24030.70,16702.09,7.42%
2025-10-24,Cycle_3,4660.68,6.76,31506.22,25,2.48%,29992.06,25685.25,13.42%
2025-10-24,Cycle_4,4660.68,9.7,45208.63,33,3.03%,39989.41,37365.66,13.42%
2025-10-27,Cycle_1,4716.02,2.1399999999999997,10092.28,0,0.00%,13057.36,8017.36,4.49%
2025-10-27,Cycle_2,4716.02,4.289999999999999,20231.72,0,0.00%,24030.70,15994.68,7.42%
2025-10-27,Cycle_3,4716.02,6.76,31880.29,26,3.69%,29992.06,25685.25,13.42%
2025-10-27,Cycle_4,4716.02,9.7,45745.38,34,4.25%,39989.41,37365.66,13.42%
2025-10-28,Cycle_1,4691.97,2.1399999999999997,10040.82,1,-0.51%,13057.36,8017.36,4.49%
2025-10-28,Cycle_2,4691.97,4.289999999999999,20128.56,1,-0.51%,24030.70,15994.68,7.42%
2025-10-28,Cycle_3,4691.97,6.76,31717.74,27,3.16%,29992.06,25685.25,13.42%
2025-10-28,Cycle_4,4691.97,9.7,45512.14,35,3.72%,39989.41,37365.66,13.42%
2025-10-29,Cycle_1,4747.84,2.1399999999999997,10160.37,2,0.67%,13057.36,8017.36,4.49%
2025-10-29,Cycle_2,4747.84,4.289999999999999,20368.22,2,0.67%,24030.70,15994.68,7.42%
2025-10-29,Cycle_3,4747.84,6.76,32095.38,28,4.39%,29992.06,25685.25,13.42%
2025-10-29,Cycle_4,4747.84,9.7,46054.03,36,4.95%,39989.41,37365.66,13.42%
2025-10-30,Cycle_1,4709.91,2.1399999999999997,10079.21,3,-0.13%,13057.36,8017.36,4.49%
2025-10-30,Cycle_2,4709.91,4.289999999999999,20205.52,3,-0.13%,24030.70,15994.68,7.42%
2025-10-30,Cycle_3,4709.91,6.76,31839.00,29,3.56%,29992.06,25685.25,13.42%
2025-10-30,Cycle_4,4709.91,9.7,45686.14,37,4.12%,39989.41,37365.66,13.42%
2025-10-31,Cycle_1,4640.67,2.1399999999999997,9931.03,4,-1.60%,13057.36,8017.36,4.49%
2025-10-31,Cycle_2,4640.67,4.289999999999999,19908.46,4,-1.60%,24030.70,15994.68,7.42%
2025-10-31,Cycle_3,4640.67,6.76,31370.91,30,2.04%,29992.06,25685.25,13.42%
2025-10-31,Cycle_4,4640.67,9.7,45014.48,38,2.59%,39989.41,37365.66,13.42%
2025-11-03,Cycle_1,4653.40,2.1399999999999997,9958.28,5,-1.33%,13057.36,8017.36,4.49%
2025-11-03,Cycle_2,4653.40,4.289999999999999,19963.10,5,-1.33%,24030.70,15994.68,7.42%
2025-11-03,Cycle_3,4653.40,6.76,31457.00,31,2.32%,29992.06,25685.25,13.42%
2025-11-03,Cycle_4,4653.40,9.7,45138.01,39,2.87%,39989.41,37365.66,13.42%
2025-11-04,Cycle_1,4618.70,2.1699999999999995,10022.58,0,0.00%,13195.93,8155.92,4.49%
2025-11-04,Cycle_2,4618.70,4.289999999999999,19814.22,6,-2.06%,24030.70,15994.68,7.42%
2025-11-04,Cycle_3,4618.70,6.76,31222.41,32,1.55%,29992.06,25685.25,13.42%
2025-11-04,Cycle_4,4618.70,9.7,44801.38,40,2.10%,39989.41,37365.66,13.42%
2025-11-05,Cycle_1,4627.26,2.1699999999999995,10041.15,1,0.19%,13195.93,8155.92,4.49%
2025-11-05,Cycle_2,4627.26,4.289999999999999,19850.93,7,-1.88%,24030.70,15994.68,7.42%
2025-11-05,Cycle_3,4627.26,6.76,31280.26,33,1.74%,29992.06,25685.25,13.42%
2025-11-05,Cycle_4,4627.26,9.7,44884.39,41,2.29%,39989.41,37365.66,13.42%
2025-11-06,Cycle_1,4693.40,2.1699999999999995,10184.68,2,1.62%,13195.93,8155.92,4.49%
2025-11-06,Cycle_2,4693.40,4.289999999999999,20134.70,8,-0.48%,24030.70,15994.68,7.42%
2025-11-06,Cycle_3,4693.40,6.76,31727.41,34,3.20%,29992.06,25685.25,13.42%
2025-11-06,Cycle_4,4693.40,9.7,45526.01,42,3.75%,39989.41,37365.66,13.42%
2025-11-07,Cycle_1,4678.79,2.1699999999999995,10152.98,3,1.30%,13195.93,8155.92,4.49%
2025-11-07,Cycle_2,4678.79,4.289999999999999,20072.03,9,-0.79%,24030.70,15994.68,7.42%
2025-11-07,Cycle_3,4678.79,6.76,31628.65,35,2.88%,29992.06,25685.25,13.42%
2025-11-07,Cycle_4,4678.79,9.7,45384.31,43,3.43%,39989.41,37365.66,13.42%
2025-11-10,Cycle_1,4695.05,2.1699999999999995,10188.26,4,1.65%,13195.93,8155.92,4.49%
2025-11-10,Cycle_2,4695.05,4.289999999999999,20141.77,10,-0.44%,24030.70,15994.68,7.42%
2025-11-10,Cycle_3,4695.05,6.76,31738.54,36,3.23%,29992.06,25685.25,13.42%
2025-11-10,Cycle_4,4695.05,9.7,45541.99,44,3.79%,39989.41,37365.66,13.42%
2025-11-11,Cycle_1,4652.17,2.1699999999999995,10095.20,5,0.72%,13195.93,8155.92,4.49%
2025-11-11,Cycle_2,4652.17,4.289999999999999,19957.79,11,-1.35%,24030.70,15994.68,7.42%
2025-11-11,Cycle_3,4652.17,6.76,31448.64,37,2.29%,29992.06,25685.25,13.42%
2025-11-11,Cycle_4,4652.17,9.7,45126.01,45,2.84%,39989.41,37365.66,13.42%
2025-11-12,Cycle_1,4645.91,2.1699999999999995,10081.62,6,0.59%,13195.93,8155.92,4.49%
2025-11-12,Cycle_2,4645.91,4.289999999999999,19930.94,12,-1.49%,24030.70,15994.68,7.42%
2025-11-12,Cycle_3,4645.91,6.76,31406.34,38,2.15%,29992.06,25685.25,13.42%
2025-11-12,Cycle_4,4645.91,9.7,45065.31,46,2.70%,39989.41,37365.66,13.42%
2025-11-13,Cycle_1,4702.07,2.1699999999999995,10203.50,7,1.81%,13195.93,8155.92,4.49%
2025-11-13,Cycle_2,4702.07,4.289999999999999,20171.90,13,-0.30%,24030.70,15994.68,7.42%
2025-11-13,Cycle_3,4702.07,6.76,31786.02,39,3.39%,29992.06,25685.25,13.42%
2025-11-13,Cycle_4,4702.07,9.7,45610.12,47,3.94%,39989.41,37365.66,13.42%
2025-11-14,Cycle_1,4628.14,2.1699999999999995,10043.06,8,0.20%,13195.93,8155.92,4.49%
2025-11-14,Cycle_2,4628.14,4.289999999999999,19854.72,14,-1.86%,24030.70,15994.68,7.42%
2025-11-14,Cycle_3,4628.14,6.76,31286.23,40,1.76%,29992.06,25685.25,13.42%
2025-11-14,Cycle_4,4628.14,9.7,44892.96,48,2.31%,39989.41,37365.66,13.42%
2025-11-17,Cycle_1,4598.05,2.1699999999999995,9977.77,9,-0.45%,13195.93,8155.92,4.49%
2025-11-17,Cycle_2,4598.05,4.289999999999999,19725.65,15,-2.50%,24030.70,15994.68,7.42%
2025-11-17,Cycle_3,4598.05,6.76,31082.83,41,1.10%,29992.06,25685.25,13.42%
2025-11-17,Cycle_4,4598.05,9.7,44601.11,49,1.64%,39989.41,37365.66,13.42%
2025-11-18,Cycle_1,4568.19,2.1699999999999995,9912.98,10,-1.09%,13195.93,8155.92,4.49%
2025-11-18,Cycle_2,4568.19,4.289999999999999,19597.55,16,-3.13%,24030.70,15994.68,7.47%
2025-11-18,Cycle_3,4568.19,6.76,30880.98,42,0.44%,29992.06,25685.25,13.42%
2025-11-18,Cycle_4,4568.19,9.7,44311.47,50,0.98%,39989.41,37365.66,13.42%
2025-11-19,Cycle_1,4588.29,2.1699999999999995,9956.59,11,-0.66%,13195.93,8155.92,4.49%
2025-11-19,Cycle_2,4588.29,4.289999999999999,19683.77,17,-2.71%,24030.70,15994.68,7.47%
2025-11-19,Cycle_3,4588.29,6.76,31016.86,43,0.89%,29992.06,25685.25,13.42%
2025-11-19,Cycle_4,4588.29,9.7,44506.43,51,1.43%,39989.41,37365.66,13.42%
2025-11-20,Cycle_1,4564.95,2.1699999999999995,9905.94,12,-1.16%,13195.93,8155.92,4.49%
2025-11-20,Cycle_2,4564.95,4.289999999999999,19583.63,18,-3.20%,24030.70,15994.68,7.54%
2025-11-20,Cycle_3,4564.95,6.76,30859.05,44,0.37%,29992.06,25685.25,13.42%
2025-11-20,Cycle_4,4564.95,9.7,44280.00,52,0.91%,39989.41,37365.66,13.42%
2025-11-21,Cycle_1,4453.61,2.2499999999999996,10020.62,0,0.00%,13552.21,8512.21,4.49%
2025-11-21,Cycle_2,4453.61,4.509999999999999,20085.77,0,0.00%,25010.49,16974.48,7.54%
2025-11-21,Cycle_3,4453.61,6.76,30106.39,45,-2.08%,29992.06,25685.25,13.42%
2025-11-21,Cycle_4,4453.61,9.7,43199.99,53,-1.55%,39989.41,37365.66,13.42%
2025-11-24,Cycle_1,4448.05,2.2499999999999996,10008.11,1,-0.12%,13552.21,8512.21,4.49%
2025-11-24,Cycle_2,4448.05,4.509999999999999,20060.70,1,-0.12%,25010.49,16974.48,7.54%
2025-11-24,Cycle_3,4448.05,6.76,30068.80,46,-2.20%,29992.06,25685.25,13.42%
2025-11-24,Cycle_4,4448.05,9.7,43146.06,54,-1.67%,39989.41,37365.66,13.42%
2025-11-25,Cycle_1,4490.40,2.2499999999999996,10103.41,2,0.83%,13552.21,8512.21,4.49%
2025-11-25,Cycle_2,4490.40,4.509999999999999,20251.73,2,0.83%,25010.49,16974.48,7.54%
2025-11-25,Cycle_3,4490.40,6.76,30355.14,47,-1.27%,29992.06,25685.25,13.42%
2025-11-25,Cycle_4,4490.40,9.7,43556.93,55,-0.74%,39989.41,37365.66,13.42%
2025-11-26,Cycle_1,4517.63,2.2499999999999996,10164.66,3,1.44%,13552.21,8512.21,4.49%
2025-11-26,Cycle_2,4517.63,4.509999999999999,20374.49,3,1.44%,25010.49,16974.48,7.54%
2025-11-26,Cycle_3,4517.63,6.76,30539.15,48,-0.67%,29992.06,25685.25,13.42%
2025-11-26,Cycle_4,4517.63,9.7,43820.97,56,-0.13%,39989.41,37365.66,13.42%
2025-11-27,Cycle_1,4515.40,2.2499999999999996,10159.66,4,1.39%,13552.21,8512.21,4.49%
2025-11-27,Cycle_2,4515.40,4.509999999999999,20364.47,4,1.39%,25010.49,16974.48,7.54%
2025-11-27,Cycle_3,4515.40,6.76,30524.12,49,-0.72%,29992.06,25685.25,13.42%
2025-11-27,Cycle_4,4515.40,9.7,43799.41,57,-0.18%,39989.41,37365.66,13.42%
2025-11-28,Cycle_1,4526.66,2.2499999999999996,10184.99,5,1.64%,13552.21,8512.21,4.49%
2025-11-28,Cycle_2,4526.66,4.509999999999999,20415.24,5,1.64%,25010.49,16974.48,7.54%
2025-11-28,Cycle_3,4526.66,6.76,30600.23,50,-0.47%,29992.06,25685.25,13.42%
2025-11-28,Cycle_4,4526.66,9.7,43908.62,58,0.07%,39989.41,37365.66,13.42%
2025-12-01,Cycle_1,4576.49,2.1999999999999997,10068.27,0,0.00%,13552.21,8283.39,4.49%
2025-12-01,Cycle_2,4576.49,4.509999999999999,20639.95,6,2.76%,25010.49,16974.48,7.54%
2025-12-01,Cycle_3,4576.49,6.76,30937.04,51,0.63%,29992.06,25685.25,13.42%
2025-12-01,Cycle_4,4576.49,9.7,44391.91,59,1.17%,39989.41,37365.66,13.42%
