日期,当前价格,持仓数量,当前市值,累计投入,净投入,最大回撤
2021-01-05,5368.50,9.120000000000001,48960.76,49990.64,48004.30,2.06%
2021-01-06,5417.67,9.120000000000001,49409.13,49990.64,48004.30,2.06%
2021-01-07,5513.66,8.760000000000002,48299.63,49990.64,46019.38,3.38%
2021-01-08,5495.43,8.760000000000002,48139.97,49990.64,46019.38,3.70%
2021-01-11,5441.16,9.13,49677.78,52003.87,48032.61,3.70%
2021-01-12,5596.35,8.770000000000001,49080.01,52003.87,46017.92,3.70%
2021-01-13,5577.97,8.770000000000001,48918.81,52003.87,46017.92,3.70%
2021-01-14,5470.46,9.14,49999.97,54027.94,48041.99,3.70%
2021-01-15,5458.08,9.14,49886.86,54027.94,48041.99,3.70%
2021-01-18,5518.52,9.14,50439.28,54027.94,48041.99,3.70%
2021-01-19,5437.52,9.14,49698.96,54027.94,48041.99,3.70%
2021-01-20,5476.43,9.14,50054.60,54027.94,48041.99,3.70%
2021-01-21,5564.97,8.780000000000001,48860.43,54027.94,46038.60,3.70%
2021-01-22,5569.78,8.780000000000001,48902.63,54027.94,46038.60,3.70%
2021-01-25,5625.92,8.420000000000002,47370.27,54027.94,44013.27,6.08%
2021-01-26,5512.97,8.780000000000001,48403.86,56012.61,45997.94,6.08%
2021-01-27,5528.00,8.780000000000001,48535.87,56012.61,45997.94,6.08%
2021-01-28,5377.14,9.15,49200.86,58002.15,47987.48,6.08%
2021-01-29,5351.96,9.15,48970.48,58002.15,47987.48,6.08%
2021-02-01,5417.65,9.15,49571.48,58002.15,47987.48,6.08%
2021-02-02,5501.09,8.790000000000001,48354.59,58002.15,46007.09,6.08%
2021-02-03,5485.20,8.790000000000001,48214.92,58002.15,46007.09,6.08%
2021-02-04,5473.95,8.790000000000001,48116.00,58002.15,46007.09,6.08%
2021-02-05,5483.41,8.790000000000001,48199.21,58002.15,46007.09,6.08%
2021-02-08,5564.56,8.430000000000001,46909.26,58002.15,44003.85,7.00%
2021-02-09,5686.25,8.080000000000002,45944.90,58002.15,42013.66,8.91%
2021-02-10,5807.72,7.740000000000002,44951.75,58002.15,40039.03,10.88%
2021-02-18,5768.38,7.740000000000002,44647.27,58002.15,40039.03,11.48%
2021-02-19,5778.84,7.740000000000002,44728.24,58002.15,40039.03,11.48%
2021-02-22,5597.33,8.100000000000001,45338.39,60017.19,42054.07,11.48%
2021-02-23,5579.67,8.100000000000001,45195.31,60017.19,42054.07,11.48%
2021-02-24,5437.57,8.47,46056.20,62029.09,44065.97,11.48%
2021-02-25,5469.56,8.47,46327.16,62029.09,44065.97,11.48%
2021-02-26,5336.76,8.84,47176.97,64003.69,46040.58,11.48%
2021-03-01,5418.78,8.47,45897.10,64003.69,44035.63,11.48%
2021-03-02,5349.63,8.84,47290.73,65983.06,46014.99,11.48%
2021-03-03,5452.21,8.47,46180.24,65983.06,43997.67,11.48%
2021-03-04,5280.71,8.850000000000001,46734.25,67989.73,46004.34,11.48%
2021-03-05,5262.80,8.850000000000001,46575.74,67989.73,46004.34,11.48%
2021-03-08,5080.02,9.240000000000002,46939.43,69970.94,47985.55,11.48%
2021-03-09,4971.00,9.640000000000002,47920.43,71959.34,49973.95,11.48%
2021-03-10,5003.61,9.640000000000002,48234.82,71959.34,49973.95,11.48%
2021-03-11,5128.22,9.250000000000002,47435.99,71959.34,47973.94,11.48%
2021-03-12,5146.38,9.250000000000002,47604.00,71959.34,47973.94,11.48%
2021-03-15,5035.54,9.650000000000002,48593.00,73973.55,49988.16,11.48%
2021-03-16,5079.36,9.650000000000002,49015.85,73973.55,49988.16,11.48%
2021-03-17,5100.86,9.260000000000002,47233.95,73973.55,47998.83,11.48%
2021-03-18,5141.77,9.260000000000002,47612.77,73973.55,47998.83,11.48%
2021-03-19,5007.09,9.660000000000002,48368.50,75976.39,50001.66,11.48%
2021-03-22,5057.15,9.660000000000002,48852.09,75976.39,50001.66,11.48%
2021-03-23,5009.25,9.660000000000002,48389.32,75976.39,50001.66,11.48%
2021-03-24,4928.69,10.070000000000002,49631.86,77997.15,52022.42,11.48%
2021-03-25,4926.35,10.070000000000002,49608.31,77997.15,52022.42,11.48%
2021-03-26,5037.99,9.670000000000002,48717.36,77997.15,50007.23,11.48%
2021-03-29,5046.88,9.670000000000002,48803.30,77997.15,50007.23,11.48%
2021-03-30,5094.73,9.280000000000001,47279.09,77997.15,48020.28,11.48%
2021-03-31,5048.36,9.280000000000001,46848.79,77997.15,48020.28,11.48%
2021-04-01,5110.78,9.280000000000001,47428.01,77997.15,48020.28,11.48%
2021-04-02,5161.56,8.89,45886.24,77997.15,46007.28,11.48%
2021-04-06,5140.34,8.89,45697.64,77997.15,46007.28,11.48%
2021-04-07,5103.74,9.280000000000001,47362.73,79987.61,47997.74,11.48%
2021-04-08,5112.21,9.280000000000001,47441.30,79987.61,47997.74,11.48%
2021-04-09,5035.34,9.680000000000001,48742.07,82001.75,50011.87,11.48%
2021-04-12,4947.75,10.080000000000002,49873.28,83980.84,51990.97,11.48%
2021-04-13,4939.64,10.080000000000002,49791.61,83980.84,51990.97,11.48%
2021-04-14,4980.63,10.080000000000002,50204.73,83980.84,51990.97,11.48%
2021-04-15,4948.97,10.080000000000002,49885.66,83980.84,51990.97,11.48%
2021-04-16,4966.18,10.080000000000002,50059.11,83980.84,51990.97,11.48%
2021-04-19,5087.02,9.690000000000001,49293.19,83980.84,50007.03,11.48%
2021-04-20,5083.37,9.690000000000001,49257.81,83980.84,50007.03,11.48%
2021-04-21,5098.74,9.690000000000001,49406.84,83980.84,50007.03,11.48%
2021-04-22,5089.24,9.690000000000001,49314.77,83980.84,50007.03,11.48%
2021-04-23,5135.45,9.690000000000001,49762.54,83980.84,50007.03,11.48%
2021-04-26,5077.24,9.690000000000001,49198.43,83980.84,50007.03,11.48%
2021-04-27,5090.52,9.690000000000001,49327.13,83980.84,50007.03,11.48%
2021-04-28,5119.24,9.690000000000001,49605.46,83980.84,50007.03,11.48%
2021-04-29,5164.17,9.3,48026.77,83980.84,47993.01,11.48%
2021-04-30,5123.49,9.3,47648.45,83980.84,47993.01,11.48%
2021-05-06,5061.12,9.700000000000001,49092.91,86005.29,50017.46,11.48%
2021-05-07,4996.05,10.100000000000001,50460.13,88003.71,52015.88,11.48%
2021-05-10,4992.42,10.100000000000001,50423.46,88003.71,52015.88,11.48%
2021-05-11,5023.06,10.100000000000001,50732.90,88003.71,52015.88,11.48%
2021-05-12,5044.55,10.100000000000001,50949.94,88003.71,52015.88,11.48%
2021-05-13,4992.97,10.100000000000001,50429.04,88003.71,52015.88,11.48%
2021-05-14,5110.59,9.71,49623.83,88003.71,50022.75,11.48%
2021-05-17,5184.99,9.32,48324.06,88003.71,48000.60,11.48%
2021-05-18,5187.60,9.32,48348.44,88003.71,48000.60,11.48%
2021-05-19,5172.27,9.32,48205.58,88003.71,48000.60,11.48%
2021-05-20,5186.41,9.32,48337.36,88003.71,48000.60,11.48%
2021-05-21,5134.15,9.32,47850.26,88003.71,48000.60,11.48%
2021-05-24,5155.59,9.32,48050.08,88003.71,48000.60,11.48%
2021-05-25,5318.48,8.94,47547.19,88003.71,45979.58,11.48%
2021-05-26,5320.59,8.94,47566.10,88003.71,45979.58,11.48%
2021-05-27,5338.23,8.94,47723.80,88003.71,45979.58,11.48%
2021-05-28,5321.09,8.94,47570.53,88003.71,45979.58,11.48%
2021-05-31,5331.57,8.94,47664.23,88003.71,45979.58,11.48%
2021-06-01,5341.68,8.94,47754.62,88003.71,45979.58,11.48%
2021-06-02,5289.97,8.94,47292.36,88003.71,45979.58,11.48%
2021-06-03,5255.29,9.32,48979.26,90000.72,47976.59,11.48%
2021-06-04,5282.28,9.32,49230.82,90000.72,47976.59,11.48%
2021-06-07,5277.63,9.32,49187.48,90000.72,47976.59,11.48%
2021-06-08,5232.12,9.32,48763.33,90000.72,47976.59,11.48%
2021-06-09,5236.45,9.32,48803.71,90000.72,47976.59,11.48%
2021-06-10,5271.47,9.32,49130.06,90000.72,47976.59,11.48%
2021-06-11,5224.70,9.32,48694.23,90000.72,47976.59,11.48%
2021-06-15,5166.56,9.71,50167.29,92015.68,49991.55,11.48%
2021-06-16,5080.49,10.100000000000001,51312.96,93997.07,51972.94,11.48%
2021-06-17,5101.89,10.100000000000001,51529.11,93997.07,51972.94,11.48%
2021-06-18,5102.47,10.100000000000001,51534.90,93997.07,51972.94,11.48%
2021-06-21,5090.39,10.100000000000001,51412.89,93997.07,51972.94,11.48%
2021-06-22,5122.16,10.100000000000001,51733.80,93997.07,51972.94,11.48%
2021-06-23,5147.39,9.71,49981.19,93997.07,49965.46,11.48%
2021-06-24,5155.97,9.71,50064.51,93997.07,49965.46,11.48%
2021-06-25,5239.97,9.33,48888.91,93997.07,47974.27,11.48%
2021-06-28,5251.76,9.33,48998.92,93997.07,47974.27,11.48%
2021-06-29,5190.54,9.33,48427.78,93997.07,47974.27,11.48%
2021-06-30,5224.04,9.33,48740.30,93997.07,47974.27,11.48%
2021-07-01,5229.66,9.33,48792.77,93997.07,47974.27,11.48%
2021-07-02,5081.12,9.72,49388.46,95978.71,49955.90,11.48%
2021-07-05,5085.79,9.72,49433.90,95978.71,49955.90,11.48%
2021-07-06,5083.10,9.72,49407.77,95978.71,49955.90,11.48%
2021-07-07,5140.49,9.33,47960.77,95978.71,47951.11,11.48%
2021-07-08,5088.26,9.72,49457.85,97963.13,49935.53,11.48%
2021-07-09,5069.44,9.72,49274.92,97963.13,49935.53,11.48%
2021-07-12,5132.71,9.72,49889.93,97963.13,49935.53,11.48%
2021-07-13,5142.10,9.33,47975.78,97963.13,47930.12,11.48%
2021-07-14,5083.08,9.72,49407.59,99945.53,49912.52,11.48%
2021-07-15,5151.46,9.33,48063.15,99945.53,47903.45,11.48%
2021-07-16,5094.77,9.72,49521.19,101932.49,49890.41,11.48%
2021-07-19,5113.49,9.72,49703.17,101932.49,49890.41,11.48%
2021-07-20,5108.99,9.72,49659.42,101932.49,49890.41,11.48%
2021-07-21,5144.04,9.72,50000.10,101932.49,49890.41,11.48%
2021-07-22,5151.75,9.33,48065.84,101932.49,47881.23,11.48%
2021-07-23,5089.23,9.72,49467.30,103917.29,49866.02,11.48%
2021-07-26,4925.30,10.13,49893.28,105936.66,51885.40,11.48%
2021-07-27,4751.31,10.55,50126.35,107932.22,53880.95,11.48%
2021-07-28,4760.48,10.55,50223.09,107932.22,53880.95,11.48%
2021-07-29,4850.27,10.14,49181.78,107932.22,51892.34,11.48%
2021-07-30,4811.17,10.14,48785.26,107932.22,51892.34,11.48%
2021-08-02,4933.74,9.73,48005.25,107932.22,49869.50,11.48%
2021-08-03,4934.46,9.73,48012.28,107932.22,49869.50,11.48%
2021-08-04,4978.85,9.73,48444.19,107932.22,49869.50,11.48%
2021-08-05,4948.67,9.73,48150.56,107932.22,49869.50,11.48%
2021-08-06,4921.56,9.73,47886.82,107932.22,49869.50,11.48%
2021-08-09,4985.56,9.33,46515.30,107932.22,47875.28,11.48%
2021-08-10,5043.15,8.93,45035.31,107932.22,45858.02,12.95%
2021-08-11,5015.34,8.93,44786.99,107932.22,45858.02,13.43%
2021-08-12,4973.35,9.33,46401.36,109921.56,47847.36,13.43%
2021-08-13,4945.98,9.33,46146.02,109921.56,47847.36,13.43%
2021-08-16,4941.07,9.33,46100.16,109921.56,47847.36,13.43%
2021-08-17,4837.40,9.74,47116.31,111904.89,49830.70,13.43%
2021-08-18,4894.24,9.33,45663.24,111904.89,47824.06,13.43%
2021-08-19,4862.14,9.33,45363.76,111904.89,47824.06,13.43%
2021-08-20,4769.27,9.75,46500.36,113907.98,49827.15,13.43%
2021-08-23,4835.88,9.34,45167.10,113907.98,47844.44,13.43%
2021-08-24,4888.39,8.93,43653.32,113907.98,45840.20,15.62%
2021-08-25,4898.16,8.93,43740.54,113907.98,45840.20,15.62%
2021-08-26,4801.61,9.35,44895.05,115924.66,47856.88,15.62%
2021-08-27,4827.04,9.35,45132.85,115924.66,47856.88,15.62%
2021-08-30,4813.27,9.35,45004.08,115924.66,47856.88,15.62%
2021-08-31,4805.61,9.35,44932.45,115924.66,47856.88,15.62%
2021-09-01,4869.46,8.94,43532.96,115924.66,45860.40,15.85%
2021-09-02,4869.41,8.94,43532.54,115924.66,45860.40,15.85%
2021-09-03,4843.06,8.94,43296.98,115924.66,45860.40,16.31%
2021-09-06,4933.73,8.53,42084.68,115924.66,43837.57,18.65%
2021-09-07,4992.83,8.129999999999999,40591.70,115924.66,41840.44,21.54%
2021-09-08,4972.13,8.129999999999999,40423.44,115924.66,41840.44,21.86%
2021-09-09,4970.01,8.129999999999999,40406.21,115924.66,41840.44,21.90%
2021-09-10,5013.52,8.129999999999999,40759.93,115924.66,41840.44,21.90%
2021-09-13,4991.66,8.129999999999999,40582.19,115924.66,41840.44,21.90%
2021-09-14,4917.16,8.54,41992.56,117940.70,43856.48,21.90%
2021-09-15,4867.32,8.95,43562.50,119936.30,45852.08,21.90%
2021-09-16,4807.70,9.37,45048.13,121955.53,47871.31,21.90%
2021-09-17,4855.94,8.959999999999999,43509.22,121955.53,45880.37,21.90%
2021-09-22,4821.77,8.959999999999999,43203.04,121955.53,45880.37,21.90%
2021-09-23,4853.20,8.959999999999999,43484.63,121955.53,45880.37,21.90%
2021-09-24,4849.43,8.959999999999999,43450.87,121955.53,45880.37,21.90%
2021-09-27,4877.37,8.959999999999999,43701.23,121955.53,45880.37,21.90%
2021-09-28,4883.83,8.959999999999999,43759.10,121955.53,45880.37,21.90%
2021-09-29,4833.93,8.959999999999999,43312.00,121955.53,45880.37,21.90%
2021-09-30,4866.38,8.959999999999999,43602.79,121955.53,45880.37,21.90%
2021-10-08,4929.94,8.549999999999999,42150.99,121955.53,43859.10,21.90%
2021-10-11,4936.19,8.549999999999999,42204.44,121955.53,43859.10,21.90%
2021-10-12,4883.84,8.549999999999999,41756.81,121955.53,43859.10,21.90%
2021-10-13,4940.11,8.549999999999999,42237.93,121955.53,43859.10,21.90%
2021-10-14,4913.61,8.549999999999999,42011.39,121955.53,43859.10,21.90%
2021-10-15,4932.11,8.549999999999999,42169.53,121955.53,43859.10,21.90%
2021-10-18,4874.78,8.959999999999999,43677.99,123954.19,45857.76,21.90%
2021-10-19,4922.72,8.959999999999999,44107.60,123954.19,45857.76,21.90%
2021-10-20,4910.18,8.959999999999999,43995.25,123954.19,45857.76,21.90%
2021-10-21,4928.02,8.549999999999999,42134.53,123954.19,43837.27,21.90%
2021-10-22,4959.73,8.549999999999999,42405.65,123954.19,43837.27,21.90%
2021-10-25,4979.52,8.149999999999999,40583.12,123954.19,41845.46,21.90%
2021-10-26,4963.10,8.149999999999999,40449.25,123954.19,41845.46,21.90%
2021-10-27,4898.16,8.559999999999999,41928.29,125962.44,43853.71,21.90%
2021-10-28,4864.14,8.559999999999999,41637.02,125962.44,43853.71,21.90%
2021-10-29,4908.77,8.559999999999999,42019.07,125962.44,43853.71,21.90%
2021-11-01,4890.69,8.559999999999999,41864.26,125962.44,43853.71,21.90%
2021-11-02,4839.85,8.969999999999999,43413.42,127946.77,45838.04,21.90%
2021-11-03,4821.11,8.969999999999999,43245.37,127946.77,45838.04,21.90%
2021-11-04,4868.74,8.969999999999999,43672.61,127946.77,45838.04,21.90%
2021-11-05,4842.35,8.969999999999999,43435.84,127946.77,45838.04,21.90%
2021-11-08,4848.18,8.969999999999999,43488.17,127946.77,45838.04,21.90%
2021-11-09,4846.74,8.969999999999999,43475.30,127946.77,45838.04,21.90%
2021-11-10,4821.19,8.969999999999999,43246.10,127946.77,45838.04,21.90%
2021-11-11,4898.65,8.559999999999999,41932.47,127946.77,43829.60,21.90%
2021-11-12,4888.37,8.559999999999999,41844.49,127946.77,43829.60,21.90%
2021-11-15,4882.38,8.559999999999999,41793.15,127946.77,43829.60,21.90%
2021-11-16,4883.32,8.559999999999999,41801.22,127946.77,43829.60,21.90%
2021-11-17,4885.75,8.559999999999999,41822.06,127946.77,43829.60,21.90%
2021-11-18,4837.62,8.969999999999999,43393.44,129930.20,45813.02,21.90%
2021-11-19,4890.06,8.559999999999999,41858.89,129930.20,43808.10,21.90%
2021-11-22,4912.40,8.559999999999999,42050.14,129930.20,43808.10,21.90%
2021-11-23,4913.35,8.559999999999999,42058.24,129930.20,43808.10,21.90%
2021-11-24,4916.66,8.559999999999999,42086.59,129930.20,43808.10,21.90%
2021-11-25,4896.44,8.559999999999999,41913.54,129930.20,43808.10,21.90%
2021-11-26,4860.13,8.559999999999999,41602.68,129930.20,43808.10,21.90%
2021-11-29,4851.42,8.559999999999999,41528.18,129930.20,43808.10,21.90%
2021-11-30,4832.03,8.969999999999999,43343.27,131911.33,45789.23,21.90%
2021-12-01,4843.85,8.969999999999999,43449.34,131911.33,45789.23,21.90%
2021-12-02,4856.16,8.969999999999999,43559.78,131911.33,45789.23,21.90%
2021-12-03,4901.02,8.559999999999999,41952.71,131911.33,43779.81,21.90%
2021-12-06,4892.62,8.559999999999999,41880.83,131911.33,43779.81,21.90%
2021-12-07,4922.10,8.559999999999999,42133.19,131911.33,43779.81,21.90%
2021-12-08,4995.93,8.159999999999998,40766.79,131911.33,41781.44,21.90%
2021-12-09,5078.69,7.769999999999999,39461.42,131911.33,39800.75,23.72%
2021-12-10,5055.12,7.769999999999999,39278.26,131911.33,39800.75,24.08%
2021-12-13,5083.80,7.769999999999999,39501.13,131911.33,39800.75,24.08%
2021-12-14,5049.70,7.769999999999999,39236.13,131911.33,39800.75,24.16%
2021-12-15,5005.90,8.169999999999998,40898.20,133913.69,41803.11,24.16%
2021-12-16,5034.73,8.169999999999998,41133.76,133913.69,41803.11,24.16%
2021-12-17,4954.76,8.569999999999999,42462.29,135895.59,43785.01,24.16%
2021-12-20,4880.42,8.979999999999999,43826.15,137896.56,45785.98,24.16%
2021-12-21,4913.49,8.979999999999999,44123.10,137896.56,45785.98,24.16%
2021-12-22,4914.45,8.979999999999999,44131.80,137896.56,45785.98,24.16%
2021-12-23,4948.74,8.579999999999998,42460.18,137896.56,43806.49,24.16%
2021-12-24,4921.34,8.579999999999998,42225.14,137896.56,43806.49,24.16%
2021-12-27,4919.32,8.579999999999998,42207.80,137896.56,43806.49,24.16%
2021-12-28,4955.96,8.579999999999998,42522.17,137896.56,43806.49,24.16%
2021-12-29,4883.48,8.989999999999998,43902.49,139898.79,45808.72,24.16%
2021-12-30,4921.51,8.989999999999998,44244.38,139898.79,45808.72,24.16%
2021-12-31,4940.37,8.589999999999998,42437.81,139898.79,43832.57,24.16%
2022-01-04,4917.77,8.589999999999998,42243.60,139898.79,43832.57,24.16%
2022-01-05,4868.12,8.999999999999998,43813.08,141894.72,45828.50,24.16%
2022-01-06,4818.23,9.419999999999998,45387.74,143918.37,47852.15,24.16%
2022-01-07,4822.37,9.419999999999998,45426.72,143918.37,47852.15,24.16%
2022-01-10,4844.05,9.419999999999998,45630.90,143918.37,47852.15,24.16%
2022-01-11,4797.77,9.419999999999998,45195.03,143918.37,47852.15,24.16%
2022-01-12,4845.58,9.419999999999998,45645.35,143918.37,47852.15,24.16%
2022-01-13,4765.92,9.839999999999998,46896.64,145920.06,49853.84,24.16%
2022-01-14,4726.73,9.839999999999998,46511.04,145920.06,49853.84,24.16%
2022-01-17,4767.28,9.839999999999998,46910.00,145920.06,49853.84,24.16%
2022-01-18,4813.35,9.839999999999998,47363.34,145920.06,49853.84,24.16%
2022-01-19,4780.38,9.839999999999998,47038.92,145920.06,49853.84,24.16%
2022-01-20,4823.51,9.429999999999998,45485.69,145920.06,47876.20,24.16%
2022-01-21,4779.31,9.429999999999998,45068.93,145920.06,47876.20,24.16%
2022-01-24,4786.74,9.429999999999998,45138.94,145920.06,47876.20,24.16%
2022-01-25,4678.45,9.859999999999998,46129.53,147931.79,49887.93,24.16%
2022-01-26,4712.31,9.859999999999998,46463.39,147931.79,49887.93,24.16%
2022-01-27,4619.88,10.289999999999997,47538.53,149918.34,51874.48,24.16%
2022-01-28,4563.77,10.729999999999997,48969.27,151926.40,53882.54,24.16%
2022-02-07,4634.09,10.299999999999997,47731.13,151926.40,51889.88,24.16%
2022-02-08,4608.77,10.299999999999997,47470.36,151926.40,51889.88,24.16%
2022-02-09,4652.06,10.299999999999997,47916.23,151926.40,51889.88,24.16%
2022-02-10,4639.86,10.299999999999997,47790.58,151926.40,51889.88,24.16%
2022-02-11,4601.40,10.299999999999997,47394.37,151926.40,51889.88,24.16%
2022-02-14,4551.69,10.739999999999997,48885.13,153929.14,53892.62,24.16%
2022-02-15,4600.10,10.309999999999997,47427.06,153929.14,51914.58,24.16%
2022-02-16,4617.99,10.309999999999997,47611.47,153929.14,51914.58,24.16%
2022-02-17,4629.16,10.309999999999997,47726.69,153929.14,51914.58,24.16%
2022-02-18,4651.24,9.879999999999997,45954.21,153929.14,49914.55,24.16%
2022-02-21,4634.31,9.879999999999997,45787.02,153929.14,49914.55,24.16%
2022-02-22,4574.15,10.319999999999997,47205.26,155941.77,51927.18,24.16%
2022-02-23,4623.05,9.889999999999997,45721.93,155941.77,49939.27,24.16%
2022-02-24,4529.32,10.329999999999997,46787.86,157934.67,51932.17,24.16%
2022-02-25,4573.42,10.329999999999997,47243.48,157934.67,51932.17,24.16%
2022-02-28,4581.65,9.889999999999997,45312.48,157934.67,49916.24,24.16%
2022-03-01,4619.69,9.889999999999997,45688.70,157934.67,49916.24,24.16%
2022-03-02,4578.60,9.889999999999997,45282.36,157934.67,49916.24,24.16%
2022-03-03,4551.63,9.889999999999997,45015.60,157934.67,49916.24,24.16%
2022-03-04,4496.43,10.329999999999997,46448.12,159913.10,51894.67,24.16%
2022-03-07,4352.78,10.789999999999997,46966.47,161915.38,53896.95,24.16%
2022-03-08,4265.39,11.259999999999998,48028.30,163920.11,55901.68,24.16%
2022-03-09,4226.35,11.259999999999998,47588.66,163920.11,55901.68,24.16%
2022-03-10,4292.84,11.259999999999998,48337.35,163920.11,55901.68,24.16%
2022-03-11,4306.52,11.259999999999998,48491.43,163920.11,55901.68,24.16%
2022-03-14,4174.76,11.739999999999998,49011.66,165924.00,57905.57,24.16%
2022-03-15,3983.81,12.239999999999998,48761.86,167915.90,59897.47,24.16%
2022-03-16,4156.08,11.759999999999998,48875.51,167915.90,57902.55,24.16%
2022-03-17,4237.70,11.289999999999997,47843.58,167915.90,55910.84,24.16%
2022-03-18,4265.90,11.289999999999997,48162.03,167915.90,55910.84,24.16%
2022-03-21,4258.75,11.289999999999997,48081.24,167915.90,55910.84,24.16%
2022-03-22,4255.30,11.289999999999997,48042.28,167915.90,55910.84,24.16%
2022-03-23,4276.52,11.289999999999997,48281.88,167915.90,55910.84,24.16%
2022-03-24,4251.31,11.289999999999997,47997.25,167915.90,55910.84,24.16%
2022-03-25,4174.57,11.769999999999998,49134.74,169919.70,57914.63,24.16%
2022-03-28,4148.47,11.769999999999998,48827.45,169919.70,57914.63,24.16%
2022-03-29,4134.14,11.769999999999998,48658.88,169919.70,57914.63,24.16%
2022-03-30,4254.10,11.299999999999997,48071.32,169919.70,55915.21,24.16%
2022-03-31,4222.60,11.299999999999997,47715.34,169919.70,55915.21,24.16%
2022-04-01,4276.16,11.299999999999997,48320.59,169919.70,55915.21,24.16%
2022-04-06,4263.84,11.299999999999997,48181.40,169919.70,55915.21,24.16%
2022-04-07,4209.10,11.779999999999998,49583.20,171940.07,57935.57,24.16%
2022-04-08,4230.77,11.779999999999998,49838.43,171940.07,57935.57,24.16%
2022-04-11,4100.07,12.269999999999998,50307.86,173949.10,59944.61,24.16%
2022-04-12,4179.97,11.789999999999997,49281.88,173949.10,57938.22,24.16%
2022-04-13,4139.74,11.789999999999997,48807.50,173949.10,57938.22,24.16%
2022-04-14,4191.57,11.789999999999997,49418.59,173949.10,57938.22,24.16%
2022-04-15,4188.75,11.789999999999997,49385.33,173949.10,57938.22,24.16%
2022-04-18,4166.38,11.789999999999997,49121.67,173949.10,57938.22,24.16%
2022-04-19,4134.90,12.269999999999998,50735.24,175933.85,59922.97,24.16%
2022-04-20,4070.79,12.759999999999998,51943.27,177928.54,61917.66,24.16%
2022-04-21,3995.83,13.259999999999998,52984.71,179926.45,63915.58,24.16%
2022-04-22,4013.25,13.259999999999998,53215.69,179926.45,63915.58,24.16%
2022-04-25,3814.91,13.779999999999998,52569.50,181910.21,65899.33,24.16%
2022-04-26,3784.12,13.779999999999998,52145.17,181910.21,65899.33,24.16%
2022-04-27,3895.54,13.269999999999998,51693.76,181910.21,63912.61,24.16%
2022-04-28,3921.11,13.269999999999998,52033.09,181910.21,63912.61,24.16%
2022-04-29,4016.24,12.769999999999998,51287.40,181910.21,61904.49,24.16%
2022-05-05,4010.21,12.769999999999998,51210.38,181910.21,61904.49,24.16%
2022-05-06,3908.82,13.279999999999998,51909.06,183903.70,63897.98,24.16%
2022-05-09,3877.44,13.279999999999998,51492.36,183903.70,63897.98,24.16%
2022-05-10,3919.87,13.279999999999998,52055.85,183903.70,63897.98,24.16%
2022-05-11,3976.42,12.779999999999998,50818.69,183903.70,61909.77,24.16%
2022-05-12,3958.74,12.779999999999998,50592.70,183903.70,61909.77,24.16%
2022-05-13,3988.60,12.779999999999998,50974.31,183903.70,61909.77,24.16%
2022-05-16,3956.54,12.779999999999998,50564.55,183903.70,61909.77,24.16%
2022-05-17,4005.89,12.779999999999998,51195.32,183903.70,61909.77,24.16%
2022-05-18,3991.91,12.779999999999998,51016.57,183903.70,61909.77,24.16%
2022-05-19,3999.60,12.779999999999998,51114.87,183903.70,61909.77,24.16%
2022-05-20,4077.60,12.289999999999997,50113.70,183903.70,59911.75,24.16%
2022-05-23,4053.98,12.289999999999997,49823.44,183903.70,59911.75,24.16%
2022-05-24,3959.15,12.799999999999997,50677.17,185922.87,61930.92,24.16%
2022-05-25,3983.18,12.799999999999997,50984.68,185922.87,61930.92,24.16%
2022-05-26,3993.04,12.799999999999997,51110.97,185922.87,61930.92,24.16%
2022-05-27,4001.30,12.299999999999997,49215.98,185922.87,59930.27,24.16%
2022-05-30,4029.02,12.299999999999997,49556.92,185922.87,59930.27,24.16%
2022-05-31,4091.52,11.809999999999997,48320.82,185922.87,57925.42,24.16%
2022-06-01,4083.18,11.809999999999997,48222.32,185922.87,57925.42,24.16%
2022-06-02,4089.57,11.809999999999997,48297.80,185922.87,57925.42,24.16%
2022-06-06,4166.09,11.329999999999997,47201.74,185922.87,55925.70,24.16%
2022-06-07,4179.13,11.329999999999997,47349.53,185922.87,55925.70,24.16%
2022-06-08,4219.81,10.859999999999996,45827.16,185922.87,53942.39,24.16%
2022-06-09,4175.67,11.339999999999996,47352.15,187927.20,55946.71,24.16%
2022-06-10,4238.99,10.869999999999996,46077.86,187927.20,53954.39,24.16%
2022-06-13,4189.35,11.349999999999996,47549.15,189938.09,55965.28,24.16%
2022-06-14,4222.31,11.349999999999996,47923.23,189938.09,55965.28,24.16%
2022-06-15,4278.22,10.879999999999995,46547.01,189938.09,53954.51,24.16%
2022-06-16,4250.06,10.879999999999995,46240.67,189938.09,53954.51,24.16%
2022-06-17,4309.04,10.879999999999995,46882.40,189938.09,53954.51,24.16%
2022-06-20,4330.43,10.419999999999995,45123.11,189938.09,51962.51,24.16%
2022-06-21,4325.57,10.419999999999995,45072.39,189938.09,51962.51,24.16%
2022-06-22,4270.62,10.889999999999995,46507.08,191945.28,53969.71,24.16%
2022-06-23,4343.88,10.429999999999994,45306.65,191945.28,51971.52,24.16%
2022-06-24,4394.77,9.969999999999994,43815.88,191945.28,49949.93,24.16%
2022-06-27,4444.26,9.519999999999994,42309.39,191945.28,47950.01,24.16%
2022-06-28,4490.52,9.069999999999995,40728.99,191945.28,45929.28,24.16%
2022-06-29,4421.36,9.519999999999994,42091.32,193934.89,47918.89,24.16%
2022-06-30,4485.01,9.069999999999995,40679.05,193934.89,45900.63,24.16%
2022-07-01,4466.72,9.069999999999995,40513.13,193934.89,45900.63,24.16%
2022-07-04,4496.03,9.069999999999995,40778.99,193934.89,45900.63,24.16%
2022-07-05,4489.54,9.069999999999995,40720.11,193934.89,45900.63,24.16%
2022-07-06,4423.97,9.519999999999994,42116.19,195925.68,47891.42,24.16%
2022-07-07,4443.47,9.519999999999994,42301.87,195925.68,47891.42,24.16%
2022-07-08,4428.78,9.519999999999994,42162.00,195925.68,47891.42,24.16%
2022-07-11,4354.62,9.979999999999995,43459.07,197928.80,49894.54,24.16%
2022-07-12,4313.62,9.979999999999995,43049.91,197928.80,49894.54,24.16%
2022-07-13,4321.46,9.979999999999995,43128.19,197928.80,49894.54,24.16%
2022-07-14,4322.07,9.979999999999995,43134.30,197928.80,49894.54,24.16%
2022-07-15,4248.53,10.449999999999996,44397.11,199925.61,51891.35,24.16%
2022-07-18,4292.59,9.979999999999995,42840.01,199925.61,49873.84,24.16%
2022-07-19,4269.34,9.979999999999995,42608.01,199925.61,49873.84,24.16%
2022-07-20,4283.80,9.979999999999995,42752.35,199925.61,49873.84,24.16%
2022-07-21,4236.06,10.449999999999996,44266.80,201916.55,51864.78,24.16%
2022-07-22,4238.23,10.449999999999996,44289.55,201916.55,51864.78,24.16%
2022-07-25,4212.64,10.449999999999996,44022.13,201916.55,51864.78,24.16%
2022-07-26,4245.98,10.449999999999996,44370.45,201916.55,51864.78,24.16%
2022-07-27,4225.04,10.449999999999996,44151.62,201916.55,51864.78,24.16%
2022-07-28,4225.67,10.449999999999996,44158.29,201916.55,51864.78,24.16%
2022-07-29,4170.10,10.929999999999996,45579.21,203918.20,53866.43,24.16%
2022-08-01,4188.68,10.929999999999996,45782.25,203918.20,53866.43,24.16%
2022-08-02,4107.02,11.419999999999996,46902.21,205930.65,55878.87,24.16%
2022-08-03,4066.98,11.419999999999996,46444.86,205930.65,55878.87,24.16%
2022-08-04,4101.54,11.419999999999996,46839.55,205930.65,55878.87,24.16%
2022-08-05,4156.91,10.939999999999996,45476.61,205930.65,53883.56,24.16%
2022-08-08,4148.07,10.939999999999996,45379.94,205930.65,53883.56,24.16%
2022-08-09,4156.29,10.939999999999996,45469.82,205930.65,53883.56,24.16%
2022-08-10,4109.74,11.429999999999996,46974.30,207944.42,55897.33,24.16%
2022-08-11,4193.54,10.949999999999996,45919.29,207944.42,53884.43,24.16%
2022-08-12,4191.15,10.949999999999996,45893.11,207944.42,53884.43,24.16%
2022-08-15,4185.68,10.949999999999996,45833.19,207944.42,53884.43,24.16%
2022-08-16,4177.84,10.949999999999996,45747.32,207944.42,53884.43,24.16%
2022-08-17,4216.96,10.949999999999996,46175.70,207944.42,53884.43,24.16%
2022-08-18,4180.10,10.949999999999996,45772.09,207944.42,53884.43,24.16%
2022-08-19,4151.07,11.429999999999996,47446.77,209936.93,55876.94,24.16%
2022-08-22,4181.40,11.429999999999996,47793.36,209936.93,55876.94,24.16%
2022-08-23,4161.08,11.429999999999996,47561.17,209936.93,55876.94,24.16%
2022-08-24,4082.42,11.919999999999996,48662.44,211937.32,57877.33,24.16%
2022-08-25,4116.24,11.919999999999996,49065.58,211937.32,57877.33,24.16%
2022-08-26,4107.55,11.919999999999996,48961.94,211937.32,57877.33,24.16%
2022-08-29,4089.52,11.919999999999996,48747.08,211937.32,57877.33,24.16%
2022-08-30,4075.79,11.919999999999996,48583.46,211937.32,57877.33,24.16%
2022-08-31,4078.84,11.919999999999996,48619.78,211937.32,57877.33,24.16%
2022-09-01,4043.74,11.919999999999996,48201.37,211937.32,57877.33,24.16%
2022-09-02,4023.61,12.419999999999996,49973.27,213949.12,59889.13,24.16%
2022-09-05,4015.43,12.419999999999996,49871.60,213949.12,59889.13,24.16%
2022-09-06,4052.28,12.419999999999996,50329.32,213949.12,59889.13,24.16%
2022-09-07,4054.98,12.419999999999996,50362.89,213949.12,59889.13,24.16%
2022-09-08,4037.68,12.419999999999996,50148.03,213949.12,59889.13,24.16%
2022-09-09,4093.79,11.929999999999996,48838.88,213949.12,57883.18,24.16%
2022-09-13,4111.11,11.929999999999996,49045.60,213949.12,57883.18,24.16%
2022-09-14,4065.36,11.929999999999996,48499.73,213949.12,57883.18,24.16%
2022-09-15,4027.12,12.429999999999996,50057.08,215962.68,59896.74,24.16%
2022-09-16,3932.68,12.939999999999996,50888.91,217968.35,61902.41,24.16%
2022-09-19,3928.00,12.939999999999996,50828.32,217968.35,61902.41,24.16%
2022-09-20,3932.84,12.939999999999996,50890.90,217968.35,61902.41,24.16%
2022-09-21,3903.73,12.939999999999996,50514.33,217968.35,61902.41,24.16%
2022-09-22,3869.34,13.459999999999996,52081.37,219980.41,63914.46,24.16%
2022-09-23,3856.02,13.459999999999996,51902.05,219980.41,63914.46,24.16%
2022-09-26,3836.68,13.459999999999996,51641.68,219980.41,63914.46,24.16%
2022-09-27,3892.30,13.459999999999996,52390.29,219980.41,63914.46,24.16%
2022-09-28,3828.71,13.979999999999995,53525.36,221971.34,65905.39,24.16%
2022-09-29,3827.14,13.979999999999995,53503.46,221971.34,65905.39,24.16%
2022-09-30,3804.89,13.979999999999995,53192.30,221971.34,65905.39,24.16%
2022-10-10,3720.94,14.519999999999996,54028.00,223980.65,67914.70,24.16%
2022-10-11,3727.69,14.519999999999996,54126.01,223980.65,67914.70,24.16%
2022-10-12,3784.31,13.989999999999997,52942.45,223980.65,65909.02,24.16%
2022-10-13,3752.67,13.989999999999997,52499.89,223980.65,65909.02,24.16%
2022-10-14,3842.47,13.469999999999997,51758.07,223980.65,63910.93,24.16%
2022-10-17,3846.41,13.469999999999997,51811.17,223980.65,63910.93,24.16%
2022-10-18,3838.27,13.469999999999997,51701.45,223980.65,63910.93,24.16%
2022-10-19,3776.53,13.999999999999996,52871.47,225982.21,65912.50,24.16%
2022-10-20,3754.93,13.999999999999996,52568.98,225982.21,65912.50,24.16%
2022-10-21,3742.89,13.999999999999996,52400.50,225982.21,65912.50,24.16%
2022-10-24,3633.37,14.549999999999997,52865.58,227980.56,67910.85,24.16%
2022-10-25,3627.45,14.549999999999997,52779.46,227980.56,67910.85,24.16%
2022-10-26,3656.90,14.549999999999997,53207.93,227980.56,67910.85,24.16%
2022-10-27,3631.14,14.549999999999997,52833.16,227980.56,67910.85,24.16%
2022-10-28,3541.33,15.109999999999998,53509.49,229963.71,69894.00,24.16%
2022-10-31,3508.70,15.109999999999998,53016.51,229963.71,69894.00,24.16%
2022-11-01,3634.17,14.559999999999997,52913.56,229963.71,67895.20,24.16%
2022-11-02,3677.81,14.019999999999996,51562.83,229963.71,65909.18,24.16%
2022-11-03,3647.90,14.019999999999996,51143.51,229963.71,65909.18,24.16%
2022-11-04,3767.17,13.489999999999997,50819.19,229963.71,63912.58,24.16%
2022-11-07,3775.30,13.489999999999997,50928.76,229963.71,63912.58,24.16%
2022-11-08,3749.33,13.489999999999997,50578.40,229963.71,63912.58,24.16%
2022-11-09,3714.27,14.029999999999998,52111.21,231969.41,65918.29,24.16%
2022-11-10,3685.69,14.029999999999998,51710.21,231969.41,65918.29,24.16%
2022-11-11,3788.44,13.499999999999998,51143.92,231969.41,63910.42,24.16%
2022-11-14,3794.02,13.499999999999998,51219.23,231969.41,63910.42,24.16%
2022-11-15,3865.97,12.979999999999999,50180.32,231969.41,61900.11,24.16%
2022-11-16,3834.39,12.979999999999999,49770.38,231969.41,61900.11,24.16%
2022-11-17,3818.66,13.499999999999998,51551.96,233955.12,63885.82,24.16%
2022-11-18,3801.57,13.499999999999998,51321.18,233955.12,63885.82,24.16%
2022-11-21,3769.13,14.029999999999998,52880.85,235952.76,65883.45,24.16%
2022-11-22,3769.57,14.029999999999998,52887.10,235952.76,65883.45,24.16%
2022-11-23,3773.53,14.029999999999998,52942.61,235952.76,65883.45,24.16%
2022-11-24,3756.81,14.029999999999998,52708.02,235952.76,65883.45,24.16%
2022-11-25,3775.78,14.029999999999998,52974.14,235952.76,65883.45,24.16%
2022-11-28,3733.24,14.029999999999998,52377.39,235952.76,65883.45,24.16%
2022-11-29,3848.42,13.509999999999998,51992.19,235952.76,63882.27,24.16%
2022-11-30,3853.04,13.509999999999998,52054.52,235952.76,63882.27,24.16%
2022-12-01,3894.77,12.999999999999998,50631.99,235952.76,61895.94,24.16%
2022-12-02,3870.95,12.999999999999998,50322.32,235952.76,61895.94,24.16%
2022-12-05,3946.88,12.489999999999998,49296.48,235952.76,59883.03,24.16%
2022-12-06,3968.20,12.489999999999998,49562.79,235952.76,59883.03,24.16%
2022-12-07,3958.44,12.489999999999998,49440.93,235952.76,59883.03,24.16%
2022-12-08,3959.18,12.489999999999998,49450.16,235952.76,59883.03,24.16%
2022-12-09,3998.24,11.989999999999998,47938.95,235952.76,57883.91,24.16%
2022-12-12,3953.44,12.499999999999998,49418.04,237969.01,59900.17,24.16%
2022-12-13,3945.68,12.499999999999998,49321.02,237969.01,59900.17,24.16%
2022-12-14,3954.89,12.499999999999998,49436.07,237969.01,59900.17,24.16%
2022-12-15,3951.99,12.499999999999998,49399.86,237969.01,59900.17,24.16%
2022-12-16,3954.23,12.499999999999998,49427.84,237969.01,59900.17,24.16%
2022-12-19,3893.22,13.009999999999998,50650.80,239954.56,61885.71,24.16%
2022-12-20,3829.02,13.529999999999998,51806.60,241945.64,63876.80,24.16%
2022-12-21,3830.54,13.529999999999998,51827.18,241945.64,63876.80,24.16%
2022-12-22,3836.03,13.529999999999998,51901.46,241945.64,63876.80,24.16%
2022-12-23,3828.22,13.529999999999998,51795.80,241945.64,63876.80,24.16%
2022-12-26,3843.49,13.529999999999998,52002.40,241945.64,63876.80,24.16%
2022-12-27,3887.85,13.019999999999998,50619.86,241945.64,61893.99,24.16%
2022-12-28,3871.26,13.019999999999998,50403.86,241945.64,61893.99,24.16%
2022-12-29,3856.70,13.019999999999998,50214.24,241945.64,61893.99,24.16%
2022-12-30,3871.63,13.019999999999998,50408.67,241945.64,61893.99,24.16%
2023-01-03,3887.90,13.019999999999998,50620.45,241945.64,61893.99,24.16%
2023-01-04,3892.95,13.019999999999998,50686.18,241945.64,61893.99,24.16%
2023-01-05,3968.58,12.519999999999998,49686.60,241945.64,59909.71,24.16%
2023-01-06,3980.89,12.519999999999998,49840.73,241945.64,59909.71,24.16%
2023-01-09,4013.12,12.019999999999998,48237.70,241945.64,57903.15,24.16%
2023-01-10,4017.47,12.019999999999998,48290.03,241945.64,57903.15,24.16%
2023-01-11,4010.03,12.019999999999998,48200.57,241945.64,57903.15,24.16%
2023-01-12,4017.87,12.019999999999998,48294.79,241945.64,57903.15,24.16%
2023-01-13,4074.38,11.529999999999998,46977.57,241945.64,55906.70,24.16%
2023-01-16,4137.96,11.049999999999997,45724.51,241945.64,53920.48,24.16%
2023-01-17,4137.24,11.049999999999997,45716.53,241945.64,53920.48,24.16%
2023-01-18,4130.31,11.049999999999997,45639.97,241945.64,53920.48,24.16%
2023-01-19,4156.01,11.049999999999997,45923.89,241945.64,53920.48,24.16%
2023-01-20,4181.53,10.569999999999997,44198.74,241945.64,51913.34,24.16%
2023-01-30,4201.35,10.569999999999997,44408.22,241945.64,51913.34,24.16%
2023-01-31,4156.86,10.569999999999997,43937.99,241945.64,51913.34,24.16%
2023-02-01,4195.93,10.569999999999997,44351.01,241945.64,51913.34,24.16%
2023-02-02,4181.15,10.569999999999997,44194.75,241945.64,51913.34,24.16%
2023-02-03,4141.63,10.569999999999997,43777.05,241945.64,51913.34,24.16%
2023-02-06,4086.88,11.059999999999997,45200.87,243948.21,53915.92,24.16%
2023-02-07,4094.23,11.059999999999997,45282.22,243948.21,53915.92,24.16%
2023-02-08,4076.14,11.059999999999997,45082.12,243948.21,53915.92,24.16%
2023-02-09,4130.86,10.579999999999997,43704.46,243948.21,51933.10,24.16%
2023-02-10,4106.31,10.579999999999997,43444.76,243948.21,51933.10,24.16%
2023-02-13,4143.57,10.579999999999997,43839.01,243948.21,51933.10,24.16%
2023-02-14,4145.29,10.579999999999997,43857.17,243948.21,51933.10,24.16%
2023-02-15,4123.69,10.579999999999997,43628.63,243948.21,51933.10,24.16%
2023-02-16,4093.49,10.579999999999997,43309.10,243948.21,51933.10,24.16%
2023-02-17,4034.51,11.079999999999997,44702.34,245965.47,53950.36,24.16%
2023-02-20,4133.49,10.599999999999996,43814.99,245965.47,51966.28,24.16%
2023-02-21,4144.35,10.599999999999996,43930.15,245965.47,51966.28,24.16%
2023-02-22,4106.95,10.599999999999996,43533.68,245965.47,51966.28,24.16%
2023-02-23,4103.65,10.599999999999996,43498.65,245965.47,51966.28,24.16%
2023-02-24,4061.05,11.089999999999996,45037.00,247955.38,53956.19,24.16%
2023-02-27,4043.84,11.089999999999996,44846.23,247955.38,53956.19,24.16%
2023-02-28,4069.46,11.089999999999996,45130.30,247955.38,53956.19,24.16%
2023-03-01,4126.94,10.609999999999996,43786.85,247955.38,51975.26,24.16%
2023-03-02,4117.74,10.609999999999996,43689.20,247955.38,51975.26,24.16%
2023-03-03,4130.55,10.609999999999996,43825.15,247955.38,51975.26,24.16%
2023-03-06,4109.01,10.609999999999996,43596.60,247955.38,51975.26,24.16%
2023-03-07,4048.85,11.099999999999996,44942.26,249939.32,53959.20,24.16%
2023-03-08,4034.11,11.099999999999996,44778.60,249939.32,53959.20,24.16%
2023-03-09,4019.85,11.099999999999996,44620.34,249939.32,53959.20,24.16%
2023-03-10,3967.14,11.599999999999996,46018.77,251922.89,55942.77,24.16%
2023-03-13,4008.69,11.099999999999996,44496.41,251922.89,53938.42,24.16%
2023-03-14,3984.70,11.099999999999996,44230.12,251922.89,53938.42,24.16%
2023-03-15,3986.90,11.099999999999996,44254.61,251922.89,53938.42,24.16%
2023-03-16,3939.15,11.609999999999996,45733.54,253931.85,55947.39,24.16%
2023-03-17,3958.82,11.609999999999996,45961.89,253931.85,55947.39,24.16%
2023-03-20,3939.08,11.609999999999996,45732.68,253931.85,55947.39,24.16%
2023-03-21,3982.38,11.109999999999996,44244.22,253931.85,53956.20,24.16%
2023-03-22,3999.44,11.109999999999996,44433.81,253931.85,53956.20,24.16%
2023-03-23,4039.09,10.609999999999996,42854.74,253931.85,51936.66,24.16%
2023-03-24,4027.05,10.609999999999996,42726.95,253931.85,51936.66,24.16%
2023-03-27,4012.48,10.609999999999996,42572.38,253931.85,51936.66,24.16%
2023-03-28,3999.51,10.609999999999996,42434.85,253931.85,51936.66,24.16%
2023-03-29,4006.14,10.609999999999996,42505.19,253931.85,51936.66,24.16%
2023-03-30,4038.53,10.609999999999996,42848.76,253931.85,51936.66,24.16%
2023-03-31,4050.93,10.609999999999996,42980.32,253931.85,51936.66,24.16%
2023-04-03,4090.57,10.119999999999996,41396.54,253931.85,49932.28,24.16%
2023-04-04,4103.11,10.119999999999996,41523.42,253931.85,49932.28,24.16%
2023-04-06,4096.64,10.119999999999996,41458.00,253931.85,49932.28,24.16%
2023-04-07,4123.28,10.119999999999996,41727.59,253931.85,49932.28,24.16%
2023-04-10,4104.81,10.119999999999996,41540.70,253931.85,49932.28,24.16%
2023-04-11,4100.15,10.119999999999996,41493.50,253931.85,49932.28,24.16%
2023-04-12,4097.29,10.119999999999996,41464.55,253931.85,49932.28,24.16%
2023-04-13,4068.98,10.119999999999996,41178.06,253931.85,49932.28,24.16%
2023-04-14,4092.00,10.119999999999996,41411.03,253931.85,49932.28,24.16%
2023-04-17,4149.38,9.639999999999995,40000.06,253931.85,47940.58,26.10%
2023-04-18,4162.03,9.639999999999995,40121.99,253931.85,47940.58,26.10%
2023-04-19,4124.56,9.639999999999995,39760.75,253931.85,47940.58,26.54%
2023-04-20,4113.02,9.639999999999995,39649.51,253931.85,47940.58,26.75%
2023-04-21,4032.57,10.139999999999995,40890.23,255948.14,49956.86,26.75%
2023-04-24,3982.64,10.639999999999995,42375.32,257939.46,51948.18,26.75%
2023-04-25,3962.67,10.639999999999995,42162.76,257939.46,51948.18,26.75%
2023-04-26,3959.23,10.639999999999995,42126.23,257939.46,51948.18,26.75%
2023-04-27,3988.42,10.639999999999995,42436.77,257939.46,51948.18,26.75%
2023-04-28,4029.09,10.139999999999995,40854.93,257939.46,49933.64,26.75%
2023-05-04,4030.25,10.139999999999995,40866.71,257939.46,49933.64,26.75%
2023-05-05,4016.88,10.139999999999995,40731.14,257939.46,49933.64,26.75%
2023-05-08,4062.66,10.139999999999995,41195.40,257939.46,49933.64,26.75%
2023-05-09,4027.88,10.139999999999995,40842.66,257939.46,49933.64,26.75%
2023-05-10,3996.87,10.139999999999995,40528.26,257939.46,49933.64,26.75%
2023-05-11,3990.66,10.139999999999995,40465.33,257939.46,49933.64,26.75%
2023-05-12,3937.76,10.649999999999995,41937.17,259947.72,51941.90,26.75%
2023-05-15,3998.89,10.149999999999995,40588.71,259947.72,49942.45,26.75%
2023-05-16,3978.21,10.149999999999995,40378.78,259947.72,49942.45,26.75%
2023-05-17,3960.16,10.149999999999995,40195.67,259947.72,49942.45,26.75%
2023-05-18,3956.07,10.659999999999995,42171.71,261965.31,51960.05,26.75%
2023-05-19,3944.54,10.659999999999995,42048.80,261965.31,51960.05,26.75%
2023-05-22,3969.33,10.659999999999995,42313.03,261965.31,51960.05,26.75%
2023-05-23,3913.19,11.169999999999995,43710.31,263961.04,53955.77,26.75%
2023-05-24,3859.09,11.689999999999994,45112.80,265967.77,55962.50,26.75%
2023-05-25,3850.50,11.689999999999994,45012.34,265967.77,55962.50,26.75%
2023-05-26,3850.95,11.689999999999994,45017.62,265967.77,55962.50,26.75%
2023-05-29,3833.94,11.689999999999994,44818.78,265967.77,55962.50,26.75%
2023-05-30,3837.75,11.689999999999994,44863.33,265967.77,55962.50,26.75%
2023-05-31,3798.54,12.219999999999994,46418.20,267980.99,57975.73,26.75%
2023-06-01,3806.87,12.219999999999994,46519.93,267980.99,57975.73,26.75%
2023-06-02,3861.83,11.699999999999994,45183.45,267980.99,55967.58,26.75%
2023-06-05,3844.25,11.699999999999994,44977.72,267980.99,55967.58,26.75%
2023-06-06,3808.16,12.229999999999993,46573.83,269999.32,57985.90,26.75%
2023-06-07,3789.34,12.229999999999993,46343.65,269999.32,57985.90,26.75%
2023-06-08,3820.19,12.229999999999993,46720.88,269999.32,57985.90,26.75%
2023-06-09,3836.70,12.229999999999993,46922.87,269999.32,57985.90,26.75%
2023-06-12,3844.43,12.229999999999993,47017.41,269999.32,57985.90,26.75%
2023-06-13,3864.91,11.709999999999994,45258.07,269999.32,55976.15,26.75%
2023-06-14,3864.02,11.709999999999994,45247.73,269999.32,55976.15,26.75%
2023-06-15,3925.50,11.199999999999994,43965.59,269999.32,53974.15,26.75%
2023-06-16,3963.35,11.199999999999994,44389.53,269999.32,53974.15,26.75%
2023-06-19,3930.91,11.199999999999994,44026.17,269999.32,53974.15,26.75%
2023-06-20,3924.24,11.199999999999994,43951.46,269999.32,53974.15,26.75%
2023-06-21,3864.03,11.719999999999994,45286.46,272008.62,55983.44,26.75%
2023-06-26,3809.70,12.239999999999993,46630.68,273989.66,57964.49,26.75%
2023-06-27,3845.43,12.239999999999993,47068.10,273989.66,57964.49,26.75%
2023-06-28,3840.80,12.239999999999993,47011.37,273989.66,57964.49,26.75%
2023-06-29,3821.84,12.239999999999993,46779.36,273989.66,57964.49,26.75%
2023-06-30,3842.45,12.239999999999993,47031.61,273989.66,57964.49,26.75%
2023-07-03,3892.88,11.729999999999993,45663.51,273989.66,55979.12,26.75%
2023-07-04,3899.01,11.729999999999993,45735.43,273989.66,55979.12,26.75%
2023-07-05,3868.81,11.729999999999993,45381.09,273989.66,55979.12,26.75%
2023-07-06,3842.75,12.249999999999993,47073.75,275987.89,57977.35,26.75%
2023-07-07,3825.70,12.249999999999993,46864.81,275987.89,57977.35,26.75%
2023-07-10,3844.33,12.249999999999993,47093.00,275987.89,57977.35,26.75%
2023-07-11,3869.49,12.249999999999993,47401.20,275987.89,57977.35,26.75%
2023-07-12,3843.44,12.249999999999993,47082.10,275987.89,57977.35,26.75%
2023-07-13,3898.42,11.739999999999993,45767.48,275987.89,55989.15,26.75%
2023-07-14,3899.10,11.739999999999993,45775.47,275987.89,55989.15,26.75%
2023-07-17,3867.17,11.739999999999993,45400.63,275987.89,55989.15,26.75%
2023-07-18,3854.94,12.259999999999993,47261.56,277992.46,57993.72,26.75%
2023-07-19,3850.87,12.259999999999993,47211.62,277992.46,57993.72,26.75%
2023-07-20,3823.69,12.259999999999993,46878.50,277992.46,57993.72,26.75%
2023-07-21,3821.91,12.259999999999993,46856.62,277992.46,57993.72,26.75%
2023-07-24,3805.22,12.789999999999992,48668.78,280009.23,60010.49,26.75%
2023-07-25,3915.12,12.279999999999992,48077.62,280009.23,58013.78,26.75%
2023-07-26,3907.01,12.279999999999992,47978.12,280009.23,58013.78,26.75%
2023-07-27,3902.35,12.279999999999992,47920.81,280009.23,58013.78,26.75%
2023-07-28,3992.74,11.779999999999992,47034.45,280009.23,56017.41,26.75%
2023-07-31,4014.63,11.779999999999992,47292.34,280009.23,56017.41,26.75%
2023-08-01,3998.00,11.779999999999992,47096.45,280009.23,56017.41,26.75%
2023-08-02,3969.89,11.779999999999992,46765.36,280009.23,56017.41,26.75%
2023-08-03,4004.98,11.779999999999992,47178.71,280009.23,56017.41,26.75%
2023-08-04,4020.58,11.779999999999992,47362.42,280009.23,56017.41,26.75%
2023-08-07,3990.15,11.779999999999992,47004.00,280009.23,56017.41,26.75%
2023-08-08,3979.73,11.779999999999992,46881.25,280009.23,56017.41,26.75%
2023-08-09,3967.57,11.779999999999992,46737.92,280009.23,56017.41,26.75%
2023-08-10,3975.72,11.779999999999992,46833.94,280009.23,56017.41,26.75%
2023-08-11,3884.25,12.289999999999992,47737.48,281990.20,57998.38,26.75%
2023-08-14,3855.91,12.289999999999992,47389.09,281990.20,57998.38,26.75%
2023-08-15,3846.54,12.289999999999992,47273.92,281990.20,57998.38,26.75%
2023-08-16,3818.33,12.809999999999992,48912.86,283975.73,59983.91,26.75%
2023-08-17,3831.10,12.809999999999992,49076.40,283975.73,59983.91,26.75%
2023-08-18,3784.00,12.809999999999992,48473.09,283975.73,59983.91,26.75%
2023-08-21,3729.55,13.34999999999999,49789.56,285989.69,61997.87,26.75%
2023-08-22,3758.23,13.34999999999999,50172.33,285989.69,61997.87,26.75%
2023-08-23,3696.63,13.34999999999999,49350.06,285989.69,61997.87,26.75%
2023-08-24,3723.43,13.34999999999999,49707.78,285989.69,61997.87,26.75%
2023-08-25,3709.15,13.34999999999999,49517.18,285989.69,61997.87,26.75%
2023-08-28,3752.62,13.34999999999999,50097.47,285989.69,61997.87,26.75%
2023-08-29,3790.11,12.819999999999991,48589.17,285989.69,59989.12,26.75%
2023-08-30,3788.51,12.819999999999991,48568.69,285989.69,59989.12,26.75%
2023-08-31,3765.27,12.819999999999991,48270.73,285989.69,59989.12,26.75%
2023-09-01,3791.49,12.819999999999991,48606.92,285989.69,59989.12,26.75%
2023-09-04,3848.95,12.299999999999992,47342.11,285989.69,57987.66,26.75%
2023-09-05,3820.32,12.299999999999992,46989.90,285989.69,57987.66,26.75%
2023-09-06,3812.03,12.299999999999992,46887.95,285989.69,57987.66,26.75%
2023-09-07,3758.47,12.829999999999991,48221.23,287981.68,59979.65,26.75%
2023-09-08,3739.99,12.829999999999991,47984.11,287981.68,59979.65,26.75%
2023-09-11,3767.54,12.829999999999991,48337.50,287981.68,59979.65,26.75%
2023-09-12,3760.60,12.829999999999991,48248.56,287981.68,59979.65,26.75%
2023-09-13,3736.65,12.829999999999991,47941.24,287981.68,59979.65,26.75%
2023-09-14,3733.51,12.829999999999991,47900.90,287981.68,59979.65,26.75%
2023-09-15,3708.78,13.36999999999999,49586.34,289984.42,61982.39,26.75%
2023-09-18,3727.71,13.36999999999999,49839.50,289984.42,61982.39,26.75%
2023-09-19,3720.50,13.36999999999999,49743.11,289984.42,61982.39,26.75%
2023-09-20,3705.69,13.36999999999999,49545.07,289984.42,61982.39,26.75%
2023-09-21,3672.44,13.36999999999999,49100.59,289984.42,61982.39,26.75%
2023-09-22,3738.93,13.36999999999999,49989.53,289984.42,61982.39,26.75%
2023-09-25,3714.60,13.36999999999999,49664.25,289984.42,61982.39,26.75%
2023-09-26,3692.89,13.36999999999999,49373.98,289984.42,61982.39,26.75%
2023-09-27,3700.49,13.36999999999999,49475.62,289984.42,61982.39,26.75%
2023-09-28,3689.52,13.36999999999999,49328.84,289984.42,61982.39,26.75%
2023-10-09,3684.73,13.36999999999999,49264.80,289984.42,61982.39,26.75%
2023-10-10,3657.13,13.919999999999991,50907.19,291995.84,63993.81,26.75%
2023-10-11,3667.55,13.919999999999991,51052.27,291995.84,63993.81,26.75%
2023-10-12,3702.38,13.379999999999992,49537.88,291995.84,61994.53,26.75%
2023-10-13,3663.41,13.929999999999993,51031.31,294010.72,64009.40,26.75%
2023-10-16,3626.60,14.479999999999993,52513.13,296005.34,66004.03,26.75%
2023-10-17,3639.40,14.479999999999993,52698.54,296005.34,66004.03,26.75%
2023-10-18,3610.58,14.479999999999993,52281.15,296005.34,66004.03,26.75%
2023-10-19,3533.54,15.049999999999994,53179.84,298019.46,68018.15,26.75%
2023-10-20,3510.59,15.049999999999994,52834.36,298019.46,68018.15,26.75%
2023-10-23,3474.24,15.629999999999994,54302.43,300034.53,70033.21,26.75%
2023-10-24,3487.13,15.629999999999994,54503.85,300034.53,70033.21,26.75%
2023-10-25,3504.46,15.629999999999994,54774.67,300034.53,70033.21,26.75%
2023-10-26,3514.14,15.059999999999993,52923.02,300034.53,68030.15,26.75%
2023-10-27,3562.39,14.499999999999993,51654.58,300034.53,66035.21,26.75%
2023-10-30,3583.77,14.499999999999993,51964.69,300034.53,66035.21,26.75%
2023-10-31,3572.51,14.499999999999993,51801.33,300034.53,66035.21,26.75%
2023-11-01,3571.03,14.499999999999993,51779.89,300034.53,66035.21,26.75%
2023-11-02,3554.19,14.499999999999993,51535.74,300034.53,66035.21,26.75%
2023-11-03,3584.14,14.499999999999993,51969.98,300034.53,66035.21,26.75%
2023-11-06,3632.61,13.949999999999992,50674.89,300034.53,64037.28,26.75%
2023-11-07,3619.76,13.949999999999992,50495.64,300034.53,64037.28,26.75%
2023-11-08,3611.07,13.949999999999992,50374.46,300034.53,64037.28,26.75%
2023-11-09,3612.83,13.949999999999992,50398.93,300034.53,64037.28,26.75%
2023-11-10,3586.49,14.509999999999993,52039.96,302042.96,66045.71,26.75%
2023-11-13,3579.41,14.509999999999993,51937.30,302042.96,66045.71,26.75%
2023-11-14,3582.06,14.509999999999993,51975.67,302042.96,66045.71,26.75%
2023-11-15,3607.25,14.509999999999993,52341.13,302042.96,66045.71,26.75%
2023-11-16,3572.36,14.509999999999993,51835.00,302042.96,66045.71,26.75%
2023-11-17,3568.07,14.509999999999993,51772.67,302042.96,66045.71,26.75%
2023-11-20,3576.32,14.509999999999993,51892.45,302042.96,66045.71,26.75%
2023-11-21,3581.07,14.509999999999993,51961.29,302042.96,66045.71,26.75%
2023-11-22,3544.42,15.069999999999993,53414.35,304027.83,68030.59,26.75%
2023-11-23,3561.52,15.069999999999993,53672.11,304027.83,68030.59,26.75%
2023-11-24,3538.01,15.069999999999993,53317.79,304027.83,68030.59,26.75%
2023-11-27,3511.94,15.069999999999993,52924.97,304027.83,68030.59,26.75%
2023-11-28,3518.52,15.069999999999993,53024.14,304027.83,68030.59,26.75%
2023-11-29,3488.31,15.639999999999993,54557.13,306016.17,70018.92,26.75%
2023-11-30,3496.20,15.639999999999993,54680.61,306016.17,70018.92,26.75%
2023-12-01,3482.88,15.639999999999993,54472.26,306016.17,70018.92,26.75%
2023-12-04,3460.14,15.639999999999993,54116.56,306016.17,70018.92,26.75%
2023-12-05,3394.26,16.229999999999993,55088.79,308018.78,72021.53,26.75%
2023-12-06,3399.60,16.229999999999993,55175.48,308018.78,72021.53,26.75%
2023-12-07,3391.28,16.229999999999993,55040.51,308018.78,72021.53,26.75%
2023-12-08,3399.46,16.229999999999993,55173.27,308018.78,72021.53,26.75%
2023-12-11,3419.45,16.229999999999993,55497.75,308018.78,72021.53,26.75%
2023-12-12,3426.80,16.229999999999993,55617.01,308018.78,72021.53,26.75%
2023-12-13,3369.61,16.229999999999993,54688.69,308018.78,72021.53,26.75%
2023-12-14,3351.96,16.829999999999995,56413.55,310029.96,74032.71,26.75%
2023-12-15,3341.55,16.829999999999995,56238.32,310029.96,74032.71,26.75%
2023-12-18,3329.37,16.829999999999995,56033.22,310029.96,74032.71,26.75%
2023-12-19,3334.04,16.829999999999995,56111.91,310029.96,74032.71,26.75%
2023-12-20,3297.50,17.439999999999994,57508.44,312041.43,76044.19,26.75%
2023-12-21,3330.87,16.839999999999993,56091.85,312041.43,74045.67,26.75%
2023-12-22,3337.23,16.839999999999993,56198.92,312041.43,74045.67,26.75%
2023-12-25,3347.45,16.839999999999993,56371.07,312041.43,74045.67,26.75%
2023-12-26,3324.79,16.839999999999993,55989.47,312041.43,74045.67,26.75%
2023-12-27,3336.36,16.839999999999993,56184.26,312041.43,74045.67,26.75%
2023-12-28,3414.54,16.249999999999993,55486.28,312041.43,72031.09,26.75%
2023-12-29,3431.11,16.249999999999993,55755.54,312041.43,72031.09,26.75%
2024-01-02,3386.35,16.249999999999993,55028.22,312041.43,72031.09,26.75%
2024-01-03,3378.30,16.839999999999993,56890.52,314034.63,74024.28,26.75%
2024-01-04,3347.05,16.839999999999993,56364.35,314034.63,74024.28,26.75%
2024-01-05,3329.11,17.439999999999994,58059.70,316032.10,76021.75,26.75%
2024-01-08,3286.06,18.049999999999994,59313.32,318036.59,78026.24,26.75%
2024-01-09,3292.50,18.049999999999994,59429.61,318036.59,78026.24,26.75%
2024-01-10,3277.13,18.049999999999994,59152.18,318036.59,78026.24,26.75%
2024-01-11,3295.67,18.049999999999994,59486.87,318036.59,78026.24,26.75%
2024-01-12,3284.17,18.049999999999994,59279.21,318036.59,78026.24,26.75%
2024-01-15,3280.92,18.049999999999994,59220.60,318036.59,78026.24,26.75%
2024-01-16,3300.88,18.049999999999994,59580.82,318036.59,78026.24,26.75%
2024-01-17,3229.08,18.669999999999995,60286.96,320038.62,80028.27,26.75%
2024-01-18,3274.73,18.059999999999995,59141.60,320038.62,78030.69,26.75%
2024-01-19,3269.78,18.059999999999995,59052.16,320038.62,78030.69,26.75%
2024-01-22,3218.90,18.679999999999996,60129.08,322034.34,80026.41,26.75%
2024-01-23,3231.93,18.679999999999996,60372.51,322034.34,80026.41,26.75%
2024-01-24,3277.11,18.069999999999997,59217.36,322034.34,78027.37,26.75%
2024-01-25,3342.92,17.469999999999995,58400.79,322034.34,76021.62,26.75%
2024-01-26,3333.82,17.469999999999995,58241.86,322034.34,76021.62,26.75%
2024-01-29,3303.96,18.079999999999995,59735.60,324049.76,78037.04,26.75%
2024-01-30,3245.04,18.699999999999996,60682.22,326061.68,80048.96,26.75%
2024-01-31,3215.35,18.699999999999996,60127.08,326061.68,80048.96,26.75%
2024-02-01,3217.71,18.699999999999996,60171.19,326061.68,80048.96,26.75%
2024-02-02,3179.63,19.329999999999995,61462.20,328064.85,82052.13,26.75%
2024-02-05,3200.42,19.329999999999995,61864.15,328064.85,82052.13,26.75%
2024-02-06,3311.69,18.729999999999993,62027.99,328064.85,80065.11,26.75%
2024-02-07,3343.63,18.729999999999993,62626.20,328064.85,80065.11,26.75%
2024-02-08,3364.93,18.139999999999993,61039.82,328064.85,78079.80,26.75%
2024-02-19,3403.81,17.549999999999994,59736.83,328064.85,76071.56,26.75%
2024-02-20,3410.85,17.549999999999994,59860.49,328064.85,76071.56,26.75%
2024-02-21,3456.87,16.969999999999995,58663.11,328064.85,74066.57,26.75%
2024-02-22,3486.67,16.969999999999995,59168.87,328064.85,74066.57,26.75%
2024-02-23,3489.74,16.969999999999995,59220.91,328064.85,74066.57,26.75%
2024-02-26,3453.36,16.969999999999995,58603.49,328064.85,74066.57,26.75%
2024-02-27,3494.79,16.399999999999995,57314.51,328064.85,72074.54,26.75%
2024-02-28,3450.26,16.979999999999993,58585.41,330066.00,74075.69,26.75%
2024-02-29,3516.08,16.409999999999993,57698.92,330066.00,72071.53,26.75%
2024-03-01,3537.80,16.409999999999993,58055.36,330066.00,72071.53,26.75%
2024-03-04,3540.87,16.409999999999993,58105.65,330066.00,72071.53,26.75%
2024-03-05,3565.51,15.849999999999993,56513.40,330066.00,70074.84,26.75%
2024-03-06,3551.05,15.849999999999993,56284.11,330066.00,70074.84,26.75%
2024-03-07,3529.72,16.41999999999999,57957.99,332077.94,72086.78,26.75%
2024-03-08,3544.91,16.41999999999999,58207.42,332077.94,72086.78,26.75%
2024-03-11,3589.26,15.85999999999999,56925.72,332077.94,70076.79,26.75%
2024-03-12,3597.49,15.85999999999999,57056.25,332077.94,70076.79,26.75%
2024-03-13,3572.36,15.85999999999999,56657.65,332077.94,70076.79,26.75%
2024-03-14,3562.22,15.85999999999999,56496.86,332077.94,70076.79,26.75%
2024-03-15,3569.99,15.85999999999999,56620.09,332077.94,70076.79,26.75%
2024-03-18,3603.53,15.85999999999999,57151.95,332077.94,70076.79,26.75%
2024-03-19,3577.63,15.85999999999999,56741.22,332077.94,70076.79,26.75%
2024-03-20,3585.38,15.85999999999999,56864.19,332077.94,70076.79,26.75%
2024-03-21,3581.09,15.85999999999999,56796.09,332077.94,70076.79,26.75%
2024-03-22,3545.00,16.41999999999999,58208.94,334063.14,72061.99,26.75%
2024-03-25,3525.76,16.41999999999999,57893.04,334063.14,72061.99,26.75%
2024-03-26,3543.75,16.41999999999999,58188.32,334063.14,72061.99,26.75%
2024-03-27,3502.79,16.98999999999999,59512.34,336059.73,74058.58,26.75%
2024-03-28,3520.96,16.98999999999999,59821.19,336059.73,74058.58,26.75%
2024-03-29,3537.48,16.98999999999999,60101.86,336059.73,74058.58,26.75%
2024-04-01,3595.65,16.429999999999993,59076.47,336059.73,72045.02,26.75%
2024-04-02,3580.68,16.429999999999993,58830.51,336059.73,72045.02,26.75%
2024-04-03,3567.80,16.429999999999993,58619.00,336059.73,72045.02,26.75%
2024-04-08,3536.41,16.999999999999993,60118.93,338075.48,74060.77,26.75%
2024-04-09,3533.49,16.999999999999993,60069.28,338075.48,74060.77,26.75%
2024-04-10,3504.71,16.999999999999993,59580.05,338075.48,74060.77,26.75%
2024-04-11,3504.24,16.999999999999993,59572.16,338075.48,74060.77,26.75%
2024-04-12,3475.84,17.57999999999999,61105.25,340091.47,76076.76,26.75%
2024-04-15,3549.08,17.019999999999992,60405.27,340091.47,74089.27,26.75%
2024-04-16,3511.11,17.589999999999993,61760.51,342092.80,76090.61,26.75%
2024-04-17,3565.40,17.029999999999994,60718.81,342092.80,74093.98,26.75%
2024-04-18,3569.80,17.029999999999994,60793.72,342092.80,74093.98,26.75%
2024-04-19,3541.66,17.029999999999994,60314.50,342092.80,74093.98,26.75%
2024-04-22,3530.90,17.029999999999994,60131.30,342092.80,74093.98,26.75%
2024-04-23,3506.22,17.599999999999994,61709.56,344091.35,76092.53,26.75%
2024-04-24,3521.62,17.599999999999994,61980.55,344091.35,76092.53,26.75%
2024-04-25,3530.28,17.599999999999994,62132.95,344091.35,76092.53,26.75%
2024-04-26,3584.27,17.039999999999996,61075.94,344091.35,74085.34,26.75%
2024-04-29,3623.91,16.489999999999995,59758.32,344091.35,72092.19,26.75%
2024-04-30,3604.39,16.489999999999995,59436.46,344091.35,72092.19,26.75%
2024-05-06,3657.88,16.489999999999995,60318.39,344091.35,72092.19,26.75%
2024-05-07,3659.01,16.489999999999995,60337.04,344091.35,72092.19,26.75%
2024-05-08,3630.22,16.489999999999995,59862.38,344091.35,72092.19,26.75%
2024-05-09,3664.56,15.939999999999994,58413.10,344091.35,70076.68,26.75%
2024-05-10,3666.28,15.939999999999994,58440.46,344091.35,70076.68,26.75%
2024-05-13,3664.69,15.939999999999994,58415.17,344091.35,70076.68,26.75%
2024-05-14,3657.05,15.939999999999994,58293.30,344091.35,70076.68,26.75%
2024-05-15,3626.06,16.489999999999995,59793.66,346085.68,72071.01,26.75%
2024-05-16,3640.36,16.489999999999995,60029.52,346085.68,72071.01,26.75%
2024-05-17,3677.97,15.949999999999996,58663.62,346085.68,70084.91,26.75%
2024-05-20,3690.96,15.949999999999996,58870.85,346085.68,70084.91,26.75%
2024-05-21,3676.16,15.949999999999996,58634.77,346085.68,70084.91,26.75%
2024-05-22,3684.45,15.949999999999996,58766.99,346085.68,70084.91,26.75%
2024-05-23,3641.79,15.949999999999996,58086.58,346085.68,70084.91,26.75%
2024-05-24,3601.48,16.509999999999994,59460.36,348102.51,72101.73,26.75%
2024-05-27,3635.71,16.509999999999994,60025.54,348102.51,72101.73,26.75%
2024-05-28,3609.17,16.509999999999994,59587.44,348102.51,72101.73,26.75%
2024-05-29,3613.52,16.509999999999994,59659.25,348102.51,72101.73,26.75%
2024-05-30,3594.31,16.509999999999994,59342.09,348102.51,72101.73,26.75%
2024-05-31,3579.92,16.509999999999994,59104.56,348102.51,72101.73,26.75%
2024-06-03,3588.75,16.509999999999994,59250.23,348102.51,72101.73,26.75%
2024-06-04,3615.67,16.509999999999994,59694.73,348102.51,72101.73,26.75%
2024-06-05,3594.79,16.509999999999994,59350.04,348102.51,72101.73,26.75%
2024-06-06,3592.25,16.509999999999994,59307.97,348102.51,72101.73,26.75%
2024-06-07,3574.11,16.509999999999994,59008.63,348102.51,72101.73,26.75%
2024-06-11,3542.88,17.069999999999993,60476.91,350086.52,74085.75,26.75%
2024-06-12,3544.12,17.069999999999993,60498.17,350086.52,74085.75,26.75%
2024-06-13,3526.13,17.069999999999993,60191.05,350086.52,74085.75,26.75%
2024-06-14,3541.53,17.069999999999993,60453.97,350086.52,74085.75,26.75%
2024-06-17,3536.20,17.069999999999993,60362.91,350086.52,74085.75,26.75%
2024-06-18,3545.59,17.069999999999993,60523.22,350086.52,74085.75,26.75%
2024-06-19,3528.75,17.069999999999993,60235.75,350086.52,74085.75,26.75%
2024-06-20,3503.28,17.639999999999993,61797.89,352083.39,76082.62,26.75%
2024-06-21,3495.62,17.639999999999993,61662.73,352083.39,76082.62,26.75%
2024-06-24,3476.81,17.639999999999993,61330.93,352083.39,76082.62,26.75%
2024-06-25,3457.90,18.21999999999999,63002.98,354088.97,78088.20,26.75%
2024-06-26,3480.26,18.21999999999999,63410.42,354088.97,78088.20,26.75%
2024-06-27,3454.12,18.21999999999999,62934.02,354088.97,78088.20,26.75%
2024-06-28,3461.66,18.21999999999999,63071.39,354088.97,78088.20,26.75%
2024-07-01,3478.18,18.21999999999999,63372.49,354088.97,78088.20,26.75%
2024-07-02,3471.79,18.21999999999999,63255.94,354088.97,78088.20,26.75%
2024-07-03,3463.41,18.21999999999999,63103.40,354088.97,78088.20,26.75%
2024-07-04,3445.81,18.21999999999999,62782.71,354088.97,78088.20,26.75%
2024-07-05,3431.06,18.21999999999999,62513.92,354088.97,78088.20,26.75%
2024-07-08,3401.76,18.80999999999999,63987.11,356096.01,80095.24,26.75%
2024-07-09,3439.81,18.229999999999993,62707.76,356096.01,78100.15,26.75%
2024-07-10,3428.97,18.229999999999993,62510.04,356096.01,78100.15,26.75%
2024-07-11,3468.17,18.229999999999993,63224.72,356096.01,78100.15,26.75%
2024-07-12,3472.40,18.229999999999993,63301.88,356096.01,78100.15,26.75%
2024-07-15,3476.25,17.649999999999995,61355.75,356096.01,76083.92,26.75%
2024-07-16,3498.28,17.649999999999995,61744.69,356096.01,76083.92,26.75%
2024-07-17,3501.58,17.649999999999995,61802.95,356096.01,76083.92,26.75%
2024-07-18,3520.93,17.079999999999995,60137.50,356096.01,74076.99,26.75%
2024-07-19,3539.02,17.079999999999995,60446.39,356096.01,74076.99,26.75%
2024-07-22,3514.92,17.079999999999995,60034.92,356096.01,74076.99,26.75%
2024-07-23,3439.88,17.659999999999993,60748.24,358091.14,76072.12,26.75%
2024-07-24,3418.17,17.659999999999993,60364.82,358091.14,76072.12,26.75%
2024-07-25,3399.27,18.249999999999993,62036.71,360096.71,78077.69,26.75%
2024-07-26,3409.29,18.249999999999993,62219.60,360096.71,78077.69,26.75%
2024-07-29,3390.74,18.249999999999993,61881.04,360096.71,78077.69,26.75%
2024-07-30,3369.38,18.249999999999993,61491.22,360096.71,78077.69,26.75%
2024-07-31,3442.08,17.669999999999995,60821.63,360096.71,76081.28,26.75%
2024-08-01,3419.27,17.669999999999995,60418.44,360096.71,76081.28,26.75%
2024-08-02,3384.39,18.259999999999994,61799.00,362093.50,78078.08,26.75%
2024-08-05,3343.32,18.859999999999996,63055.02,364099.49,80084.07,26.75%
2024-08-06,3342.98,18.859999999999996,63048.58,364099.49,80084.07,26.75%
2024-08-07,3341.49,18.859999999999996,63020.48,364099.49,80084.07,26.75%
2024-08-08,3342.94,18.859999999999996,63047.79,364099.49,80084.07,26.75%
2024-08-09,3331.63,18.859999999999996,62834.49,364099.49,80084.07,26.75%
2024-08-12,3325.86,18.859999999999996,62725.80,364099.49,80084.07,26.75%
2024-08-13,3334.39,18.859999999999996,62886.60,364099.49,80084.07,26.75%
2024-08-14,3309.24,19.459999999999997,64397.79,366085.04,82069.61,26.75%
2024-08-15,3341.95,19.459999999999997,65034.41,366085.04,82069.61,26.75%
2024-08-16,3345.63,18.859999999999996,63098.66,366085.04,80062.23,26.75%
2024-08-19,3356.97,18.859999999999996,63312.41,366085.04,80062.23,26.75%
2024-08-20,3332.70,18.859999999999996,62854.79,366085.04,80062.23,26.75%
2024-08-21,3321.64,18.859999999999996,62646.04,366085.04,80062.23,26.75%
2024-08-22,3313.14,18.859999999999996,62485.74,366085.04,80062.23,26.75%
2024-08-23,3327.19,18.859999999999996,62750.81,366085.04,80062.23,26.75%
2024-08-26,3324.22,18.859999999999996,62694.85,366085.04,80062.23,26.75%
2024-08-27,3305.33,19.469999999999995,64354.85,368101.29,82078.48,26.75%
2024-08-28,3286.50,19.469999999999995,63988.07,368101.29,82078.48,26.75%
2024-08-29,3277.68,19.469999999999995,63816.45,368101.29,82078.48,26.75%
2024-08-30,3321.43,19.469999999999995,64668.29,368101.29,82078.48,26.75%
2024-09-02,3265.01,20.079999999999995,65561.42,370092.95,84070.14,26.75%
2024-09-03,3273.43,20.079999999999995,65730.44,370092.95,84070.14,26.75%
2024-09-04,3252.16,20.079999999999995,65303.47,370092.95,84070.14,26.75%
2024-09-05,3257.76,20.079999999999995,65415.78,370092.95,84070.14,26.75%
2024-09-06,3231.35,20.699999999999996,66888.86,372096.38,86073.58,26.75%
2024-09-09,3192.95,21.329999999999995,68105.66,374107.94,88085.14,26.75%
2024-09-10,3195.76,21.329999999999995,68165.46,374107.94,88085.14,26.75%
2024-09-11,3186.13,21.329999999999995,67960.15,374107.94,88085.14,26.75%
2024-09-12,3172.47,21.329999999999995,67668.89,374107.94,88085.14,26.75%
2024-09-13,3159.25,21.959999999999994,69377.06,376098.27,90075.46,26.75%
2024-09-18,3171.01,21.959999999999994,69635.38,376098.27,90075.46,26.75%
2024-09-19,3196.04,21.329999999999995,68171.44,376098.27,88061.96,26.75%
2024-09-20,3201.05,21.329999999999995,68278.39,376098.27,88061.96,26.75%
2024-09-23,3212.76,21.329999999999995,68528.25,376098.27,88061.96,26.75%
2024-09-24,3351.91,20.729999999999993,69485.07,376098.27,86050.81,26.75%
2024-09-25,3401.53,20.139999999999993,68506.87,376098.27,84043.91,26.75%
2024-09-26,3545.32,19.579999999999995,69417.37,376098.27,82058.53,26.75%
2024-09-27,3703.68,19.039999999999996,70518.16,376098.27,80058.54,26.75%
2024-09-30,4017.85,18.539999999999996,74491.02,376098.27,78049.61,26.75%
2024-10-08,4256.10,18.069999999999997,76907.66,376098.27,76049.25,26.75%
2024-10-09,3955.98,18.58,73502.18,378115.82,78066.80,26.75%
2024-10-10,3997.79,18.08,72280.01,378115.82,76067.90,26.75%
2024-10-11,3887.17,18.59,72262.43,380098.27,78050.36,26.75%
2024-10-14,3961.34,18.09,71660.68,380098.27,76069.69,26.75%
2024-10-15,3855.99,18.61,71760.07,382103.39,78074.81,26.75%
2024-10-16,3831.59,18.61,71305.87,382103.39,78074.81,26.75%
2024-10-17,3788.22,19.14,72506.56,384111.15,80082.56,26.75%
2024-10-18,3925.23,18.63,73127.11,384111.15,78080.69,26.75%
2024-10-21,3935.20,18.63,73312.73,384111.15,78080.69,26.75%
2024-10-22,3957.78,18.63,73733.36,384111.15,78080.69,26.75%
2024-10-23,3973.21,18.13,72034.28,384111.15,76094.09,26.75%
2024-10-24,3928.83,18.64,73233.45,386114.85,78097.79,26.75%
2024-10-25,3956.42,18.64,73747.69,386114.85,78097.79,26.75%
2024-10-28,3964.16,18.64,73891.88,386114.85,78097.79,26.75%
2024-10-29,3924.65,18.64,73155.46,386114.85,78097.79,26.75%
2024-10-30,3889.45,19.150000000000002,74482.94,388098.47,80081.41,26.75%
2024-10-31,3891.04,19.150000000000002,74513.41,388098.47,80081.41,26.75%
2024-11-01,3890.02,19.150000000000002,74493.89,388098.47,80081.41,26.75%
2024-11-04,3944.76,18.64,73530.36,388098.47,78069.58,26.75%
2024-11-05,4044.57,18.150000000000002,73408.99,388098.47,76087.74,26.75%
2024-11-06,4024.28,18.150000000000002,73040.74,388098.47,76087.74,26.75%
2024-11-07,4145.70,17.67,73254.43,388098.47,74097.81,26.75%
2024-11-08,4104.05,18.16,74529.49,390109.45,76108.79,26.75%
2024-11-11,4131.13,18.16,75021.34,390109.45,76108.79,26.75%
2024-11-12,4085.74,18.16,74197.09,390109.45,76108.79,26.75%
2024-11-13,4110.89,18.16,74653.76,390109.45,76108.79,26.75%
2024-11-14,4039.62,18.66,75379.29,392129.26,78128.60,26.75%
2024-11-15,3968.83,19.16,76042.80,394113.68,80113.02,26.75%
2024-11-18,3950.38,19.16,75689.29,394113.68,80113.02,26.75%
2024-11-19,3976.89,19.16,76197.24,394113.68,80113.02,26.75%
2024-11-20,3985.77,19.16,76367.40,394113.68,80113.02,26.75%
2024-11-21,3989.30,19.16,76434.95,394113.68,80113.02,26.75%
2024-11-22,3865.70,19.68,76076.95,396123.84,82123.18,26.75%
2024-11-25,3848.09,19.68,75730.43,396123.84,82123.18,26.75%
2024-11-26,3840.18,19.68,75574.83,396123.84,82123.18,26.75%
2024-11-27,3907.04,19.169999999999998,74898.05,396123.84,80130.59,26.75%
2024-11-28,3872.55,19.169999999999998,74236.79,396123.84,80130.59,26.75%
2024-11-29,3916.58,19.169999999999998,75080.90,396123.84,80130.59,26.75%
2024-12-02,3947.63,18.659999999999997,73662.81,396123.84,78117.30,26.75%
2024-12-03,3951.89,18.659999999999997,73742.29,396123.84,78117.30,26.75%
2024-12-04,3930.56,18.659999999999997,73344.19,396123.84,78117.30,26.75%
2024-12-05,3921.59,18.659999999999997,73176.83,396123.84,78117.30,26.75%
2024-12-06,3973.14,18.659999999999997,74138.80,396123.84,78117.30,26.75%
2024-12-09,3966.57,18.659999999999997,74016.21,396123.84,78117.30,26.75%
2024-12-10,3995.64,18.159999999999997,72560.77,396123.84,76119.48,26.75%
2024-12-11,3988.83,18.159999999999997,72437.17,396123.84,76119.48,26.75%
2024-12-12,4028.50,18.159999999999997,73157.65,396123.84,76119.48,26.75%
2024-12-13,3933.18,18.669999999999998,73432.49,398129.77,78125.40,26.75%
2024-12-16,3911.84,18.669999999999998,73034.08,398129.77,78125.40,26.75%
2024-12-17,3922.03,18.669999999999998,73224.36,398129.77,78125.40,26.75%
2024-12-18,3941.89,18.669999999999998,73595.09,398129.77,78125.40,26.75%
2024-12-19,3945.46,18.669999999999998,73661.80,398129.77,78125.40,26.75%
2024-12-20,3927.74,18.669999999999998,73330.98,398129.77,78125.40,26.75%
2024-12-23,3933.57,18.669999999999998,73439.79,398129.77,78125.40,26.75%
2024-12-24,3983.69,18.169999999999998,72383.61,398129.77,76133.56,26.75%
2024-12-25,3985.63,18.169999999999998,72418.88,398129.77,76133.56,26.75%
2024-12-26,3987.48,18.169999999999998,72452.51,398129.77,76133.56,26.75%
2024-12-27,3981.03,18.169999999999998,72335.33,398129.77,76133.56,26.75%
2024-12-30,3999.05,18.169999999999998,72662.83,398129.77,76133.56,26.75%
2024-12-31,3934.91,18.68,73504.14,400136.57,78140.36,26.75%
2025-01-02,3820.40,19.2,73351.59,402123.18,80126.97,26.75%
2025-01-03,3775.16,19.73,74484.00,404124.01,82127.80,26.75%
2025-01-06,3768.97,19.73,74361.77,404124.01,82127.80,26.75%
2025-01-07,3796.11,19.73,74897.16,404124.01,82127.80,26.75%
2025-01-08,3789.22,19.73,74761.22,404124.01,82127.80,26.75%
2025-01-09,3779.88,19.73,74576.98,404124.01,82127.80,26.75%
2025-01-10,3732.48,20.27,75657.38,406139.55,84143.34,26.75%
2025-01-13,3722.51,20.27,75455.34,406139.55,84143.34,26.75%
2025-01-14,3820.54,19.75,75455.66,406139.55,82156.66,26.75%
2025-01-15,3796.03,19.75,74971.51,406139.55,82156.66,26.75%
2025-01-16,3800.38,19.75,75057.58,406139.55,82156.66,26.75%
2025-01-17,3812.34,19.75,75293.77,406139.55,82156.66,26.75%
2025-01-20,3829.68,19.75,75636.11,406139.55,82156.66,26.75%
2025-01-21,3832.61,19.75,75694.14,406139.55,82156.66,26.75%
2025-01-22,3797.02,19.75,74991.08,406139.55,82156.66,26.75%
2025-01-23,3803.74,19.75,75123.94,406139.55,82156.66,26.75%
2025-01-24,3832.86,19.75,75699.06,406139.55,82156.66,26.75%
2025-01-27,3817.08,19.75,75387.33,406139.55,82156.66,26.75%
2025-02-05,3795.08,19.75,74952.92,406139.55,82156.66,26.75%
2025-02-06,3842.83,19.75,75895.92,406139.55,82156.66,26.75%
2025-02-07,3892.70,19.24,74895.60,406139.55,80171.38,26.75%
2025-02-10,3901.06,19.24,75056.43,406139.55,80171.38,26.75%
2025-02-11,3883.14,19.24,74711.52,406139.55,80171.38,26.75%
2025-02-12,3919.86,19.24,75418.14,406139.55,80171.38,26.75%
2025-02-13,3905.14,19.24,75134.89,406139.55,80171.38,26.75%
2025-02-14,3939.01,18.729999999999997,73777.63,406139.55,78162.49,26.75%
2025-02-17,3947.40,18.729999999999997,73934.77,406139.55,78162.49,26.75%
2025-02-18,3912.78,18.729999999999997,73286.42,406139.55,78162.49,26.75%
2025-02-19,3940.16,18.729999999999997,73799.20,406139.55,78162.49,26.75%
2025-02-20,3928.90,18.729999999999997,73588.22,406139.55,78162.49,26.75%
2025-02-21,3978.44,18.229999999999997,72527.03,406139.55,76173.27,26.75%
2025-02-24,3969.72,18.229999999999997,72367.94,406139.55,76173.27,26.75%
2025-02-25,3925.65,18.74,73566.69,408141.63,78175.35,26.75%
2025-02-26,3959.94,18.74,74209.30,408141.63,78175.35,26.75%
2025-02-27,3968.12,18.24,72378.43,408141.63,76191.29,26.75%
2025-02-28,3890.05,18.75,72938.41,410125.56,78175.22,26.75%
2025-03-03,3888.47,18.75,72908.88,410125.56,78175.22,26.75%
2025-03-04,3885.22,18.75,72847.89,410125.56,78175.22,26.75%
2025-03-05,3902.57,18.75,73173.20,410125.56,78175.22,26.75%
2025-03-06,3956.24,18.24,72161.76,410125.56,76157.54,26.75%
2025-03-07,3944.01,18.24,71938.82,410125.56,76157.54,26.75%
2025-03-10,3928.80,18.24,71661.34,410125.56,76157.54,26.75%
2025-03-11,3941.42,18.24,71891.42,410125.56,76157.54,26.75%
2025-03-12,3927.23,18.24,71632.70,410125.56,76157.54,26.75%
2025-03-13,3911.58,18.75,73342.11,412120.46,78152.44,26.75%
2025-03-14,4006.56,18.25,73119.66,412120.46,76149.16,26.75%
2025-03-17,3996.79,18.25,72941.37,412120.46,76149.16,26.75%
2025-03-18,4007.72,18.25,73140.94,412120.46,76149.16,26.75%
2025-03-19,4010.17,18.25,73185.57,412120.46,76149.16,26.75%
2025-03-20,3974.99,18.25,72543.60,412120.46,76149.16,26.75%
2025-03-21,3914.70,18.76,73439.69,414116.96,78145.66,26.75%
2025-03-24,3934.85,18.76,73817.76,414116.96,78145.66,26.75%
2025-03-25,3932.30,18.76,73769.86,414116.96,78145.66,26.75%
2025-03-26,3919.36,18.76,73527.13,414116.96,78145.66,26.75%
2025-03-27,3932.41,18.76,73772.04,414116.96,78145.66,26.75%
2025-03-28,3915.17,18.76,73448.52,414116.96,78145.66,26.75%
2025-03-31,3887.31,18.76,72925.85,414116.96,78145.66,26.75%
2025-04-01,3887.68,18.76,72932.95,414116.96,78145.66,26.75%
2025-04-02,3884.39,18.76,72871.08,414116.96,78145.66,26.75%
2025-04-03,3861.50,19.28,74449.79,416124.94,80153.64,26.75%
2025-04-07,3589.44,19.84,71214.50,418135.03,82163.73,26.75%
2025-04-08,3650.76,19.29,70423.14,418135.03,80155.81,26.75%
2025-04-09,3686.79,19.29,71118.26,418135.03,80155.81,26.75%
2025-04-10,3735.12,18.75,70033.41,418135.03,78138.85,26.75%
2025-04-11,3750.52,18.75,70322.19,418135.03,78138.85,26.75%
2025-04-14,3759.14,18.75,70483.92,418135.03,78138.85,26.75%
2025-04-15,3761.23,18.75,70523.15,418135.03,78138.85,26.75%
2025-04-16,3772.82,18.22,68740.79,418135.03,76139.25,26.75%
2025-04-17,3772.22,18.22,68729.89,418135.03,76139.25,26.75%
2025-04-18,3772.52,18.22,68735.37,418135.03,76139.25,26.75%
2025-04-21,3784.88,18.22,68960.52,418135.03,76139.25,26.75%
2025-04-22,3783.95,18.22,68943.61,418135.03,76139.25,26.75%
2025-04-23,3786.88,18.22,68997.00,418135.03,76139.25,26.75%
2025-04-24,3784.36,18.22,68950.99,418135.03,76139.25,26.75%
2025-04-25,3786.99,18.22,68999.03,418135.03,76139.25,26.75%
2025-04-28,3781.62,18.22,68901.09,418135.03,76139.25,26.75%
2025-04-29,3775.08,18.22,68781.90,418135.03,76139.25,26.75%
2025-04-30,3770.57,18.22,68699.79,418135.03,76139.25,26.75%
2025-05-06,3808.54,18.22,69391.64,418135.03,76139.25,26.75%
2025-05-07,3831.63,17.7,67819.80,418135.03,74146.81,26.75%
2025-05-08,3852.90,17.7,68196.26,418135.03,74146.81,26.75%
2025-05-09,3846.16,17.7,68076.97,418135.03,74146.81,26.75%
2025-05-12,3890.61,17.189999999999998,66879.58,418135.03,72162.60,26.75%
2025-05-13,3896.26,17.189999999999998,66976.68,418135.03,72162.60,26.75%
2025-05-14,3943.21,16.679999999999996,65772.76,418135.03,70151.56,26.75%
2025-05-15,3907.20,16.679999999999996,65172.08,418135.03,70151.56,26.75%
2025-05-16,3889.09,17.189999999999998,66853.38,420118.46,72134.99,26.75%
2025-05-19,3877.15,17.189999999999998,66648.13,420118.46,72134.99,26.75%
2025-05-20,3898.17,17.189999999999998,67009.55,420118.46,72134.99,26.75%
2025-05-21,3916.38,17.189999999999998,67322.58,420118.46,72134.99,26.75%
2025-05-22,3913.87,17.189999999999998,67279.34,420118.46,72134.99,26.75%
2025-05-23,3882.27,17.189999999999998,66736.29,420118.46,72134.99,26.75%
2025-05-26,3860.11,17.189999999999998,66355.23,420118.46,72134.99,26.75%
2025-05-27,3839.40,17.709999999999997,67995.72,422114.95,74131.48,26.75%
2025-05-28,3836.24,17.709999999999997,67939.75,422114.95,74131.48,26.75%
2025-05-29,3858.70,17.709999999999997,68337.57,422114.95,74131.48,26.75%
2025-05-30,3840.23,17.709999999999997,68010.51,422114.95,74131.48,26.75%
2025-06-03,3852.01,17.709999999999997,68219.14,422114.95,74131.48,26.75%
2025-06-04,3868.74,17.709999999999997,68515.44,422114.95,74131.48,26.75%
2025-06-05,3877.56,17.709999999999997,68671.51,422114.95,74131.48,26.75%
2025-06-06,3873.98,17.709999999999997,68608.26,422114.95,74131.48,26.75%
2025-06-09,3885.25,17.199999999999996,66826.23,422114.95,72150.00,26.75%
2025-06-10,3865.47,17.199999999999996,66486.00,422114.95,72150.00,26.75%
2025-06-11,3894.63,17.199999999999996,66987.55,422114.95,72150.00,26.75%
2025-06-12,3892.20,17.199999999999996,66945.83,422114.95,72150.00,26.75%
2025-06-13,3864.18,17.199999999999996,66463.93,422114.95,72150.00,26.75%
2025-06-16,3873.80,17.199999999999996,66629.28,422114.95,72150.00,26.75%
2025-06-17,3870.38,17.199999999999996,66570.51,422114.95,72150.00,26.75%
2025-06-18,3874.97,17.199999999999996,66649.50,422114.95,72150.00,26.75%
2025-06-19,3843.09,17.719999999999995,68099.58,424113.35,74148.41,26.75%
2025-06-20,3846.64,17.719999999999995,68162.54,424113.35,74148.41,26.75%
2025-06-23,3857.90,17.719999999999995,68362.02,424113.35,74148.41,26.75%
2025-06-24,3904.03,17.209999999999994,67188.43,424113.35,72157.35,26.75%
2025-06-25,3960.07,16.699999999999992,66133.11,424113.35,70137.72,26.75%
2025-06-26,3946.02,16.699999999999992,65898.53,424113.35,70137.72,26.75%
2025-06-27,3921.76,16.699999999999992,65493.36,424113.35,70137.72,26.75%
2025-06-30,3936.08,16.699999999999992,65732.52,424113.35,70137.72,26.75%
2025-07-01,3942.76,16.699999999999992,65844.13,424113.35,70137.72,26.75%
2025-07-02,3943.68,16.699999999999992,65859.54,424113.35,70137.72,26.75%
2025-07-03,3968.07,16.699999999999992,66266.73,424113.35,70137.72,26.75%
2025-07-04,3982.20,16.699999999999992,66502.80,424113.35,70137.72,26.75%
2025-07-07,3965.17,16.699999999999992,66218.42,424113.35,70137.72,26.75%
2025-07-08,3998.45,16.699999999999992,66774.16,424113.35,70137.72,26.75%
2025-07-09,3991.40,16.699999999999992,66656.39,424113.35,70137.72,26.75%
2025-07-10,4010.02,16.199999999999992,64962.39,424113.35,68132.71,26.75%
2025-07-11,4014.81,16.199999999999992,65039.87,424113.35,68132.71,26.75%
2025-07-14,4017.67,16.199999999999992,65086.22,424113.35,68132.71,26.75%
2025-07-15,4019.06,16.199999999999992,65108.84,424113.35,68132.71,26.75%
2025-07-16,4007.20,16.199999999999992,64916.67,424113.35,68132.71,26.75%
2025-07-17,4034.49,16.199999999999992,65358.75,424113.35,68132.71,26.75%
2025-07-18,4058.55,15.709999999999992,63759.80,424113.35,66144.02,26.75%
2025-07-21,4085.61,15.709999999999992,64184.89,424113.35,66144.02,26.75%
2025-07-22,4118.96,15.219999999999992,62690.54,424113.35,64125.73,26.75%
2025-07-23,4119.77,15.219999999999992,62702.88,424113.35,64125.73,26.75%
2025-07-24,4149.04,15.219999999999992,63148.34,424113.35,64125.73,26.75%
2025-07-25,4127.16,15.219999999999992,62815.43,424113.35,64125.73,26.75%
2025-07-28,4135.82,15.219999999999992,62947.24,424113.35,64125.73,26.75%
2025-07-29,4152.02,15.219999999999992,63193.82,424113.35,64125.73,26.75%
2025-07-30,4151.24,15.219999999999992,63181.84,424113.35,64125.73,26.75%
2025-07-31,4075.59,15.709999999999992,64027.54,426110.39,66122.77,26.75%
2025-08-01,4054.93,15.709999999999992,63702.93,426110.39,66122.77,26.75%
2025-08-04,4070.70,15.709999999999992,63950.73,426110.39,66122.77,26.75%
2025-08-05,4103.45,15.709999999999992,64465.20,426110.39,66122.77,26.75%
2025-08-06,4113.49,15.709999999999992,64622.85,426110.39,66122.77,26.75%
2025-08-07,4114.67,15.709999999999992,64641.40,426110.39,66122.77,26.75%
2025-08-08,4104.97,15.709999999999992,64489.03,426110.39,66122.77,26.75%
2025-08-11,4122.51,15.219999999999992,62744.61,426110.39,64102.74,26.75%
2025-08-12,4143.83,15.219999999999992,63069.02,426110.39,64102.74,26.75%
2025-08-13,4176.58,14.739999999999991,61562.75,426110.39,62097.98,26.75%
2025-08-14,4173.31,14.739999999999991,61514.64,426110.39,62097.98,26.75%
2025-08-15,4202.35,14.739999999999991,61942.69,426110.39,62097.98,26.75%
2025-08-18,4239.41,14.26999999999999,60496.42,426110.39,60105.46,26.75%
2025-08-19,4223.37,14.26999999999999,60267.55,426110.39,60105.46,26.75%
2025-08-20,4271.40,14.26999999999999,60952.82,426110.39,60105.46,26.75%
2025-08-21,4288.07,13.79999999999999,59175.38,426110.39,58090.06,26.75%
2025-08-22,4378.00,13.33999999999999,58402.49,426110.39,56076.18,26.75%
2025-08-25,4469.22,12.88999999999999,57608.27,426110.39,54065.03,26.75%
2025-08-26,4452.59,12.88999999999999,57393.89,426110.39,54065.03,26.75%
2025-08-27,4386.13,13.34999999999999,58554.79,428128.01,56082.65,26.75%
2025-08-28,4463.78,12.899999999999991,57582.79,428128.01,54073.95,26.75%
2025-08-29,4496.76,12.899999999999991,58008.19,428128.01,54073.95,26.75%
2025-09-01,4523.71,12.459999999999992,56365.44,428128.01,52083.52,26.75%
2025-09-02,4490.45,12.459999999999992,55951.04,428128.01,52083.52,27.25%
2025-09-03,4459.83,12.909999999999991,57576.40,430134.94,54090.44,27.25%
2025-09-04,4365.21,13.369999999999992,58362.84,432142.93,56098.44,27.25%
2025-09-05,4460.32,12.919999999999993,57627.40,432142.93,54091.29,27.25%
2025-09-08,4467.57,12.919999999999993,57721.05,432142.93,54091.29,27.25%
2025-09-09,4436.26,12.919999999999993,57316.46,432142.93,54091.29,27.25%
2025-09-10,4445.36,12.919999999999993,57434.11,432142.93,54091.29,27.25%
2025-09-11,4548.03,12.479999999999993,56759.47,432142.93,52090.16,27.25%
2025-09-12,4522.00,12.479999999999993,56434.54,432142.93,52090.16,27.25%
2025-09-15,4533.06,12.479999999999993,56572.54,432142.93,52090.16,27.25%
2025-09-16,4523.34,12.479999999999993,56451.24,432142.93,52090.16,27.25%
2025-09-17,4551.02,12.479999999999993,56796.77,432142.93,52090.16,27.25%
2025-09-18,4498.11,12.919999999999993,58115.57,434122.10,54069.32,27.25%
2025-09-19,4501.92,12.919999999999993,58164.80,434122.10,54069.32,27.25%
2025-09-22,4522.61,12.919999999999993,58432.10,434122.10,54069.32,27.25%
2025-09-23,4519.78,12.919999999999993,58395.53,434122.10,54069.32,27.25%
2025-09-24,4566.07,12.479999999999993,56984.56,434122.10,52060.25,27.25%
2025-09-25,4593.49,12.479999999999993,57326.72,434122.10,52060.25,27.25%
2025-09-26,4550.05,12.479999999999993,56784.61,434122.10,52060.25,27.25%
2025-09-29,4620.05,12.049999999999994,55671.64,434122.10,50073.63,27.61%
2025-09-30,4640.69,12.049999999999994,55920.36,434122.10,50073.63,27.61%
2025-10-09,4709.48,11.629999999999994,54771.28,434122.10,48095.65,28.78%
2025-10-10,4616.83,12.059999999999993,55679.02,436107.34,50080.89,28.78%
2025-10-13,4593.98,12.059999999999993,55403.38,436107.34,50080.89,28.78%
2025-10-14,4539.06,12.499999999999993,56738.30,438104.53,52078.07,28.78%
2025-10-15,4606.29,12.069999999999993,55597.89,438104.53,50097.37,28.78%
2025-10-16,4618.42,12.069999999999993,55744.35,438104.53,50097.37,28.78%
2025-10-17,4514.23,12.509999999999993,56473.07,440090.79,52083.63,28.78%
2025-10-20,4538.22,12.509999999999993,56773.13,440090.79,52083.63,28.78%
2025-10-21,4607.87,12.079999999999993,55663.09,440090.79,50102.25,28.78%
2025-10-22,4592.57,12.079999999999993,55478.25,440090.79,50102.25,28.78%
2025-10-23,4606.34,12.079999999999993,55644.64,440090.79,50102.25,28.78%
2025-10-24,4660.68,11.649999999999993,54296.96,440090.79,48098.16,29.40%
2025-10-27,4716.02,11.229999999999993,52960.89,440090.79,46117.43,31.14%
2025-10-28,4691.97,11.229999999999993,52690.86,440090.79,46117.43,31.49%
2025-10-29,4747.84,11.229999999999993,53318.22,440090.79,46117.43,31.49%
2025-10-30,4709.91,11.229999999999993,52892.30,440090.79,46117.43,31.49%
2025-10-31,4640.67,11.659999999999993,54110.18,442086.28,48112.91,31.49%
2025-11-03,4653.40,11.659999999999993,54258.68,442086.28,48112.91,31.49%
2025-11-04,4618.70,11.659999999999993,53854.03,442086.28,48112.91,31.49%
2025-11-05,4627.26,11.659999999999993,53953.82,442086.28,48112.91,31.49%
2025-11-06,4693.40,11.229999999999993,52706.92,442086.28,46094.75,31.49%
2025-11-07,4678.79,11.229999999999993,52542.86,442086.28,46094.75,31.68%
2025-11-10,4695.05,11.229999999999993,52725.42,442086.28,46094.75,31.68%
2025-11-11,4652.17,11.229999999999993,52243.82,442086.28,46094.75,32.07%
2025-11-12,4645.91,11.659999999999993,54171.29,444084.02,48092.49,32.07%
2025-11-13,4702.07,11.229999999999993,52804.29,444084.02,46070.60,32.07%
2025-11-14,4628.14,11.659999999999993,53964.11,446074.12,48060.70,32.07%
2025-11-17,4598.05,11.659999999999993,53613.29,446074.12,48060.70,32.07%
2025-11-18,4568.19,12.099999999999993,55275.13,448084.12,50070.70,32.07%
2025-11-19,4588.29,12.099999999999993,55518.34,448084.12,50070.70,32.07%
2025-11-20,4564.95,12.099999999999993,55235.87,448084.12,50070.70,32.07%
2025-11-21,4453.61,12.549999999999992,55892.78,450088.25,52074.83,32.07%
2025-11-24,4448.05,12.549999999999992,55823.00,450088.25,52074.83,32.07%
2025-11-25,4490.40,12.549999999999992,56354.58,450088.25,52074.83,32.07%
2025-11-26,4517.63,12.109999999999992,54708.44,450088.25,50087.07,32.07%
2025-11-27,4515.40,12.109999999999992,54681.53,450088.25,50087.07,32.07%
2025-11-28,4526.66,12.109999999999992,54817.87,450088.25,50087.07,32.07%
2025-12-01,4576.49,11.669999999999993,53407.59,450088.25,48073.42,32.07%
