日期,操作类型,成交价格,数量,金额,当前估值,估值分位点,目标仓位,手续费
2020-01-03,买入,4161.22,24,99869.28,12.44,0.00%,1.00,4.99
2020-01-08,卖出,4139.63,-19,79063.18,12.32,75.00%,0.20,3.93
2020-01-09,买入,4145.53,19,78765.07,12.42,0.00%,1.00,3.94
2020-01-10,卖出,4177.58,-7,29041.59,12.43,33.33%,0.70,1.46
2020-01-13,卖出,4166.93,-4,16595.19,12.53,42.86%,0.50,0.83
2020-01-14,卖出,4215.16,-13,53934.38,12.49,87.50%,0.00,2.74
2020-01-15,买入,4186.88,4,16747.52,12.42,77.78%,0.20,0.84
2020-01-16,买入,4174.82,20,83496.40,12.34,20.00%,1.00,4.17
2020-01-21,卖出,4165.02,-7,29237.81,12.23,30.77%,0.70,1.46
2020-01-22,买入,4093.80,7,28656.60,12.28,0.00%,1.00,1.43
2020-02-11,卖出,3926.42,-7,29068.29,11.71,22.73%,0.70,1.37
2020-02-18,卖出,4069.83,-5,20763.06,11.96,40.74%,0.50,1.02
2020-02-19,买入,4049.59,4,16198.36,11.96,35.71%,0.70,0.81
2020-02-21,卖出,4134.87,-4,16507.43,12.24,46.67%,0.50,0.83
2020-02-27,买入,4084.08,4,16336.32,11.98,38.24%,0.70,0.82
2020-03-02,买入,3968.84,8,31750.72,11.88,8.33%,1.00,1.59
2020-03-03,卖出,4125.14,-7,28469.39,11.94,29.73%,0.70,1.44
2020-03-05,卖出,4150.21,-4,16268.22,12.25,46.15%,0.50,0.83
2020-03-06,卖出,4158.20,-8,32536.44,12.07,62.50%,0.20,1.66
2020-03-09,买入,4063.08,7,28441.56,11.70,48.78%,0.50,1.42
2020-03-10,买入,3975.23,12,47702.76,11.91,16.67%,1.00,2.39
2020-03-11,卖出,4090.93,-6,24119.90,11.78,30.23%,0.70,1.23
2020-03-13,买入,3771.01,7,26397.07,11.44,13.33%,1.00,1.32
2020-04-08,卖出,3776.42,-7,27651.89,11.07,25.81%,0.70,1.32
2020-04-13,买入,3751.71,7,26261.97,10.99,20.00%,1.00,1.31
2020-04-15,卖出,3820.85,-7,27262.72,11.10,31.34%,0.70,1.34
2020-04-29,卖出,3837.51,-5,19473.37,11.40,40.26%,0.50,0.96
2020-05-11,卖出,3974.76,-7,27262.72,11.87,60.98%,0.20,1.39
2020-05-13,买入,3946.64,6,23679.84,11.87,59.52%,0.50,1.18
2020-05-14,卖出,3952.20,-6,23523.94,11.75,61.18%,0.20,1.19
2020-05-15,买入,3941.13,6,23646.78,11.72,51.16%,0.50,1.18
2020-05-25,买入,3828.32,5,19141.60,11.50,39.13%,0.70,0.96
2020-05-27,卖出,3873.70,-4,15602.90,11.55,44.68%,0.50,0.77
2020-05-28,买入,3848.49,4,15393.96,11.59,40.00%,0.70,0.77
2020-05-29,卖出,3838.38,-4,15553.74,11.60,43.75%,0.50,0.77
2020-06-02,卖出,3969.95,-7,27219.04,11.91,64.29%,0.20,1.39
2020-06-09,卖出,4027.56,-1,3888.43,12.08,76.70%,0.20,0.20
2020-06-19,卖出,4047.05,-5,19442.17,12.27,81.98%,0.00,1.01
2020-09-25,买入,4582.48,4,18329.92,13.82,76.54%,0.20,0.92
2020-09-29,卖出,4608.29,-4,18329.92,13.89,80.66%,0.00,0.92
2020-10-09,买入,4663.61,4,18654.44,14.10,79.78%,0.20,0.93
2020-10-12,卖出,4705.19,-4,18654.44,14.50,91.30%,0.00,0.94
2020-11-02,买入,4702.75,4,18811.00,13.96,76.38%,0.20,0.94
2020-11-04,卖出,4781.45,-4,18811.00,14.20,86.07%,0.00,0.96
2021-03-10,买入,5047.06,4,20188.24,14.97,78.95%,0.20,1.01
2021-03-12,卖出,5153.67,-4,20188.24,15.35,85.02%,0.00,1.03
2021-03-22,买入,5008.40,4,20033.60,15.09,77.13%,0.20,1.00
2021-03-23,卖出,5057.06,-4,20033.60,14.96,80.27%,0.00,1.01
2021-03-24,买入,4985.40,4,19941.60,14.76,77.63%,0.20,1.00
2021-04-16,买入,4966.90,6,29801.40,14.34,59.81%,0.50,1.49
2021-04-19,卖出,4966.41,-5,24871.50,14.60,61.22%,0.20,1.24
2021-04-26,卖出,5156.59,-1,4974.30,14.36,69.40%,0.20,0.26
2021-04-28,买入,5073.97,6,30443.82,14.35,59.56%,0.50,1.52
2021-04-29,卖出,5128.28,-5,25170.51,14.14,60.31%,0.20,1.28
2021-04-30,买入,5156.36,4,20625.44,13.52,54.83%,0.50,1.03
2021-05-06,买入,5098.80,5,25494.00,13.41,38.82%,0.70,1.27
2021-05-17,卖出,5115.31,-3,15276.42,13.77,40.43%,0.50,0.77
2021-05-18,卖出,5190.93,-1,5092.14,13.78,43.03%,0.50,0.26
2021-06-16,卖出,5163.25,-6,30552.84,14.04,60.57%,0.20,1.55
2021-06-17,买入,5074.38,6,30446.28,14.05,54.13%,0.50,1.52
2021-06-25,卖出,5159.80,-5,25407.42,14.39,60.78%,0.20,1.29
2021-06-28,卖出,5253.61,-1,5081.48,14.40,65.64%,0.20,0.26
2021-07-05,买入,5073.78,6,30442.68,14.01,49.59%,0.50,1.52
2021-07-27,买入,4924.28,4,19697.12,13.03,34.30%,0.70,0.98
2021-12-14,卖出,5066.35,-3,15099.80,13.62,49.36%,0.50,0.76
2022-01-07,买入,4824.32,3,14472.96,13.16,39.26%,0.70,0.72
2022-01-11,卖出,4840.01,-3,14965.48,13.09,40.33%,0.50,0.73
2022-01-12,买入,4818.89,3,14456.67,13.19,39.02%,0.70,0.72
2022-01-13,卖出,4853.03,-3,14856.45,13.02,40.16%,0.50,0.73
2022-01-14,买入,4743.91,3,14231.73,12.88,38.26%,0.70,0.71
2022-02-07,买入,4638.58,1,4638.58,12.69,26.93%,0.70,0.23
2022-03-08,买入,4361.64,6,26169.84,11.83,16.35%,1.00,1.31
2022-06-15,卖出,4228.29,-5,23693.76,11.95,20.30%,0.70,1.06
2022-06-29,卖出,4472.73,-1,4738.75,12.18,31.28%,0.70,0.22
2022-07-15,买入,4299.47,6,25796.82,11.61,19.58%,1.00,1.29
2023-01-17,卖出,4138.84,-5,23066.21,11.20,20.19%,0.70,1.03
2023-01-18,买入,4140.10,5,20700.50,11.20,19.49%,1.00,1.04
2023-01-20,卖出,4166.84,-5,22502.95,11.33,20.78%,0.70,1.04
2023-02-07,买入,4098.31,5,20491.55,11.13,17.65%,1.00,1.02
2023-02-10,卖出,4124.10,-5,22024.04,11.17,20.51%,0.70,1.03
2023-02-13,买入,4098.88,5,20494.40,11.24,18.88%,1.00,1.02
2023-02-14,卖出,4151.25,-5,21659.84,11.26,20.85%,0.70,1.04
2023-02-17,买入,4086.22,5,20431.10,11.03,18.65%,1.00,1.02
2023-02-21,卖出,4130.06,-5,21367.29,11.34,23.22%,0.70,1.03
2023-02-27,买入,4040.46,6,24242.76,11.09,17.59%,1.00,1.21
2023-03-02,卖出,4119.99,-6,25259.47,11.33,24.31%,0.70,1.24
2023-03-10,买入,3991.80,6,23950.80,11.03,19.84%,1.00,1.20
2023-03-23,卖出,3985.99,-6,24902.56,11.34,22.05%,0.70,1.20
2023-04-19,卖出,4159.39,-5,20752.14,11.79,40.35%,0.50,1.04
2023-04-20,买入,4122.95,4,16491.80,11.79,37.80%,0.70,0.82
2023-05-24,买入,3903.78,7,27326.46,11.00,19.51%,1.00,1.37
2023-06-16,卖出,3932.21,-6,24401.72,11.29,22.70%,0.70,1.18
2023-06-21,买入,3909.10,6,23454.60,11.00,19.29%,1.00,1.17
2023-07-31,卖出,4018.89,-6,24143.41,11.36,28.98%,0.70,1.21
2023-08-14,买入,3840.89,6,23045.34,10.94,15.30%,1.00,1.15
2023-09-05,卖出,3839.58,-6,23843.94,11.13,26.23%,0.70,1.15
2023-09-08,买入,3747.65,6,22485.90,10.96,16.09%,1.00,1.12
2023-10-19,买入,3588.52,1,3588.52,10.59,9.48%,1.00,0.18
2024-02-23,卖出,3491.34,-6,23389.11,10.96,21.66%,0.70,1.05
2024-02-27,买入,3440.05,6,20640.30,10.90,15.54%,1.00,1.03
2024-03-01,卖出,3515.06,-6,22672.03,10.95,20.06%,0.70,1.05
2024-04-02,卖出,3593.22,-5,18893.36,11.37,40.72%,0.50,0.90
2024-04-09,买入,3533.38,4,14133.52,11.25,38.57%,0.70,0.71
2024-04-16,卖出,3533.36,-4,14869.39,11.29,41.47%,0.50,0.71
2024-04-17,买入,3509.13,4,14036.52,11.44,38.73%,0.70,0.70
2024-04-18,卖出,3550.56,-4,14661.18,11.44,43.41%,0.50,0.71
2024-04-24,买入,3514.01,4,14056.04,11.29,37.39%,0.70,0.70
2024-04-29,卖出,3584.54,-4,14509.89,11.47,44.36%,0.50,0.72
2024-07-26,买入,3403.71,4,13614.84,11.27,37.52%,0.70,0.68
2024-08-30,买入,3273.75,8,26190.00,10.86,17.33%,1.00,1.31
2024-09-25,卖出,3403.70,-7,24305.90,11.11,21.88%,0.70,1.19
2024-09-27,卖出,3617.92,-5,17361.36,11.77,45.78%,0.50,0.90
2024-10-08,卖出,4450.37,-7,24305.90,13.23,69.16%,0.20,1.56
2024-10-31,买入,3888.42,6,23330.52,11.65,59.67%,0.50,1.17
2024-11-06,卖出,4051.29,-6,22195.57,12.00,60.41%,0.20,1.22
2024-11-07,买入,3987.27,6,23923.62,12.34,59.42%,0.50,1.20
2024-11-08,卖出,4192.08,-6,23138.14,12.22,64.22%,0.20,1.26
2024-11-13,买入,4059.59,6,24357.54,12.16,59.81%,0.50,1.22
2024-11-14,卖出,4101.22,-6,23803.27,12.02,60.87%,0.20,1.23
2024-11-15,买入,4025.65,6,24153.90,11.88,59.37%,0.50,1.21
2024-11-19,买入,3954.60,1,3954.60,11.92,57.41%,0.50,0.20
2024-12-11,卖出,3988.02,-7,27967.66,12.03,60.48%,0.20,1.40
2024-12-16,买入,3930.78,7,27515.46,11.97,57.58%,0.50,1.38
2024-12-19,卖出,3911.89,-7,27703.88,12.03,60.35%,0.20,1.37
2024-12-20,买入,3937.47,7,27562.29,11.97,59.97%,0.50,1.38
2024-12-24,卖出,3934.94,-7,27621.28,12.23,60.61%,0.20,1.38
2025-01-03,买入,3825.24,7,26776.68,11.73,55.48%,0.50,1.34
2025-02-17,卖出,3954.41,-7,27128.60,12.04,60.26%,0.20,1.38
2025-02-19,买入,3906.22,7,27343.54,12.02,59.68%,0.50,1.37
2025-02-20,卖出,3934.65,-7,27253.98,11.99,60.19%,0.20,1.38
2025-02-21,买入,3938.05,7,27566.35,12.09,59.58%,0.50,1.38
2025-02-24,卖出,3972.48,-7,27436.20,12.03,61.95%,0.20,1.39
2025-02-26,买入,3931.84,7,27522.88,11.96,56.95%,0.50,1.38
2025-03-17,卖出,4020.64,-7,27486.76,12.11,62.40%,0.20,1.41
2025-03-24,买入,3916.11,7,27412.77,11.92,56.83%,0.50,1.37
2025-04-08,买入,3597.99,6,21587.94,11.29,25.00%,0.70,1.08
2025-04-11,卖出,3730.31,-5,19065.03,11.46,40.40%,0.50,0.93
2025-05-15,卖出,3934.03,-8,30504.05,11.90,60.63%,0.20,1.57
2025-05-16,买入,3898.67,7,27290.69,11.83,58.81%,0.50,1.36
2025-06-12,卖出,3885.52,-6,23177.86,12.04,62.78%,0.20,1.17
2025-06-26,卖出,3953.16,-1,3862.98,12.44,69.44%,0.20,0.20
2025-10-10,卖出,4679.50,-5,19314.88,13.36,80.63%,0.00,1.17
2025-10-13,买入,4490.87,4,17963.48,13.30,79.37%,0.20,0.90
2025-10-17,卖出,4610.70,-4,17963.48,13.27,80.87%,0.00,0.92
2025-10-20,买入,4558.24,4,18232.96,13.33,78.33%,0.20,0.91
2025-10-22,卖出,4576.03,-4,18232.96,13.47,80.95%,0.00,0.92
2025-11-03,买入,4636.73,4,18546.92,13.28,76.67%,0.20,0.93
2025-11-07,卖出,4673.76,-4,18546.92,13.35,80.32%,0.00,0.93
2025-11-10,买入,4688.12,4,18752.48,13.41,79.76%,0.20,0.94
2025-11-11,卖出,4706.34,-4,18752.48,13.33,80.63%,0.00,0.94
2025-11-12,买入,4643.56,4,18574.24,13.38,79.44%,0.20,0.93
2025-11-13,卖出,4643.79,-4,18574.24,13.46,80.40%,0.00,0.93
2025-11-17,买入,4616.81,4,18467.24,13.20,79.13%,0.20,0.92
