日期,收盘价,估值指标,估值分位点,持仓市值,现金,总资产,仓位比例,信号
2020-01-02,4152.24,12.45,0.5423,0.00,100000.00,100000.00,0.0000,-
2020-01-03,4144.96,12.44,0.5362,0.00,100000.00,100000.00,0.0000,-
2020-01-06,4129.30,12.40,0.5197,0.00,100000.00,100000.00,0.0000,-
2020-01-07,4160.23,12.47,0.5466,0.00,100000.00,100000.00,0.0000,-
2020-01-08,4112.32,12.32,0.4908,0.00,100000.00,100000.00,0.0000,-
2020-01-09,4164.37,12.42,0.5257,0.00,100000.00,100000.00,0.0000,-
2020-01-10,4163.18,12.43,0.5309,0.00,100000.00,100000.00,0.0000,-
2020-01-13,4203.99,12.53,0.5625,0.00,100000.00,100000.00,0.0000,-
2020-01-14,4189.89,12.49,0.5532,0.00,100000.00,100000.00,0.0000,-
2020-01-15,4166.73,12.42,0.5240,0.00,100000.00,100000.00,0.0000,-
2020-01-16,4149.04,12.34,0.4972,0.00,100000.00,100000.00,0.0000,-
2020-01-17,4154.85,12.35,0.5000,0.00,100000.00,100000.00,0.0000,-
2020-01-20,4185.83,12.42,0.5243,0.00,100000.00,100000.00,0.0000,-
2020-01-21,4114.31,12.23,0.4537,0.00,100000.00,100000.00,0.0000,-
2020-01-22,4131.93,12.28,0.4733,0.00,100000.00,100000.00,0.0000,-
2020-01-23,4003.90,11.96,0.3615,0.00,100000.00,100000.00,0.0000,-
2020-02-03,3688.36,11.04,0.1106,0.00,100000.00,100000.00,0.0000,BUY_SIGNAL
2020-02-04,3785.64,11.29,0.1534,102212.28,1391.07,103603.35,0.9866,-
2020-02-05,3828.53,11.40,0.1875,103370.31,1391.07,104761.38,0.9867,-
2020-02-06,3899.78,11.58,0.2476,105294.06,1391.07,106685.13,0.9870,-
2020-02-07,3899.87,11.57,0.2466,105296.49,1391.07,106687.56,0.9870,-
2020-02-10,3916.01,11.61,0.2639,105732.27,1391.07,107123.34,0.9870,-
2020-02-11,3952.46,11.71,0.2985,106716.42,1391.07,108107.49,0.9871,-
2020-02-12,3984.43,11.78,0.3157,107579.61,1391.07,108970.68,0.9872,-
2020-02-13,3959.92,11.71,0.2980,106917.84,1391.07,108308.91,0.9872,-
2020-02-14,3987.73,11.78,0.3160,107668.71,1391.07,109059.78,0.9872,-
2020-02-17,4077.42,12.03,0.3883,110090.34,1391.07,111481.41,0.9875,-
2020-02-18,4057.51,11.96,0.3659,109552.77,1391.07,110943.84,0.9875,-
2020-02-19,4051.31,11.96,0.3656,109385.37,1391.07,110776.44,0.9874,-
2020-02-20,4144.66,12.19,0.4472,111905.82,1391.07,113296.89,0.9877,-
2020-02-21,4149.49,12.24,0.4658,112036.23,1391.07,113427.30,0.9877,-
2020-02-24,4132.84,12.17,0.4426,111586.68,1391.07,112977.75,0.9877,-
2020-02-25,4123.85,12.08,0.4030,111343.95,1391.07,112735.02,0.9877,-
2020-02-26,4073.02,11.98,0.3736,109971.54,1391.07,111362.61,0.9875,-
2020-02-27,4084.88,11.98,0.3733,110291.76,1391.07,111682.83,0.9875,-
2020-02-28,3940.05,11.57,0.2437,106381.35,1391.07,107772.42,0.9871,-
2020-03-02,4069.67,11.88,0.3446,109881.09,1391.07,111272.16,0.9875,-
2020-03-03,4091.36,11.94,0.3599,110466.72,1391.07,111857.79,0.9876,-
2020-03-04,4115.05,12.00,0.3800,111106.35,1391.07,112497.42,0.9876,-
2020-03-05,4206.73,12.25,0.4719,113581.71,1391.07,114972.78,0.9879,-
2020-03-06,4138.51,12.07,0.4020,111739.77,1391.07,113130.84,0.9877,-
2020-03-09,3997.13,11.70,0.2886,107922.51,1391.07,109313.58,0.9873,-
2020-03-10,4082.73,11.91,0.3507,110233.71,1391.07,111624.78,0.9875,-
2020-03-11,4028.43,11.78,0.3131,108767.61,1391.07,110158.68,0.9874,-
2020-03-12,3950.91,11.59,0.2506,106674.57,1391.07,108065.64,0.9871,-
2020-03-13,3895.31,11.44,0.1952,105173.37,1391.07,106564.44,0.9869,-
2020-03-16,3727.84,11.07,0.1181,100651.68,1391.07,102042.75,0.9864,-
2020-03-17,3709.68,11.02,0.1040,100161.36,1391.07,101552.43,0.9863,-
2020-03-18,3636.26,10.82,0.0784,98179.02,1391.07,99570.09,0.9860,-
2020-03-19,3589.09,10.66,0.0558,96905.43,1391.07,98296.50,0.9858,-
2020-03-20,3653.22,10.84,0.0844,98636.94,1391.07,100028.01,0.9861,-
2020-03-23,3530.31,10.50,0.0372,95318.37,1391.07,96709.44,0.9856,-
2020-03-24,3625.11,10.78,0.0712,97877.97,1391.07,99269.04,0.9860,-
2020-03-25,3722.52,11.04,0.1121,100508.04,1391.07,101899.11,0.9863,-
2020-03-26,3698.05,10.94,0.0934,99847.35,1391.07,101238.42,0.9863,-
2020-03-27,3710.06,10.96,0.0957,100171.62,1391.07,101562.69,0.9863,-
2020-03-30,3674.11,10.88,0.0887,99200.97,1391.07,100592.04,0.9862,-
2020-03-31,3686.16,10.85,0.0863,99526.32,1391.07,100917.39,0.9862,-
2020-04-01,3675.08,10.81,0.0770,99227.16,1391.07,100618.23,0.9862,-
2020-04-02,3734.53,10.98,0.1015,100832.31,1391.07,102223.38,0.9864,-
2020-04-03,3713.22,10.92,0.0930,100256.94,1391.07,101648.01,0.9863,-
2020-04-07,3798.02,11.13,0.1375,102546.54,1391.07,103937.61,0.9866,-
2020-04-08,3780.34,11.07,0.1274,102069.18,1391.07,103460.25,0.9866,-
2020-04-09,3792.81,11.10,0.1327,102405.87,1391.07,103796.94,0.9866,-
2020-04-10,3769.18,11.03,0.1134,101767.86,1391.07,103158.93,0.9865,-
2020-04-13,3753.26,10.99,0.1072,101338.02,1391.07,102729.09,0.9865,-
2020-04-14,3825.70,11.17,0.1438,103293.90,1391.07,104684.97,0.9867,-
2020-04-15,3797.36,11.10,0.1338,102528.72,1391.07,103919.79,0.9866,-
2020-04-16,3802.38,11.11,0.1375,102664.26,1391.07,104055.33,0.9866,-
2020-04-17,3839.49,11.20,0.1504,103666.23,1391.07,105057.30,0.9868,-
2020-04-20,3853.46,11.25,0.1579,104043.42,1391.07,105434.49,0.9868,-
2020-04-21,3808.05,11.13,0.1410,102817.35,1391.07,104208.42,0.9867,-
2020-04-22,3839.38,11.20,0.1508,103663.26,1391.07,105054.33,0.9868,-
2020-04-23,3829.75,11.16,0.1438,103403.25,1391.07,104794.32,0.9867,-
2020-04-24,3796.97,11.15,0.1422,102518.19,1391.07,103909.26,0.9866,-
2020-04-27,3822.77,11.24,0.1603,103214.79,1391.07,104605.86,0.9867,-
2020-04-28,3849.15,11.28,0.1678,103927.05,1391.07,105318.12,0.9868,-
2020-04-29,3867.03,11.40,0.2026,104409.81,1391.07,105800.88,0.9869,-
2020-04-30,3912.58,11.77,0.3268,105639.66,1391.07,107030.73,0.9870,-
2020-05-06,3936.25,11.80,0.3386,106278.75,1391.07,107669.82,0.9871,-
2020-05-07,3924.89,11.76,0.3255,105972.03,1391.07,107363.10,0.9870,-
2020-05-08,3963.62,11.86,0.3563,107017.74,1391.07,108408.81,0.9872,-
2020-05-11,3960.18,11.87,0.3628,106924.86,1391.07,108315.93,0.9872,-
2020-05-12,3960.24,11.85,0.3542,106926.48,1391.07,108317.55,0.9872,-
2020-05-13,3968.25,11.87,0.3630,107142.75,1391.07,108533.82,0.9872,-
2020-05-14,3925.22,11.75,0.3228,105980.94,1391.07,107372.01,0.9870,-
2020-05-15,3912.82,11.72,0.3150,105646.14,1391.07,107037.21,0.9870,-
2020-05-18,3922.91,11.75,0.3230,105918.57,1391.07,107309.64,0.9870,-
2020-05-19,3956.25,11.84,0.3544,106818.75,1391.07,108209.82,0.9871,-
2020-05-20,3935.22,11.79,0.3361,106250.94,1391.07,107642.01,0.9871,-
2020-05-21,3913.79,11.73,0.3201,105672.33,1391.07,107063.40,0.9870,-
2020-05-22,3824.06,11.49,0.2365,103249.62,1391.07,104640.69,0.9867,-
2020-05-25,3829.32,11.50,0.2378,103391.64,1391.07,104782.71,0.9867,-
2020-05-26,3872.77,11.60,0.2706,104564.79,1391.07,105955.86,0.9869,-
2020-05-27,3845.61,11.55,0.2539,103831.47,1391.07,105222.54,0.9868,-
2020-05-28,3856.63,11.59,0.2680,104129.01,1391.07,105520.08,0.9868,-
2020-05-29,3867.02,11.60,0.2715,104409.54,1391.07,105800.61,0.9869,-
2020-06-01,3971.34,11.86,0.3617,107226.18,1391.07,108617.25,0.9872,-
2020-06-02,3983.57,11.91,0.3771,107556.39,1391.07,108947.46,0.9872,-
2020-06-03,3983.65,11.92,0.3799,107558.55,1391.07,108949.62,0.9872,-
2020-06-04,3982.19,11.89,0.3714,107519.13,1391.07,108910.20,0.9872,-
2020-06-05,4001.25,11.95,0.3897,108033.75,1391.07,109424.82,0.9873,-
2020-06-08,4021.95,12.00,0.4073,108592.65,1391.07,109983.72,0.9874,-
2020-06-09,4047.03,12.08,0.4330,109269.81,1391.07,110660.88,0.9874,-
2020-06-10,4039.71,12.04,0.4208,109072.17,1391.07,110463.24,0.9874,-
2020-06-11,3995.88,11.92,0.3789,107888.76,1391.07,109279.83,0.9873,-
2020-06-12,4003.08,11.93,0.3838,108083.16,1391.07,109474.23,0.9873,-
2020-06-15,3954.99,11.92,0.3783,106784.73,1391.07,108175.80,0.9871,-
2020-06-16,4014.57,12.07,0.4307,108393.39,1391.07,109784.46,0.9873,-
2020-06-17,4017.59,12.07,0.4304,108474.93,1391.07,109866.00,0.9873,-
2020-06-18,4044.38,12.13,0.4589,109198.26,1391.07,110589.33,0.9874,-
2020-06-19,4098.71,12.27,0.5074,110665.17,1391.07,112056.24,0.9876,-
2020-06-22,4102.05,12.27,0.5070,110755.35,1391.07,112146.42,0.9876,-
2020-06-23,4121.79,12.30,0.5185,111288.33,1391.07,112679.40,0.9877,-
2020-06-24,4138.99,12.37,0.5424,111752.73,1391.07,113143.80,0.9877,-
2020-06-29,4109.72,12.29,0.5147,110962.44,1391.07,112353.51,0.9876,-
2020-06-30,4163.96,12.38,0.5475,112426.92,1391.07,113817.99,0.9878,-
2020-07-01,4247.78,12.61,0.6237,114690.06,1391.07,116081.13,0.9880,-
2020-07-02,4335.84,12.90,0.6829,117067.68,1391.07,118458.75,0.9883,-
2020-07-03,4419.60,13.19,0.7603,119329.20,1391.07,120720.27,0.9885,-
2020-07-06,4670.09,14.00,0.8699,126092.43,1391.07,127483.50,0.9891,SELL_SIGNAL
2020-07-07,4698.13,14.05,0.8789,0.00,129354.14,129354.14,0.0000,-
2020-07-08,4774.00,14.25,0.9090,0.00,129354.14,129354.14,0.0000,-
2020-07-09,4840.77,14.41,0.9172,0.00,129354.14,129354.14,0.0000,-
2020-07-10,4753.13,14.05,0.8769,0.00,129354.14,129354.14,0.0000,-
2020-07-13,4852.96,14.28,0.9100,0.00,129354.14,129354.14,0.0000,-
2020-07-14,4806.69,14.15,0.8910,0.00,129354.14,129354.14,0.0000,-
2020-07-15,4744.47,13.94,0.8560,0.00,129354.14,129354.14,0.0000,-
2020-07-16,4516.25,13.34,0.7721,0.00,129354.14,129354.14,0.0000,-
2020-07-17,4544.70,13.39,0.7774,0.00,129354.14,129354.14,0.0000,-
2020-07-20,4680.30,13.76,0.8118,0.00,129354.14,129354.14,0.0000,-
2020-07-21,4691.04,13.78,0.8185,0.00,129354.14,129354.14,0.0000,-
2020-07-22,4714.45,13.82,0.8281,0.00,129354.14,129354.14,0.0000,-
2020-07-23,4712.44,13.78,0.8173,0.00,129354.14,129354.14,0.0000,-
2020-07-24,4505.59,13.23,0.7578,0.00,129354.14,129354.14,0.0000,-
2020-07-27,4528.45,13.29,0.7645,0.00,129354.14,129354.14,0.0000,-
2020-07-28,4568.26,13.38,0.7734,0.00,129354.14,129354.14,0.0000,-
2020-07-29,4679.01,13.67,0.7954,0.00,129354.14,129354.14,0.0000,-
2020-07-30,4656.15,13.58,0.7919,0.00,129354.14,129354.14,0.0000,-
2020-07-31,4695.05,13.67,0.7949,0.00,129354.14,129354.14,0.0000,-
2020-08-03,4771.31,13.87,0.8429,0.00,129354.14,129354.14,0.0000,-
2020-08-04,4775.80,13.92,0.8517,0.00,129354.14,129354.14,0.0000,-
2020-08-05,4777.11,13.90,0.8482,0.00,129354.14,129354.14,0.0000,-
2020-08-06,4762.76,13.89,0.8468,0.00,129354.14,129354.14,0.0000,-
2020-08-07,4707.93,13.75,0.8058,0.00,129354.14,129354.14,0.0000,-
2020-08-10,4724.87,13.84,0.8319,0.00,129354.14,129354.14,0.0000,-
2020-08-11,4681.78,13.73,0.8010,0.00,129354.14,129354.14,0.0000,-
2020-08-12,4647.64,13.64,0.7889,0.00,129354.14,129354.14,0.0000,-
2020-08-13,4635.71,13.60,0.7876,0.00,129354.14,129354.14,0.0000,-
2020-08-14,4704.63,13.81,0.8237,0.00,129354.14,129354.14,0.0000,-
2020-08-17,4815.23,14.15,0.8922,0.00,129354.14,129354.14,0.0000,-
2020-08-18,4812.76,14.14,0.8915,0.00,129354.14,129354.14,0.0000,-
2020-08-19,4740.68,13.94,0.8564,0.00,129354.14,129354.14,0.0000,-
2020-08-20,4679.15,13.76,0.8056,0.00,129354.14,129354.14,0.0000,-
2020-08-21,4718.84,13.84,0.8301,0.00,129354.14,129354.14,0.0000,-
2020-08-24,4755.85,13.92,0.8503,0.00,129354.14,129354.14,0.0000,-
2020-08-25,4761.95,13.92,0.8497,0.00,129354.14,129354.14,0.0000,-
2020-08-26,4706.13,13.79,0.8147,0.00,129354.14,129354.14,0.0000,-
2020-08-27,4731.35,13.84,0.8284,0.00,129354.14,129354.14,0.0000,-
2020-08-28,4844.27,13.96,0.8614,0.00,129354.14,129354.14,0.0000,-
2020-08-31,4816.22,14.45,0.9215,0.00,129354.14,129354.14,0.0000,-
2020-09-01,4842.12,14.52,0.9251,0.00,129354.14,129354.14,0.0000,-
2020-09-02,4843.89,14.51,0.9237,0.00,129354.14,129354.14,0.0000,-
2020-09-03,4817.10,14.43,0.9195,0.00,129354.14,129354.14,0.0000,-
2020-09-04,4770.22,14.30,0.9096,0.00,129354.14,129354.14,0.0000,-
2020-09-07,4669.37,14.03,0.8698,0.00,129354.14,129354.14,0.0000,-
2020-09-08,4694.39,14.14,0.8884,0.00,129354.14,129354.14,0.0000,-
2020-09-09,4584.59,13.86,0.8317,0.00,129354.14,129354.14,0.0000,-
2020-09-10,4581.98,13.86,0.8311,0.00,129354.14,129354.14,0.0000,-
2020-09-11,4627.28,13.97,0.8582,0.00,129354.14,129354.14,0.0000,-
2020-09-14,4651.05,14.02,0.8682,0.00,129354.14,129354.14,0.0000,-
2020-09-15,4688.48,14.11,0.8860,0.00,129354.14,129354.14,0.0000,-
2020-09-16,4657.36,14.04,0.8705,0.00,129354.14,129354.14,0.0000,-
2020-09-17,4632.71,13.97,0.8557,0.00,129354.14,129354.14,0.0000,-
2020-09-18,4737.09,14.29,0.9095,0.00,129354.14,129354.14,0.0000,-
2020-09-21,4691.43,14.15,0.8891,0.00,129354.14,129354.14,0.0000,-
2020-09-22,4635.76,14.00,0.8603,0.00,129354.14,129354.14,0.0000,-
2020-09-23,4652.33,14.03,0.8667,0.00,129354.14,129354.14,0.0000,-
2020-09-24,4563.07,13.80,0.8055,0.00,129354.14,129354.14,0.0000,-
2020-09-25,4570.02,13.82,0.8113,0.00,129354.14,129354.14,0.0000,-
2020-09-28,4581.91,13.87,0.8290,0.00,129354.14,129354.14,0.0000,-
2020-09-29,4591.80,13.89,0.8347,0.00,129354.14,129354.14,0.0000,-
2020-09-30,4587.40,13.87,0.8278,0.00,129354.14,129354.14,0.0000,-
2020-10-09,4681.14,14.10,0.8820,0.00,129354.14,129354.14,0.0000,-
2020-10-12,4823.16,14.50,0.9242,0.00,129354.14,129354.14,0.0000,-
2020-10-13,4839.20,14.52,0.9257,0.00,129354.14,129354.14,0.0000,-
2020-10-14,4807.10,14.44,0.9194,0.00,129354.14,129354.14,0.0000,-
2020-10-15,4798.74,14.44,0.9188,0.00,129354.14,129354.14,0.0000,-
2020-10-16,4791.68,14.46,0.9202,0.00,129354.14,129354.14,0.0000,-
2020-10-19,4755.49,14.40,0.9140,0.00,129354.14,129354.14,0.0000,-
2020-10-20,4793.47,14.41,0.9140,0.00,129354.14,129354.14,0.0000,-
2020-10-21,4792.83,14.44,0.9176,0.00,129354.14,129354.14,0.0000,-
2020-10-22,4777.98,14.40,0.9121,0.00,129354.14,129354.14,0.0000,-
2020-10-23,4718.49,14.23,0.8996,0.00,129354.14,129354.14,0.0000,-
2020-10-26,4691.24,14.13,0.8815,0.00,129354.14,129354.14,0.0000,-
2020-10-27,4699.28,14.13,0.8809,0.00,129354.14,129354.14,0.0000,-
2020-10-28,4737.27,14.16,0.8880,0.00,129354.14,129354.14,0.0000,-
2020-10-29,4772.92,14.03,0.8581,0.00,129354.14,129354.14,0.0000,-
2020-10-30,4695.33,13.92,0.8311,0.00,129354.14,129354.14,0.0000,-
2020-11-02,4720.83,13.96,0.8431,0.00,129354.14,129354.14,0.0000,-
2020-11-03,4777.56,14.13,0.8799,0.00,129354.14,129354.14,0.0000,-
2020-11-04,4813.66,14.20,0.8946,0.00,129354.14,129354.14,0.0000,-
2020-11-05,4885.11,14.38,0.9120,0.00,129354.14,129354.14,0.0000,-
2020-11-06,4885.72,14.38,0.9114,0.00,129354.14,129354.14,0.0000,-
2020-11-09,4981.35,14.63,0.9315,0.00,129354.14,129354.14,0.0000,-
2020-11-10,4953.88,14.58,0.9295,0.00,129354.14,129354.14,0.0000,-
2020-11-11,4904.90,14.48,0.9226,0.00,129354.14,129354.14,0.0000,-
2020-11-12,4908.46,14.46,0.9185,0.00,129354.14,129354.14,0.0000,-
2020-11-13,4856.85,14.30,0.9013,0.00,129354.14,129354.14,0.0000,-
2020-11-16,4904.17,14.44,0.9152,0.00,129354.14,129354.14,0.0000,-
2020-11-17,4894.79,14.42,0.9139,0.00,129354.14,129354.14,0.0000,-
2020-11-18,4891.67,14.44,0.9146,0.00,129354.14,129354.14,0.0000,-
2020-11-19,4927.99,14.53,0.9277,0.00,129354.14,129354.14,0.0000,-
2020-11-20,4943.29,14.56,0.9285,0.00,129354.14,129354.14,0.0000,-
2020-11-23,5005.03,14.75,0.9361,0.00,129354.14,129354.14,0.0000,-
2020-11-24,4974.29,14.66,0.9327,0.00,129354.14,129354.14,0.0000,-
2020-11-25,4910.70,14.51,0.9211,0.00,129354.14,129354.14,0.0000,-
2020-11-26,4919.59,14.55,0.9266,0.00,129354.14,129354.14,0.0000,-
2020-11-27,4980.77,14.78,0.9369,0.00,129354.14,129354.14,0.0000,-
2020-11-30,4960.25,14.71,0.9342,0.00,129354.14,129354.14,0.0000,-
2020-12-01,5067.10,15.00,0.9418,0.00,129354.14,129354.14,0.0000,-
2020-12-02,5067.14,14.98,0.9391,0.00,129354.14,129354.14,0.0000,-
2020-12-03,5057.06,14.95,0.9371,0.00,129354.14,129354.14,0.0000,-
2020-12-04,5065.92,14.95,0.9365,0.00,129354.14,129354.14,0.0000,-
2020-12-07,5022.24,14.80,0.9345,0.00,129354.14,129354.14,0.0000,-
2020-12-08,5009.88,14.74,0.9318,0.00,129354.14,129354.14,0.0000,-
2020-12-09,4942.70,14.58,0.9230,0.00,129354.14,129354.14,0.0000,-
2020-12-10,4940.52,14.56,0.9210,0.00,129354.14,129354.14,0.0000,-
2020-12-11,4889.63,14.45,0.9074,0.00,129354.14,129354.14,0.0000,-
2020-12-14,4934.84,15.01,0.9422,0.00,129354.14,129354.14,0.0000,-
2020-12-15,4945.10,15.01,0.9415,0.00,129354.14,129354.14,0.0000,-
2020-12-16,4953.87,15.03,0.9423,0.00,129354.14,129354.14,0.0000,-
2020-12-17,5017.48,15.20,0.9491,0.00,129354.14,129354.14,0.0000,-
2020-12-18,4999.97,15.15,0.9457,0.00,129354.14,129354.14,0.0000,-
2020-12-21,5046.84,15.27,0.9505,0.00,129354.14,129354.14,0.0000,-
2020-12-22,4964.77,15.01,0.9383,0.00,129354.14,129354.14,0.0000,-
2020-12-23,5007.12,15.14,0.9445,0.00,129354.14,129354.14,0.0000,-
2020-12-24,5000.02,15.12,0.9418,0.00,129354.14,129354.14,0.0000,-
2020-12-25,5042.01,15.23,0.9493,0.00,129354.14,129354.14,0.0000,-
2020-12-28,5064.41,15.29,0.9514,0.00,129354.14,129354.14,0.0000,-
2020-12-29,5042.94,15.22,0.9480,0.00,129354.14,129354.14,0.0000,-
2020-12-30,5113.71,15.39,0.9568,0.00,129354.14,129354.14,0.0000,-
2020-12-31,5211.29,15.66,0.9649,0.00,129354.14,129354.14,0.0000,-
2021-01-04,5267.72,15.79,0.9670,0.00,129354.14,129354.14,0.0000,-
2021-01-05,5368.50,16.03,0.9690,0.00,129354.14,129354.14,0.0000,-
2021-01-06,5417.67,16.19,0.9738,0.00,129354.14,129354.14,0.0000,-
2021-01-07,5513.66,16.45,0.9792,0.00,129354.14,129354.14,0.0000,-
2021-01-08,5495.43,16.42,0.9778,0.00,129354.14,129354.14,0.0000,-
2021-01-11,5441.16,16.26,0.9738,0.00,129354.14,129354.14,0.0000,-
2021-01-12,5596.35,16.68,0.9819,0.00,129354.14,129354.14,0.0000,-
2021-01-13,5577.97,16.66,0.9812,0.00,129354.14,129354.14,0.0000,-
2021-01-14,5470.46,16.41,0.9759,0.00,129354.14,129354.14,0.0000,-
2021-01-15,5458.08,16.34,0.9732,0.00,129354.14,129354.14,0.0000,-
2021-01-18,5518.52,16.46,0.9779,0.00,129354.14,129354.14,0.0000,-
2021-01-19,5437.52,16.28,0.9712,0.00,129354.14,129354.14,0.0000,-
2021-01-20,5476.43,16.35,0.9739,0.00,129354.14,129354.14,0.0000,-
2021-01-21,5564.97,16.58,0.9793,0.00,129354.14,129354.14,0.0000,-
2021-01-22,5569.78,16.52,0.9780,0.00,129354.14,129354.14,0.0000,-
2021-01-25,5625.92,16.65,0.9807,0.00,129354.14,129354.14,0.0000,-
2021-01-26,5512.97,16.37,0.9727,0.00,129354.14,129354.14,0.0000,-
2021-01-27,5528.00,16.41,0.9727,0.00,129354.14,129354.14,0.0000,-
2021-01-28,5377.14,16.00,0.9581,0.00,129354.14,129354.14,0.0000,-
2021-01-29,5351.96,15.95,0.9574,0.00,129354.14,129354.14,0.0000,-
2021-02-01,5417.65,16.10,0.9594,0.00,129354.14,129354.14,0.0000,-
2021-02-02,5501.09,16.29,0.9674,0.00,129354.14,129354.14,0.0000,-
2021-02-03,5485.20,16.22,0.9641,0.00,129354.14,129354.14,0.0000,-
2021-02-04,5473.95,16.09,0.9575,0.00,129354.14,129354.14,0.0000,-
2021-02-05,5483.41,16.15,0.9589,0.00,129354.14,129354.14,0.0000,-
2021-02-08,5564.56,16.33,0.9675,0.00,129354.14,129354.14,0.0000,-
2021-02-09,5686.25,16.64,0.9795,0.00,129354.14,129354.14,0.0000,-
2021-02-10,5807.72,16.99,0.9861,0.00,129354.14,129354.14,0.0000,-
2021-02-18,5768.38,16.92,0.9848,0.00,129354.14,129354.14,0.0000,-
2021-02-19,5778.84,16.95,0.9848,0.00,129354.14,129354.14,0.0000,-
2021-02-22,5597.33,16.59,0.9769,0.00,129354.14,129354.14,0.0000,-
2021-02-23,5579.67,16.54,0.9743,0.00,129354.14,129354.14,0.0000,-
2021-02-24,5437.57,16.13,0.9538,0.00,129354.14,129354.14,0.0000,-
2021-02-25,5469.56,16.26,0.9604,0.00,129354.14,129354.14,0.0000,-
2021-02-26,5336.76,15.87,0.9480,0.00,129354.14,129354.14,0.0000,-
2021-03-01,5418.78,16.00,0.9487,0.00,129354.14,129354.14,0.0000,-
2021-03-02,5349.63,15.78,0.9441,0.00,129354.14,129354.14,0.0000,-
2021-03-03,5452.21,16.12,0.9527,0.00,129354.14,129354.14,0.0000,-
2021-03-04,5280.71,15.69,0.9409,0.00,129354.14,129354.14,0.0000,-
2021-03-05,5262.80,15.69,0.9402,0.00,129354.14,129354.14,0.0000,-
2021-03-08,5080.02,15.22,0.9213,0.00,129354.14,129354.14,0.0000,-
2021-03-09,4971.00,14.93,0.9023,0.00,129354.14,129354.14,0.0000,-
2021-03-10,5003.61,14.97,0.9037,0.00,129354.14,129354.14,0.0000,-
2021-03-11,5128.22,15.31,0.9280,0.00,129354.14,129354.14,0.0000,-
2021-03-12,5146.38,15.35,0.9287,0.00,129354.14,129354.14,0.0000,-
2021-03-15,5035.54,15.11,0.9117,0.00,129354.14,129354.14,0.0000,-
2021-03-16,5079.36,15.23,0.9209,0.00,129354.14,129354.14,0.0000,-
2021-03-17,5100.86,15.25,0.9223,0.00,129354.14,129354.14,0.0000,-
2021-03-18,5141.77,15.34,0.9282,0.00,129354.14,129354.14,0.0000,-
2021-03-19,5007.09,14.95,0.8982,0.00,129354.14,129354.14,0.0000,-
2021-03-22,5057.15,15.09,0.9087,0.00,129354.14,129354.14,0.0000,-
2021-03-23,5009.25,14.96,0.8990,0.00,129354.14,129354.14,0.0000,-
2021-03-24,4928.69,14.76,0.8932,0.00,129354.14,129354.14,0.0000,-
2021-03-25,4926.35,14.71,0.8894,0.00,129354.14,129354.14,0.0000,-
2021-03-26,5037.99,14.98,0.9012,0.00,129354.14,129354.14,0.0000,-
2021-03-29,5046.88,14.78,0.8928,0.00,129354.14,129354.14,0.0000,-
2021-03-30,5094.73,14.87,0.8955,0.00,129354.14,129354.14,0.0000,-
2021-03-31,5048.36,14.61,0.8819,0.00,129354.14,129354.14,0.0000,-
2021-04-01,5110.78,14.74,0.8891,0.00,129354.14,129354.14,0.0000,-
2021-04-02,5161.56,14.85,0.8950,0.00,129354.14,129354.14,0.0000,-
2021-04-06,5140.34,14.81,0.8938,0.00,129354.14,129354.14,0.0000,-
2021-04-07,5103.74,14.73,0.8874,0.00,129354.14,129354.14,0.0000,-
2021-04-08,5112.21,14.75,0.8887,0.00,129354.14,129354.14,0.0000,-
2021-04-09,5035.34,14.56,0.8746,0.00,129354.14,129354.14,0.0000,-
2021-04-12,4947.75,14.35,0.8501,0.00,129354.14,129354.14,0.0000,-
2021-04-13,4939.64,14.32,0.8464,0.00,129354.14,129354.14,0.0000,-
2021-04-14,4980.63,14.42,0.8568,0.00,129354.14,129354.14,0.0000,-
2021-04-15,4948.97,14.29,0.8414,0.00,129354.14,129354.14,0.0000,-
2021-04-16,4966.18,14.34,0.8479,0.00,129354.14,129354.14,0.0000,-
2021-04-19,5087.02,14.60,0.8783,0.00,129354.14,129354.14,0.0000,-
2021-04-20,5083.37,14.57,0.8764,0.00,129354.14,129354.14,0.0000,-
2021-04-21,5098.74,14.58,0.8765,0.00,129354.14,129354.14,0.0000,-
2021-04-22,5089.24,14.50,0.8657,0.00,129354.14,129354.14,0.0000,-
2021-04-23,5135.45,14.56,0.8728,0.00,129354.14,129354.14,0.0000,-
2021-04-26,5077.24,14.36,0.8472,0.00,129354.14,129354.14,0.0000,-
2021-04-27,5090.52,14.31,0.8409,0.00,129354.14,129354.14,0.0000,-
2021-04-28,5119.24,14.35,0.8462,0.00,129354.14,129354.14,0.0000,-
2021-04-29,5164.17,14.14,0.8142,0.00,129354.14,129354.14,0.0000,-
2021-04-30,5123.49,13.52,0.6959,0.00,129354.14,129354.14,0.0000,-
2021-05-06,5061.12,13.41,0.6897,0.00,129354.14,129354.14,0.0000,-
2021-05-07,4996.05,13.29,0.6726,0.00,129354.14,129354.14,0.0000,-
2021-05-10,4992.42,13.31,0.6741,0.00,129354.14,129354.14,0.0000,-
2021-05-11,5023.06,13.38,0.6814,0.00,129354.14,129354.14,0.0000,-
2021-05-12,5044.55,13.45,0.6943,0.00,129354.14,129354.14,0.0000,-
2021-05-13,4992.97,13.32,0.6747,0.00,129354.14,129354.14,0.0000,-
2021-05-14,5110.59,13.60,0.7017,0.00,129354.14,129354.14,0.0000,-
2021-05-17,5184.99,13.77,0.7255,0.00,129354.14,129354.14,0.0000,-
2021-05-18,5187.60,13.78,0.7276,0.00,129354.14,129354.14,0.0000,-
2021-05-19,5172.27,13.73,0.7131,0.00,129354.14,129354.14,0.0000,-
2021-05-20,5186.41,13.76,0.7196,0.00,129354.14,129354.14,0.0000,-
2021-05-21,5134.15,13.63,0.7014,0.00,129354.14,129354.14,0.0000,-
2021-05-24,5155.59,13.68,0.7060,0.00,129354.14,129354.14,0.0000,-
2021-05-25,5318.48,14.07,0.8033,0.00,129354.14,129354.14,0.0000,-
2021-05-26,5320.59,14.09,0.8053,0.00,129354.14,129354.14,0.0000,-
2021-05-27,5338.23,14.12,0.8118,0.00,129354.14,129354.14,0.0000,-
2021-05-28,5321.09,14.10,0.8075,0.00,129354.14,129354.14,0.0000,-
2021-05-31,5331.57,14.09,0.8038,0.00,129354.14,129354.14,0.0000,-
2021-06-01,5341.68,14.12,0.8115,0.00,129354.14,129354.14,0.0000,-
2021-06-02,5289.97,14.01,0.7876,0.00,129354.14,129354.14,0.0000,-
2021-06-03,5255.29,13.93,0.7688,0.00,129354.14,129354.14,0.0000,-
2021-06-04,5282.28,13.99,0.7822,0.00,129354.14,129354.14,0.0000,-
2021-06-07,5277.63,13.99,0.7817,0.00,129354.14,129354.14,0.0000,-
2021-06-08,5232.12,13.90,0.7598,0.00,129354.14,129354.14,0.0000,-
2021-06-09,5236.45,13.92,0.7631,0.00,129354.14,129354.14,0.0000,-
2021-06-10,5271.47,13.99,0.7815,0.00,129354.14,129354.14,0.0000,-
2021-06-11,5224.70,13.89,0.7565,0.00,129354.14,129354.14,0.0000,-
2021-06-15,5166.56,14.23,0.8346,0.00,129354.14,129354.14,0.0000,-
2021-06-16,5080.49,14.04,0.7938,0.00,129354.14,129354.14,0.0000,-
2021-06-17,5101.89,14.05,0.7965,0.00,129354.14,129354.14,0.0000,-
2021-06-18,5102.47,14.04,0.7928,0.00,129354.14,129354.14,0.0000,-
2021-06-21,5090.39,14.01,0.7861,0.00,129354.14,129354.14,0.0000,-
2021-06-22,5122.16,14.10,0.8075,0.00,129354.14,129354.14,0.0000,-
2021-06-23,5147.39,14.15,0.8189,0.00,129354.14,129354.14,0.0000,-
2021-06-24,5155.97,14.18,0.8265,0.00,129354.14,129354.14,0.0000,-
2021-06-25,5239.97,14.39,0.8529,0.00,129354.14,129354.14,0.0000,-
2021-06-28,5251.76,14.40,0.8530,0.00,129354.14,129354.14,0.0000,-
2021-06-29,5190.54,14.24,0.8363,0.00,129354.14,129354.14,0.0000,-
2021-06-30,5224.04,14.32,0.8438,0.00,129354.14,129354.14,0.0000,-
2021-07-01,5229.66,14.33,0.8452,0.00,129354.14,129354.14,0.0000,-
2021-07-02,5081.12,13.98,0.7735,0.00,129354.14,129354.14,0.0000,-
2021-07-05,5085.79,14.01,0.7818,0.00,129354.14,129354.14,0.0000,-
2021-07-06,5083.10,14.00,0.7776,0.00,129354.14,129354.14,0.0000,-
2021-07-07,5140.49,14.11,0.8082,0.00,129354.14,129354.14,0.0000,-
2021-07-08,5088.26,13.95,0.7660,0.00,129354.14,129354.14,0.0000,-
2021-07-09,5069.44,13.89,0.7475,0.00,129354.14,129354.14,0.0000,-
2021-07-12,5132.71,14.01,0.7812,0.00,129354.14,129354.14,0.0000,-
2021-07-13,5142.10,14.03,0.7857,0.00,129354.14,129354.14,0.0000,-
2021-07-14,5083.08,13.87,0.7399,0.00,129354.14,129354.14,0.0000,-
2021-07-15,5151.46,14.01,0.7804,0.00,129354.14,129354.14,0.0000,-
2021-07-16,5094.77,13.87,0.7390,0.00,129354.14,129354.14,0.0000,-
2021-07-19,5113.49,13.89,0.7460,0.00,129354.14,129354.14,0.0000,-
2021-07-20,5108.99,13.87,0.7381,0.00,129354.14,129354.14,0.0000,-
2021-07-21,5144.04,13.95,0.7649,0.00,129354.14,129354.14,0.0000,-
2021-07-22,5151.75,13.99,0.7730,0.00,129354.14,129354.14,0.0000,-
2021-07-23,5089.23,13.87,0.7367,0.00,129354.14,129354.14,0.0000,-
2021-07-26,4925.30,13.45,0.6726,0.00,129354.14,129354.14,0.0000,-
2021-07-27,4751.31,13.03,0.6093,0.00,129354.14,129354.14,0.0000,-
2021-07-28,4760.48,13.06,0.6175,0.00,129354.14,129354.14,0.0000,-
2021-07-29,4850.27,13.23,0.6436,0.00,129354.14,129354.14,0.0000,-
2021-07-30,4811.17,13.12,0.6278,0.00,129354.14,129354.14,0.0000,-
2021-08-02,4933.74,13.42,0.6700,0.00,129354.14,129354.14,0.0000,-
2021-08-03,4934.46,13.39,0.6622,0.00,129354.14,129354.14,0.0000,-
2021-08-04,4978.85,13.49,0.6759,0.00,129354.14,129354.14,0.0000,-
2021-08-05,4948.67,13.41,0.6681,0.00,129354.14,129354.14,0.0000,-
2021-08-06,4921.56,13.35,0.6560,0.00,129354.14,129354.14,0.0000,-
2021-08-09,4985.56,13.51,0.6765,0.00,129354.14,129354.14,0.0000,-
2021-08-10,5043.15,13.64,0.6847,0.00,129354.14,129354.14,0.0000,-
2021-08-11,5015.34,13.60,0.6818,0.00,129354.14,129354.14,0.0000,-
2021-08-12,4973.35,13.52,0.6765,0.00,129354.14,129354.14,0.0000,-
2021-08-13,4945.98,13.45,0.6718,0.00,129354.14,129354.14,0.0000,-
2021-08-16,4941.07,13.41,0.6659,0.00,129354.14,129354.14,0.0000,-
2021-08-17,4837.40,13.15,0.6287,0.00,129354.14,129354.14,0.0000,-
2021-08-18,4894.24,13.31,0.6479,0.00,129354.14,129354.14,0.0000,-
2021-08-19,4862.14,13.22,0.6390,0.00,129354.14,129354.14,0.0000,-
2021-08-20,4769.27,13.00,0.5965,0.00,129354.14,129354.14,0.0000,-
2021-08-23,4835.88,13.14,0.6260,0.00,129354.14,129354.14,0.0000,-
2021-08-24,4888.39,13.25,0.6433,0.00,129354.14,129354.14,0.0000,-
2021-08-25,4898.16,13.26,0.6447,0.00,129354.14,129354.14,0.0000,-
2021-08-26,4801.61,13.03,0.6017,0.00,129354.14,129354.14,0.0000,-
2021-08-27,4827.04,12.96,0.5843,0.00,129354.14,129354.14,0.0000,-
2021-08-30,4813.27,12.60,0.5109,0.00,129354.14,129354.14,0.0000,-
2021-08-31,4805.61,12.41,0.4602,0.00,129354.14,129354.14,0.0000,-
2021-09-01,4869.46,12.59,0.5085,0.00,129354.14,129354.14,0.0000,-
2021-09-02,4869.41,12.60,0.5112,0.00,129354.14,129354.14,0.0000,-
2021-09-03,4843.06,12.55,0.4994,0.00,129354.14,129354.14,0.0000,-
2021-09-06,4933.73,12.75,0.5343,0.00,129354.14,129354.14,0.0000,-
2021-09-07,4992.83,12.90,0.5661,0.00,129354.14,129354.14,0.0000,-
2021-09-08,4972.13,12.87,0.5578,0.00,129354.14,129354.14,0.0000,-
2021-09-09,4970.01,12.90,0.5660,0.00,129354.14,129354.14,0.0000,-
2021-09-10,5013.52,12.98,0.5917,0.00,129354.14,129354.14,0.0000,-
2021-09-13,4991.66,12.98,0.5913,0.00,129354.14,129354.14,0.0000,-
2021-09-14,4917.16,12.79,0.5396,0.00,129354.14,129354.14,0.0000,-
2021-09-15,4867.32,12.68,0.5229,0.00,129354.14,129354.14,0.0000,-
2021-09-16,4807.70,12.54,0.4925,0.00,129354.14,129354.14,0.0000,-
2021-09-17,4855.94,12.62,0.5157,0.00,129354.14,129354.14,0.0000,-
2021-09-22,4821.77,12.56,0.4985,0.00,129354.14,129354.14,0.0000,-
2021-09-23,4853.20,12.62,0.5157,0.00,129354.14,129354.14,0.0000,-
2021-09-24,4849.43,12.58,0.5051,0.00,129354.14,129354.14,0.0000,-
2021-09-27,4877.37,12.64,0.5205,0.00,129354.14,129354.14,0.0000,-
2021-09-28,4883.83,12.69,0.5262,0.00,129354.14,129354.14,0.0000,-
2021-09-29,4833.93,12.55,0.4952,0.00,129354.14,129354.14,0.0000,-
2021-09-30,4866.38,12.61,0.5141,0.00,129354.14,129354.14,0.0000,-
2021-10-08,4929.94,12.77,0.5378,0.00,129354.14,129354.14,0.0000,-
2021-10-11,4936.19,12.80,0.5465,0.00,129354.14,129354.14,0.0000,-
2021-10-12,4883.84,12.67,0.5240,0.00,129354.14,129354.14,0.0000,-
2021-10-13,4940.11,12.76,0.5374,0.00,129354.14,129354.14,0.0000,-
2021-10-14,4913.61,12.70,0.5287,0.00,129354.14,129354.14,0.0000,-
2021-10-15,4932.11,12.76,0.5374,0.00,129354.14,129354.14,0.0000,-
2021-10-18,4874.78,12.64,0.5185,0.00,129354.14,129354.14,0.0000,-
2021-10-19,4922.72,12.77,0.5386,0.00,129354.14,129354.14,0.0000,-
2021-10-20,4910.18,12.73,0.5311,0.00,129354.14,129354.14,0.0000,-
2021-10-21,4928.02,12.78,0.5415,0.00,129354.14,129354.14,0.0000,-
2021-10-22,4959.73,12.82,0.5513,0.00,129354.14,129354.14,0.0000,-
2021-10-25,4979.52,12.86,0.5599,0.00,129354.14,129354.14,0.0000,-
2021-10-26,4963.10,12.80,0.5477,0.00,129354.14,129354.14,0.0000,-
2021-10-27,4898.16,12.62,0.5116,0.00,129354.14,129354.14,0.0000,-
2021-10-28,4864.14,12.50,0.4786,0.00,129354.14,129354.14,0.0000,-
2021-10-29,4908.77,12.67,0.5217,0.00,129354.14,129354.14,0.0000,-
2021-11-01,4890.69,12.43,0.4584,0.00,129354.14,129354.14,0.0000,-
2021-11-02,4839.85,12.30,0.4177,0.00,129354.14,129354.14,0.0000,-
2021-11-03,4821.11,12.24,0.3985,0.00,129354.14,129354.14,0.0000,-
2021-11-04,4868.74,12.35,0.4332,0.00,129354.14,129354.14,0.0000,-
2021-11-05,4842.35,12.27,0.4075,0.00,129354.14,129354.14,0.0000,-
2021-11-08,4848.18,12.28,0.4114,0.00,129354.14,129354.14,0.0000,-
2021-11-09,4846.74,12.28,0.4111,0.00,129354.14,129354.14,0.0000,-
2021-11-10,4821.19,12.21,0.3878,0.00,129354.14,129354.14,0.0000,-
2021-11-11,4898.65,12.39,0.4456,0.00,129354.14,129354.14,0.0000,-
2021-11-12,4888.37,12.35,0.4341,0.00,129354.14,129354.14,0.0000,-
2021-11-15,4882.38,12.33,0.4273,0.00,129354.14,129354.14,0.0000,-
2021-11-16,4883.32,12.34,0.4318,0.00,129354.14,129354.14,0.0000,-
2021-11-17,4885.75,12.35,0.4345,0.00,129354.14,129354.14,0.0000,-
2021-11-18,4837.62,12.25,0.3994,0.00,129354.14,129354.14,0.0000,-
2021-11-19,4890.06,12.38,0.4452,0.00,129354.14,129354.14,0.0000,-
2021-11-22,4912.40,12.43,0.4626,0.00,129354.14,129354.14,0.0000,-
2021-11-23,4913.35,12.44,0.4682,0.00,129354.14,129354.14,0.0000,-
2021-11-24,4916.66,12.46,0.4738,0.00,129354.14,129354.14,0.0000,-
2021-11-25,4896.44,12.40,0.4512,0.00,129354.14,129354.14,0.0000,-
2021-11-26,4860.13,12.31,0.4192,0.00,129354.14,129354.14,0.0000,-
2021-11-29,4851.42,12.28,0.4089,0.00,129354.14,129354.14,0.0000,-
2021-11-30,4832.03,12.25,0.3975,0.00,129354.14,129354.14,0.0000,-
2021-12-01,4843.85,12.30,0.4173,0.00,129354.14,129354.14,0.0000,-
2021-12-02,4856.16,12.34,0.4317,0.00,129354.14,129354.14,0.0000,-
2021-12-03,4901.02,12.44,0.4695,0.00,129354.14,129354.14,0.0000,-
2021-12-06,4892.62,12.43,0.4634,0.00,129354.14,129354.14,0.0000,-
2021-12-07,4922.10,12.49,0.4836,0.00,129354.14,129354.14,0.0000,-
2021-12-08,4995.93,12.65,0.5260,0.00,129354.14,129354.14,0.0000,-
2021-12-09,5078.69,12.84,0.5632,0.00,129354.14,129354.14,0.0000,-
2021-12-10,5055.12,12.78,0.5482,0.00,129354.14,129354.14,0.0000,-
2021-12-13,5083.80,13.72,0.7085,0.00,129354.14,129354.14,0.0000,-
2021-12-14,5049.70,13.62,0.6976,0.00,129354.14,129354.14,0.0000,-
2021-12-15,5005.90,13.52,0.6902,0.00,129354.14,129354.14,0.0000,-
2021-12-16,5034.73,13.60,0.6956,0.00,129354.14,129354.14,0.0000,-
2021-12-17,4954.76,13.42,0.6812,0.00,129354.14,129354.14,0.0000,-
2021-12-20,4880.42,13.25,0.6552,0.00,129354.14,129354.14,0.0000,-
2021-12-21,4913.49,13.35,0.6671,0.00,129354.14,129354.14,0.0000,-
2021-12-22,4914.45,13.34,0.6655,0.00,129354.14,129354.14,0.0000,-
2021-12-23,4948.74,13.43,0.6826,0.00,129354.14,129354.14,0.0000,-
2021-12-24,4921.34,13.36,0.6688,0.00,129354.14,129354.14,0.0000,-
2021-12-27,4919.32,13.35,0.6661,0.00,129354.14,129354.14,0.0000,-
2021-12-28,4955.96,13.43,0.6825,0.00,129354.14,129354.14,0.0000,-
2021-12-29,4883.48,13.25,0.6526,0.00,129354.14,129354.14,0.0000,-
2021-12-30,4921.51,13.33,0.6626,0.00,129354.14,129354.14,0.0000,-
2021-12-31,4940.37,13.37,0.6698,0.00,129354.14,129354.14,0.0000,-
2022-01-04,4917.77,13.33,0.6618,0.00,129354.14,129354.14,0.0000,-
2022-01-05,4868.12,13.23,0.6476,0.00,129354.14,129354.14,0.0000,-
2022-01-06,4818.23,13.12,0.6304,0.00,129354.14,129354.14,0.0000,-
2022-01-07,4822.37,13.16,0.6382,0.00,129354.14,129354.14,0.0000,-
2022-01-10,4844.05,13.21,0.6470,0.00,129354.14,129354.14,0.0000,-
2022-01-11,4797.77,13.09,0.6253,0.00,129354.14,129354.14,0.0000,-
2022-01-12,4845.58,13.19,0.6422,0.00,129354.14,129354.14,0.0000,-
2022-01-13,4765.92,13.02,0.6073,0.00,129354.14,129354.14,0.0000,-
2022-01-14,4726.73,12.88,0.5666,0.00,129354.14,129354.14,0.0000,-
2022-01-17,4767.28,12.94,0.5870,0.00,129354.14,129354.14,0.0000,-
2022-01-18,4813.35,13.08,0.6241,0.00,129354.14,129354.14,0.0000,-
2022-01-19,4780.38,13.00,0.6030,0.00,129354.14,129354.14,0.0000,-
2022-01-20,4823.51,13.11,0.6285,0.00,129354.14,129354.14,0.0000,-
2022-01-21,4779.31,12.99,0.5994,0.00,129354.14,129354.14,0.0000,-
2022-01-24,4786.74,13.00,0.6025,0.00,129354.14,129354.14,0.0000,-
2022-01-25,4678.45,12.72,0.5276,0.00,129354.14,129354.14,0.0000,-
2022-01-26,4712.31,12.82,0.5496,0.00,129354.14,129354.14,0.0000,-
2022-01-27,4619.88,12.60,0.5017,0.00,129354.14,129354.14,0.0000,-
2022-01-28,4563.77,12.44,0.4596,0.00,129354.14,129354.14,0.0000,-
2022-02-07,4634.09,12.69,0.5223,0.00,129354.14,129354.14,0.0000,-
2022-02-08,4608.77,12.69,0.5220,0.00,129354.14,129354.14,0.0000,-
2022-02-09,4652.06,12.79,0.5429,0.00,129354.14,129354.14,0.0000,-
2022-02-10,4639.86,12.77,0.5363,0.00,129354.14,129354.14,0.0000,-
2022-02-11,4601.40,12.72,0.5274,0.00,129354.14,129354.14,0.0000,-
2022-02-14,4551.69,12.56,0.4894,0.00,129354.14,129354.14,0.0000,-
2022-02-15,4600.10,12.65,0.5148,0.00,129354.14,129354.14,0.0000,-
2022-02-16,4617.99,12.70,0.5254,0.00,129354.14,129354.14,0.0000,-
2022-02-17,4629.16,12.71,0.5268,0.00,129354.14,129354.14,0.0000,-
2022-02-18,4651.24,12.78,0.5407,0.00,129354.14,129354.14,0.0000,-
2022-02-21,4634.31,12.73,0.5296,0.00,129354.14,129354.14,0.0000,-
2022-02-22,4574.15,12.59,0.4963,0.00,129354.14,129354.14,0.0000,-
2022-02-23,4623.05,12.68,0.5188,0.00,129354.14,129354.14,0.0000,-
2022-02-24,4529.32,12.45,0.4622,0.00,129354.14,129354.14,0.0000,-
2022-02-25,4573.42,12.53,0.4784,0.00,129354.14,129354.14,0.0000,-
2022-02-28,4581.65,12.57,0.4929,0.00,129354.14,129354.14,0.0000,-
2022-03-01,4619.69,12.66,0.5153,0.00,129354.14,129354.14,0.0000,-
2022-03-02,4578.60,12.58,0.4952,0.00,129354.14,129354.14,0.0000,-
2022-03-03,4551.63,12.54,0.4802,0.00,129354.14,129354.14,0.0000,-
2022-03-04,4496.43,12.40,0.4374,0.00,129354.14,129354.14,0.0000,-
2022-03-07,4352.78,12.06,0.3262,0.00,129354.14,129354.14,0.0000,-
2022-03-08,4265.39,11.83,0.2694,0.00,129354.14,129354.14,0.0000,-
2022-03-09,4226.35,11.71,0.2370,0.00,129354.14,129354.14,0.0000,-
2022-03-10,4292.84,11.84,0.2719,0.00,129354.14,129354.14,0.0000,-
2022-03-11,4306.52,11.83,0.2695,0.00,129354.14,129354.14,0.0000,-
2022-03-14,4174.76,11.50,0.1790,0.00,129354.14,129354.14,0.0000,-
2022-03-15,3983.81,10.98,0.0751,0.00,129354.14,129354.14,0.0000,BUY_SIGNAL
2022-03-16,4156.08,11.38,0.1472,0.00,129354.14,129354.14,0.0000,BUY_SIGNAL
2022-03-17,4237.70,11.56,0.1956,0.00,129354.14,129354.14,0.0000,-
2022-03-18,4265.90,11.72,0.2417,0.00,129354.14,129354.14,0.0000,-
2022-03-21,4258.75,11.69,0.2309,0.00,129354.14,129354.14,0.0000,-
2022-03-22,4255.30,11.71,0.2386,0.00,129354.14,129354.14,0.0000,-
2022-03-23,4276.52,11.76,0.2520,0.00,129354.14,129354.14,0.0000,-
2022-03-24,4251.31,11.70,0.2333,0.00,129354.14,129354.14,0.0000,-
2022-03-25,4174.57,11.54,0.1888,0.00,129354.14,129354.14,0.0000,-
2022-03-28,4148.47,11.52,0.1847,0.00,129354.14,129354.14,0.0000,-
2022-03-29,4134.14,11.50,0.1790,0.00,129354.14,129354.14,0.0000,-
2022-03-30,4254.10,11.73,0.2490,0.00,129354.14,129354.14,0.0000,-
2022-03-31,4222.60,11.72,0.2438,0.00,129354.14,129354.14,0.0000,-
2022-04-01,4276.16,11.83,0.2751,0.00,129354.14,129354.14,0.0000,-
2022-04-06,4263.84,11.82,0.2727,0.00,129354.14,129354.14,0.0000,-
2022-04-07,4209.10,11.68,0.2294,0.00,129354.14,129354.14,0.0000,-
2022-04-08,4230.77,11.76,0.2545,0.00,129354.14,129354.14,0.0000,-
2022-04-11,4100.07,11.45,0.1610,0.00,129354.14,129354.14,0.0000,-
2022-04-12,4179.97,11.63,0.2179,0.00,129354.14,129354.14,0.0000,-
2022-04-13,4139.74,11.55,0.1932,0.00,129354.14,129354.14,0.0000,-
2022-04-14,4191.57,11.68,0.2305,0.00,129354.14,129354.14,0.0000,-
2022-04-15,4188.75,11.66,0.2253,0.00,129354.14,129354.14,0.0000,-
2022-04-18,4166.38,11.56,0.1962,0.00,129354.14,129354.14,0.0000,-
2022-04-19,4134.90,11.51,0.1816,0.00,129354.14,129354.14,0.0000,-
2022-04-20,4070.79,11.36,0.1409,0.00,129354.14,129354.14,0.0000,BUY_SIGNAL
2022-04-21,3995.83,11.18,0.1096,123870.73,3837.24,127707.97,0.9700,-
2022-04-22,4013.25,11.24,0.1185,124410.75,3837.24,128247.99,0.9701,-
2022-04-25,3814.91,10.76,0.0489,118262.21,3837.24,122099.45,0.9686,-
2022-04-26,3784.12,10.67,0.0433,117307.72,3837.24,121144.96,0.9683,-
2022-04-27,3895.54,10.87,0.0655,120761.74,3837.24,124598.98,0.9692,-
2022-04-28,3921.11,10.92,0.0688,121554.41,3837.24,125391.65,0.9694,-
2022-04-29,4016.24,11.21,0.1165,124503.44,3837.24,128340.68,0.9701,-
2022-05-05,4010.21,11.11,0.1025,124316.51,3837.24,128153.75,0.9701,-
2022-05-06,3908.82,10.85,0.0637,121173.42,3837.24,125010.66,0.9693,-
2022-05-09,3877.44,10.79,0.0543,120200.64,3837.24,124037.88,0.9691,-
2022-05-10,3919.87,10.87,0.0664,121515.97,3837.24,125353.21,0.9694,-
2022-05-11,3976.42,10.99,0.0819,123269.02,3837.24,127106.26,0.9698,-
2022-05-12,3958.74,10.96,0.0746,122720.94,3837.24,126558.18,0.9697,-
2022-05-13,3988.60,11.05,0.0945,123646.60,3837.24,127483.84,0.9699,-
2022-05-16,3956.54,10.97,0.0756,122652.74,3837.24,126489.98,0.9697,-
2022-05-17,4005.89,11.09,0.1026,124182.59,3837.24,128019.83,0.9700,-
2022-05-18,3991.91,11.05,0.0949,123749.21,3837.24,127586.45,0.9699,-
2022-05-19,3999.60,11.07,0.0998,123987.60,3837.24,127824.84,0.9700,-
2022-05-20,4077.60,11.26,0.1306,126405.60,3837.24,130242.84,0.9705,-
2022-05-23,4053.98,11.20,0.1195,125673.38,3837.24,129510.62,0.9704,-
2022-05-24,3959.15,10.99,0.0826,122733.65,3837.24,126570.89,0.9697,-
2022-05-25,3983.18,11.06,0.0974,123478.58,3837.24,127315.82,0.9699,-
2022-05-26,3993.04,11.09,0.1045,123784.24,3837.24,127621.48,0.9699,-
2022-05-27,4001.30,11.12,0.1115,124040.30,3837.24,127877.54,0.9700,-
2022-05-30,4029.02,11.18,0.1186,124899.62,3837.24,128736.86,0.9702,-
2022-05-31,4091.52,11.32,0.1422,126837.12,3837.24,130674.36,0.9706,-
2022-06-01,4083.18,11.30,0.1393,126578.58,3837.24,130415.82,0.9706,-
2022-06-02,4089.57,11.31,0.1414,126776.67,3837.24,130613.91,0.9706,-
2022-06-06,4166.09,11.47,0.1814,129148.79,3837.24,132986.03,0.9711,-
2022-06-07,4179.13,11.50,0.1917,129553.03,3837.24,133390.27,0.9712,-
2022-06-08,4219.81,11.61,0.2277,130814.11,3837.24,134651.35,0.9715,-
2022-06-09,4175.67,11.53,0.2019,129445.77,3837.24,133283.01,0.9712,-
2022-06-10,4238.99,11.70,0.2510,131408.69,3837.24,135245.93,0.9716,-
2022-06-13,4189.35,11.70,0.2508,129869.85,3837.24,133707.09,0.9713,-
2022-06-14,4222.31,11.82,0.2900,130891.61,3837.24,134728.85,0.9715,-
2022-06-15,4278.22,11.95,0.3226,132624.82,3837.24,136462.06,0.9719,-
2022-06-16,4250.06,11.84,0.2962,131751.86,3837.24,135589.10,0.9717,-
2022-06-17,4309.04,11.97,0.3304,133580.24,3837.24,137417.48,0.9721,-
2022-06-20,4330.43,11.97,0.3302,134243.33,3837.24,138080.57,0.9722,-
2022-06-21,4325.57,11.98,0.3333,134092.67,3837.24,137929.91,0.9722,-
2022-06-22,4270.62,11.83,0.2923,132389.22,3837.24,136226.46,0.9718,-
2022-06-23,4343.88,12.02,0.3433,134660.28,3837.24,138497.52,0.9723,-
2022-06-24,4394.77,12.12,0.3730,136237.87,3837.24,140075.11,0.9726,-
2022-06-27,4444.26,12.23,0.4011,137772.06,3837.24,141609.30,0.9729,-
2022-06-28,4490.52,12.32,0.4340,139206.12,3837.24,143043.36,0.9732,-
2022-06-29,4421.36,12.18,0.3903,137062.16,3837.24,140899.40,0.9728,-
2022-06-30,4485.01,12.31,0.4297,139035.31,3837.24,142872.55,0.9731,-
2022-07-01,4466.72,12.26,0.4132,138468.32,3837.24,142305.56,0.9730,-
2022-07-04,4496.03,12.33,0.4374,139376.93,3837.24,143214.17,0.9732,-
2022-07-05,4489.54,12.31,0.4296,139175.74,3837.24,143012.98,0.9732,-
2022-07-06,4423.97,12.15,0.3817,137143.07,3837.24,140980.31,0.9728,-
2022-07-07,4443.47,12.18,0.3896,137747.57,3837.24,141584.81,0.9729,-
2022-07-08,4428.78,12.13,0.3753,137292.18,3837.24,141129.42,0.9728,-
2022-07-11,4354.62,11.95,0.3205,134993.22,3837.24,138830.46,0.9724,-
2022-07-12,4313.62,11.84,0.2939,133722.22,3837.24,137559.46,0.9721,-
2022-07-13,4321.46,11.84,0.2937,133965.26,3837.24,137802.50,0.9722,-
2022-07-14,4322.07,11.81,0.2833,133984.17,3837.24,137821.41,0.9722,-
2022-07-15,4248.53,11.61,0.2249,131704.43,3837.24,135541.67,0.9717,-
2022-07-18,4292.59,11.74,0.2647,133070.29,3837.24,136907.53,0.9720,-
2022-07-19,4269.34,11.70,0.2478,132349.54,3837.24,136186.78,0.9718,-
2022-07-20,4283.80,11.75,0.2671,132797.80,3837.24,136635.04,0.9719,-
2022-07-21,4236.06,11.62,0.2282,131317.86,3837.24,135155.10,0.9716,-
2022-07-22,4238.23,11.63,0.2302,131385.13,3837.24,135222.37,0.9716,-
2022-07-25,4212.64,11.58,0.2113,130591.84,3837.24,134429.08,0.9715,-
2022-07-26,4245.98,11.65,0.2370,131625.38,3837.24,135462.62,0.9717,-
2022-07-27,4225.04,11.58,0.2111,130976.24,3837.24,134813.48,0.9715,-
2022-07-28,4225.67,11.58,0.2110,130995.77,3837.24,134833.01,0.9715,-
2022-07-29,4170.10,11.44,0.1685,129273.10,3837.24,133110.34,0.9712,-
2022-08-01,4188.68,11.48,0.1828,129849.08,3837.24,133686.32,0.9713,-
2022-08-02,4107.02,11.28,0.1324,127317.62,3837.24,131154.86,0.9707,-
2022-08-03,4066.98,11.18,0.1157,126076.38,3837.24,129913.62,0.9705,-
2022-08-04,4101.54,11.28,0.1328,127147.74,3837.24,130984.98,0.9707,-
2022-08-05,4156.91,11.41,0.1648,128864.21,3837.24,132701.45,0.9711,-
2022-08-08,4148.07,11.39,0.1588,128590.17,3837.24,132427.41,0.9710,-
2022-08-09,4156.29,11.41,0.1652,128844.99,3837.24,132682.23,0.9711,-
2022-08-10,4109.74,11.30,0.1373,127401.94,3837.24,131239.18,0.9708,-
2022-08-11,4193.54,11.52,0.1986,129999.74,3837.24,133836.98,0.9713,-
2022-08-12,4191.15,11.50,0.1916,129925.65,3837.24,133762.89,0.9713,-
2022-08-15,4185.68,11.47,0.1808,129756.08,3837.24,133593.32,0.9713,-
2022-08-16,4177.84,11.43,0.1700,129513.04,3837.24,133350.28,0.9712,-
2022-08-17,4216.96,11.53,0.2035,130725.76,3837.24,134563.00,0.9715,-
2022-08-18,4180.10,11.43,0.1699,129583.10,3837.24,133420.34,0.9712,-
2022-08-19,4151.07,11.38,0.1565,128683.17,3837.24,132520.41,0.9710,-
2022-08-22,4181.40,11.45,0.1745,129623.40,3837.24,133460.64,0.9712,-
2022-08-23,4161.08,11.39,0.1590,128993.48,3837.24,132830.72,0.9711,-
2022-08-24,4082.42,11.18,0.1148,126555.02,3837.24,130392.26,0.9706,-
2022-08-25,4116.24,11.29,0.1349,127603.44,3837.24,131440.68,0.9708,-
2022-08-26,4107.55,11.21,0.1215,127334.05,3837.24,131171.29,0.9707,-
2022-08-29,4089.52,11.11,0.1050,126775.12,3837.24,130612.36,0.9706,-
2022-08-30,4075.79,11.10,0.1023,126349.49,3837.24,130186.73,0.9705,-
2022-08-31,4078.84,11.02,0.0843,126444.04,3837.24,130281.28,0.9705,-
2022-09-01,4043.74,10.95,0.0715,125355.94,3837.24,129193.18,0.9703,-
2022-09-02,4023.61,10.89,0.0662,124731.91,3837.24,128569.15,0.9702,-
2022-09-05,4015.43,10.90,0.0672,124478.33,3837.24,128315.57,0.9701,-
2022-09-06,4052.28,10.98,0.0767,125620.68,3837.24,129457.92,0.9704,-
2022-09-07,4054.98,10.99,0.0814,125704.38,3837.24,129541.62,0.9704,-
2022-09-08,4037.68,10.96,0.0729,125168.08,3837.24,129005.32,0.9703,-
2022-09-09,4093.79,11.10,0.1056,126907.49,3837.24,130744.73,0.9707,-
2022-09-13,4111.11,11.13,0.1135,127444.41,3837.24,131281.65,0.9708,-
2022-09-14,4065.36,11.02,0.0870,126026.16,3837.24,129863.40,0.9705,-
2022-09-15,4027.12,10.95,0.0722,124840.72,3837.24,128677.96,0.9702,-
2022-09-16,3932.68,10.70,0.0437,121913.08,3837.24,125750.32,0.9695,-
2022-09-19,3928.00,10.70,0.0437,121768.00,3837.24,125605.24,0.9695,-
2022-09-20,3932.84,10.70,0.0437,121918.04,3837.24,125755.28,0.9695,-
2022-09-21,3903.73,10.65,0.0384,121015.63,3837.24,124852.87,0.9693,-
2022-09-22,3869.34,10.59,0.0321,119949.54,3837.24,123786.78,0.9690,-
2022-09-23,3856.02,10.60,0.0342,119536.62,3837.24,123373.86,0.9689,-
2022-09-26,3836.68,10.51,0.0268,118937.08,3837.24,122774.32,0.9687,-
2022-09-27,3892.30,10.64,0.0394,120661.30,3837.24,124498.54,0.9692,-
2022-09-28,3828.71,10.51,0.0268,118690.01,3837.24,122527.25,0.9687,-
2022-09-29,3827.14,10.50,0.0252,118641.34,3837.24,122478.58,0.9687,-
2022-09-30,3804.89,10.47,0.0241,117951.59,3837.24,121788.83,0.9685,-
2022-10-10,3720.94,10.29,0.0089,115349.14,3837.24,119186.38,0.9678,-
2022-10-11,3727.69,10.30,0.0105,115558.39,3837.24,119395.63,0.9679,-
2022-10-12,3784.31,10.43,0.0194,117313.61,3837.24,121150.85,0.9683,-
2022-10-13,3752.67,10.34,0.0115,116332.77,3837.24,120170.01,0.9681,-
2022-10-14,3842.47,10.52,0.0314,119116.57,3837.24,122953.81,0.9688,-
2022-10-17,3846.41,10.51,0.0298,119238.71,3837.24,123075.95,0.9688,-
2022-10-18,3838.27,10.48,0.0277,118986.37,3837.24,122823.61,0.9688,-
2022-10-19,3776.53,10.34,0.0115,117072.43,3837.24,120909.67,0.9683,-
2022-10-20,3754.93,10.30,0.0104,116402.83,3837.24,120240.07,0.9681,-
2022-10-21,3742.89,10.25,0.0073,116029.59,3837.24,119866.83,0.9680,-
2022-10-24,3633.37,9.98,0.0010,112634.47,3837.24,116471.71,0.9671,-
2022-10-25,3627.45,9.97,0.0010,112450.95,3837.24,116288.19,0.9670,-
2022-10-26,3656.90,10.04,0.0026,113363.90,3837.24,117201.14,0.9673,-
2022-10-27,3631.14,10.00,0.0021,112565.34,3837.24,116402.58,0.9670,-
2022-10-28,3541.33,9.73,0.0000,109781.23,3837.24,113618.47,0.9662,-
2022-10-31,3508.70,9.61,0.0000,108769.70,3837.24,112606.94,0.9659,-
2022-11-01,3634.17,9.89,0.0010,112659.27,3837.24,116496.51,0.9671,-
2022-11-02,3677.81,9.99,0.0036,114012.11,3837.24,117849.35,0.9674,-
2022-11-03,3647.90,9.92,0.0016,113084.90,3837.24,116922.14,0.9672,-
2022-11-04,3767.17,10.20,0.0109,116782.27,3837.24,120619.51,0.9682,-
2022-11-07,3775.30,10.22,0.0119,117034.30,3837.24,120871.54,0.9683,-
2022-11-08,3749.33,10.17,0.0093,116229.23,3837.24,120066.47,0.9680,-
2022-11-09,3714.27,10.08,0.0067,115142.37,3837.24,118979.61,0.9677,-
2022-11-10,3685.69,10.03,0.0052,114256.39,3837.24,118093.63,0.9675,-
2022-11-11,3788.44,10.28,0.0166,117441.64,3837.24,121278.88,0.9684,-
2022-11-14,3794.02,10.29,0.0171,117614.62,3837.24,121451.86,0.9684,-
2022-11-15,3865.97,10.45,0.0320,119845.07,3837.24,123682.31,0.9690,-
2022-11-16,3834.39,10.38,0.0269,118866.09,3837.24,122703.33,0.9687,-
2022-11-17,3818.66,10.33,0.0201,118378.46,3837.24,122215.70,0.9686,-
2022-11-18,3801.57,10.30,0.0191,117848.67,3837.24,121685.91,0.9685,-
2022-11-21,3769.13,10.22,0.0134,116843.03,3837.24,120680.27,0.9682,-
2022-11-22,3769.57,10.28,0.0170,116856.67,3837.24,120693.91,0.9682,-
2022-11-23,3773.53,10.31,0.0216,116979.43,3837.24,120816.67,0.9682,-
2022-11-24,3756.81,10.26,0.0160,116461.11,3837.24,120298.35,0.9681,-
2022-11-25,3775.78,10.37,0.0288,117049.18,3837.24,120886.42,0.9683,-
2022-11-28,3733.24,10.25,0.0149,115730.44,3837.24,119567.68,0.9679,-
2022-11-29,3848.42,10.54,0.0483,119301.02,3837.24,123138.26,0.9688,-
2022-11-30,3853.04,10.57,0.0504,119444.24,3837.24,123281.48,0.9689,-
2022-12-01,3894.77,10.64,0.0596,120737.87,3837.24,124575.11,0.9692,-
2022-12-02,3870.95,10.57,0.0503,119999.45,3837.24,123836.69,0.9690,-
2022-12-05,3946.88,10.81,0.0790,122353.28,3837.24,126190.52,0.9696,-
2022-12-06,3968.20,10.86,0.0877,123014.20,3837.24,126851.44,0.9698,-
2022-12-07,3958.44,10.80,0.0784,122711.64,3837.24,126548.88,0.9697,-
2022-12-08,3959.18,10.80,0.0784,122734.58,3837.24,126571.82,0.9697,-
2022-12-09,3998.24,10.88,0.0911,123945.44,3837.24,127782.68,0.9700,-
2022-12-12,3953.44,10.80,0.0783,122556.64,3837.24,126393.88,0.9696,-
2022-12-13,3945.68,10.80,0.0783,122316.08,3837.24,126153.32,0.9696,-
2022-12-14,3954.89,10.81,0.0808,122601.59,3837.24,126438.83,0.9697,-
2022-12-15,3951.99,10.79,0.0761,122511.69,3837.24,126348.93,0.9696,-
2022-12-16,3954.23,10.81,0.0812,122581.13,3837.24,126418.37,0.9696,-
2022-12-19,3893.22,10.63,0.0587,120689.82,3837.24,124527.06,0.9692,-
2022-12-20,3829.02,10.48,0.0418,118699.62,3837.24,122536.86,0.9687,-
2022-12-21,3830.54,10.49,0.0428,118746.74,3837.24,122583.98,0.9687,-
2022-12-22,3836.03,10.51,0.0454,118916.93,3837.24,122754.17,0.9687,-
2022-12-23,3828.22,10.50,0.0433,118674.82,3837.24,122512.06,0.9687,-
2022-12-26,3843.49,10.52,0.0484,119148.19,3837.24,122985.43,0.9688,-
2022-12-27,3887.85,10.64,0.0626,120523.35,3837.24,124360.59,0.9691,-
2022-12-28,3871.26,10.62,0.0600,120009.06,3837.24,123846.30,0.9690,-
2022-12-29,3856.70,10.56,0.0524,119557.70,3837.24,123394.94,0.9689,-
2022-12-30,3871.63,10.59,0.0559,120020.53,3837.24,123857.77,0.9690,-
2023-01-03,3887.90,10.65,0.0660,120524.90,3837.24,124362.14,0.9691,-
2023-01-04,3892.95,10.69,0.0711,120681.45,3837.24,124518.69,0.9692,-
2023-01-05,3968.58,10.85,0.0949,123025.98,3837.24,126863.22,0.9698,-
2023-01-06,3980.89,10.89,0.1009,123407.59,3837.24,127244.83,0.9698,-
2023-01-09,4013.12,10.96,0.1085,124406.72,3837.24,128243.96,0.9701,-
2023-01-10,4017.47,10.95,0.1074,124541.57,3837.24,128378.81,0.9701,-
2023-01-11,4010.03,10.96,0.1089,124310.93,3837.24,128148.17,0.9701,-
2023-01-12,4017.87,10.99,0.1184,124553.97,3837.24,128391.21,0.9701,-
2023-01-13,4074.38,11.13,0.1497,126305.78,3837.24,130143.02,0.9705,-
2023-01-16,4137.96,11.23,0.1663,128276.76,3837.24,132114.00,0.9710,-
2023-01-17,4137.24,11.20,0.1602,128254.44,3837.24,132091.68,0.9710,-
2023-01-18,4130.31,11.20,0.1601,128039.61,3837.24,131876.85,0.9709,-
2023-01-19,4156.01,11.25,0.1696,128836.31,3837.24,132673.55,0.9711,-
2023-01-20,4181.53,11.33,0.1862,129627.43,3837.24,133464.67,0.9712,-
2023-01-30,4201.35,11.35,0.1931,130241.85,3837.24,134079.09,0.9714,-
2023-01-31,4156.86,11.26,0.1729,128862.66,3837.24,132699.90,0.9711,-
2023-02-01,4195.93,11.36,0.1955,130073.83,3837.24,133911.07,0.9713,-
2023-02-02,4181.15,11.33,0.1863,129615.65,3837.24,133452.89,0.9712,-
2023-02-03,4141.63,11.24,0.1681,128390.53,3837.24,132227.77,0.9710,-
2023-02-06,4086.88,11.12,0.1479,126693.28,3837.24,130530.52,0.9706,-
2023-02-07,4094.23,11.13,0.1493,126921.13,3837.24,130758.37,0.9707,-
2023-02-08,4076.14,11.08,0.1382,126360.34,3837.24,130197.58,0.9705,-
2023-02-09,4130.86,11.22,0.1662,128056.66,3837.24,131893.90,0.9709,-
2023-02-10,4106.31,11.17,0.1551,127295.61,3837.24,131132.85,0.9707,-
2023-02-13,4143.57,11.24,0.1701,128450.67,3837.24,132287.91,0.9710,-
2023-02-14,4145.29,11.26,0.1755,128503.99,3837.24,132341.23,0.9710,-
2023-02-15,4123.69,11.21,0.1644,127834.39,3837.24,131671.63,0.9709,-
2023-02-16,4093.49,11.16,0.1533,126898.19,3837.24,130735.43,0.9706,-
2023-02-17,4034.51,11.03,0.1247,125069.81,3837.24,128907.05,0.9702,-
2023-02-20,4133.49,11.31,0.1872,128138.19,3837.24,131975.43,0.9709,-
2023-02-21,4144.35,11.34,0.1936,128474.85,3837.24,132312.09,0.9710,-
2023-02-22,4106.95,11.24,0.1710,127315.45,3837.24,131152.69,0.9707,-
2023-02-23,4103.65,11.23,0.1694,127213.15,3837.24,131050.39,0.9707,-
2023-02-24,4061.05,11.12,0.1479,125892.55,3837.24,129729.79,0.9704,-
2023-02-27,4043.84,11.09,0.1398,125359.04,3837.24,129196.28,0.9703,-
2023-02-28,4069.46,11.17,0.1562,126153.26,3837.24,129990.50,0.9705,-
2023-03-01,4126.94,11.34,0.1955,127935.14,3837.24,131772.38,0.9709,-
2023-03-02,4117.74,11.33,0.1929,127649.94,3837.24,131487.18,0.9708,-
2023-03-03,4130.55,11.42,0.2207,128047.05,3837.24,131884.29,0.9709,-
2023-03-06,4109.01,11.37,0.2072,127379.31,3837.24,131216.55,0.9708,-
2023-03-07,4048.85,11.25,0.1747,125514.35,3837.24,129351.59,0.9703,-
2023-03-08,4034.11,11.22,0.1682,125057.41,3837.24,128894.65,0.9702,-
2023-03-09,4019.85,11.20,0.1621,124615.35,3837.24,128452.59,0.9701,-
2023-03-10,3967.14,11.03,0.1238,122981.34,3837.24,126818.58,0.9697,-
2023-03-13,4008.69,11.20,0.1624,124269.39,3837.24,128106.63,0.9700,-
2023-03-14,3984.70,11.12,0.1480,123525.70,3837.24,127362.94,0.9699,-
2023-03-15,3986.90,11.16,0.1543,123593.90,3837.24,127431.14,0.9699,-
2023-03-16,3939.15,11.10,0.1414,122113.65,3837.24,125950.89,0.9695,-
2023-03-17,3958.82,11.18,0.1596,122723.42,3837.24,126560.66,0.9697,-
2023-03-20,3939.08,11.10,0.1412,122111.48,3837.24,125948.72,0.9695,-
2023-03-21,3982.38,11.17,0.1575,123453.78,3837.24,127291.02,0.9699,-
2023-03-22,3999.44,11.23,0.1743,123982.64,3837.24,127819.88,0.9700,-
2023-03-23,4039.09,11.34,0.2004,125211.79,3837.24,129049.03,0.9703,-
2023-03-24,4027.05,11.27,0.1845,124838.55,3837.24,128675.79,0.9702,-
2023-03-27,4012.48,11.19,0.1631,124386.88,3837.24,128224.12,0.9701,-
2023-03-28,3999.51,11.20,0.1650,123984.81,3837.24,127822.05,0.9700,-
2023-03-29,4006.14,11.20,0.1649,124190.34,3837.24,128027.58,0.9700,-
2023-03-30,4038.53,11.27,0.1856,125194.43,3837.24,129031.67,0.9703,-
2023-03-31,4050.93,11.27,0.1855,125578.83,3837.24,129416.07,0.9703,-
2023-04-03,4090.57,11.38,0.2165,126807.67,3837.24,130644.91,0.9706,-
2023-04-04,4103.11,11.48,0.2469,127196.41,3837.24,131033.65,0.9707,-
2023-04-06,4096.64,11.47,0.2419,126995.84,3837.24,130833.08,0.9707,-
2023-04-07,4123.28,11.52,0.2600,127821.68,3837.24,131658.92,0.9709,-
2023-04-10,4104.81,11.50,0.2530,127249.11,3837.24,131086.35,0.9707,-
2023-04-11,4100.15,11.48,0.2469,127104.65,3837.24,130941.89,0.9707,-
2023-04-12,4097.29,11.52,0.2606,127015.99,3837.24,130853.23,0.9707,-
2023-04-13,4068.98,11.47,0.2413,126138.38,3837.24,129975.62,0.9705,-
2023-04-14,4092.00,11.56,0.2736,126852.00,3837.24,130689.24,0.9706,-
2023-04-17,4149.38,11.78,0.3387,128630.78,3837.24,132468.02,0.9710,-
2023-04-18,4162.03,11.89,0.3690,129022.93,3837.24,132860.17,0.9711,-
2023-04-19,4124.56,11.79,0.3418,127861.36,3837.24,131698.60,0.9709,-
2023-04-20,4113.02,11.79,0.3417,127503.62,3837.24,131340.86,0.9708,-
2023-04-21,4032.57,11.56,0.2729,125009.67,3837.24,128846.91,0.9702,-
2023-04-24,3982.64,11.48,0.2463,123461.84,3837.24,127299.08,0.9699,-
2023-04-25,3962.67,11.44,0.2310,122842.77,3837.24,126680.01,0.9697,-
2023-04-26,3959.23,11.39,0.2177,122736.13,3837.24,126573.37,0.9697,-
2023-04-27,3988.42,11.42,0.2274,123641.02,3837.24,127478.26,0.9699,-
2023-04-28,4029.09,11.47,0.2414,124901.79,3837.24,128739.03,0.9702,-
2023-05-04,4030.25,11.56,0.2745,124937.75,3837.24,128774.99,0.9702,-
2023-05-05,4016.88,11.53,0.2661,124523.28,3837.24,128360.52,0.9701,-
2023-05-08,4062.66,11.80,0.3475,125942.46,3837.24,129779.70,0.9704,-
2023-05-09,4027.88,11.67,0.3083,124864.28,3837.24,128701.52,0.9702,-
2023-05-10,3996.87,11.50,0.2540,123902.97,3837.24,127740.21,0.9700,-
2023-05-11,3990.66,11.45,0.2334,123710.46,3837.24,127547.70,0.9699,-
2023-05-12,3937.76,11.31,0.1934,122070.56,3837.24,125907.80,0.9695,-
2023-05-15,3998.89,11.47,0.2415,123965.59,3837.24,127802.83,0.9700,-
2023-05-16,3978.21,11.40,0.2204,123324.51,3837.24,127161.75,0.9698,-
2023-05-17,3960.17,11.32,0.1955,122765.27,3837.24,126602.51,0.9697,-
2023-05-18,3956.07,11.38,0.2144,122638.17,3837.24,126475.41,0.9697,-
2023-05-19,3944.54,11.32,0.1953,122280.74,3837.24,126117.98,0.9696,-
2023-05-22,3969.33,11.38,0.2147,123049.23,3837.24,126886.47,0.9698,-
2023-05-23,3913.19,11.19,0.1602,121308.89,3837.24,125146.13,0.9693,-
2023-05-24,3859.09,11.00,0.1164,119631.79,3837.24,123469.03,0.9689,-
2023-05-25,3850.50,10.97,0.1067,119365.50,3837.24,123202.74,0.9689,-
2023-05-26,3850.95,11.00,0.1168,119379.45,3837.24,123216.69,0.9689,-
2023-05-29,3833.94,11.02,0.1202,118852.14,3837.24,122689.38,0.9687,-
2023-05-30,3837.75,11.03,0.1225,118970.25,3837.24,122807.49,0.9688,-
2023-05-31,3798.54,10.93,0.1002,117754.74,3837.24,121591.98,0.9684,-
2023-06-01,3806.87,10.97,0.1069,118012.97,3837.24,121850.21,0.9685,-
2023-06-02,3861.83,11.08,0.1373,119716.73,3837.24,123553.97,0.9689,-
2023-06-05,3844.25,11.07,0.1353,119171.75,3837.24,123008.99,0.9688,-
2023-06-06,3808.16,11.00,0.1174,118052.96,3837.24,121890.20,0.9685,-
2023-06-07,3789.34,10.96,0.1043,117469.54,3837.24,121306.78,0.9684,-
2023-06-08,3820.19,11.08,0.1385,118425.89,3837.24,122263.13,0.9686,-
2023-06-09,3836.70,11.14,0.1553,118937.70,3837.24,122774.94,0.9687,-
2023-06-12,3844.43,11.10,0.1432,119177.33,3837.24,123014.57,0.9688,-
2023-06-13,3864.91,11.12,0.1508,119812.21,3837.24,123649.45,0.9690,-
2023-06-14,3864.02,11.08,0.1382,119784.62,3837.24,123621.86,0.9690,-
2023-06-15,3925.50,11.22,0.1767,121690.50,3837.24,125527.74,0.9694,-
2023-06-16,3963.35,11.29,0.1949,122863.85,3837.24,126701.09,0.9697,-
2023-06-19,3930.91,11.20,0.1688,121858.21,3837.24,125695.45,0.9695,-
2023-06-20,3924.24,11.14,0.1562,121651.44,3837.24,125488.68,0.9694,-
2023-06-21,3864.03,11.00,0.1173,119784.93,3837.24,123622.17,0.9690,-
2023-06-26,3809.70,10.86,0.0917,118100.70,3837.24,121937.94,0.9685,-
2023-06-27,3845.43,10.98,0.1104,119208.33,3837.24,123045.57,0.9688,-
2023-06-28,3840.80,10.96,0.1041,119064.80,3837.24,122902.04,0.9688,-
2023-06-29,3821.84,10.92,0.0983,118477.04,3837.24,122314.28,0.9686,-
2023-06-30,3842.45,10.97,0.1079,119115.95,3837.24,122953.19,0.9688,-
2023-07-03,3892.88,11.13,0.1562,120679.28,3837.24,124516.52,0.9692,-
2023-07-04,3899.01,11.13,0.1561,120869.31,3837.24,124706.55,0.9692,-
2023-07-05,3868.81,11.04,0.1297,119933.11,3837.24,123770.35,0.9690,-
2023-07-06,3842.75,10.97,0.1077,119125.25,3837.24,122962.49,0.9688,-
2023-07-07,3825.70,10.93,0.1000,118596.70,3837.24,122433.94,0.9687,-
2023-07-10,3844.33,10.96,0.1047,119174.23,3837.24,123011.47,0.9688,-
2023-07-11,3869.49,11.02,0.1247,119954.19,3837.24,123791.43,0.9690,-
2023-07-12,3843.44,10.95,0.1032,119146.64,3837.24,122983.88,0.9688,-
2023-07-13,3898.42,11.12,0.1556,120851.02,3837.24,124688.26,0.9692,-
2023-07-14,3899.10,11.12,0.1555,120872.10,3837.24,124709.34,0.9692,-
2023-07-17,3867.17,10.99,0.1178,119882.27,3837.24,123719.51,0.9690,-
2023-07-18,3854.94,10.94,0.1015,119503.14,3837.24,123340.38,0.9689,-
2023-07-19,3850.87,10.94,0.1015,119376.97,3837.24,123214.21,0.9689,-
2023-07-20,3823.69,10.86,0.0910,118534.39,3837.24,122371.63,0.9686,-
2023-07-21,3821.91,10.85,0.0890,118479.21,3837.24,122316.45,0.9686,-
2023-07-24,3805.22,10.82,0.0852,117961.82,3837.24,121799.06,0.9685,-
2023-07-25,3915.12,11.11,0.1550,121368.72,3837.24,125205.96,0.9694,-
2023-07-26,3907.01,11.07,0.1426,121117.31,3837.24,124954.55,0.9693,-
2023-07-27,3902.35,11.07,0.1425,120972.85,3837.24,124810.09,0.9693,-
2023-07-28,3992.74,11.33,0.2156,123774.94,3837.24,127612.18,0.9699,-
2023-07-31,4014.63,11.36,0.2269,124453.53,3837.24,128290.77,0.9701,-
2023-08-01,3998.00,11.34,0.2187,123938.00,3837.24,127775.24,0.9700,-
2023-08-02,3969.90,11.21,0.1844,123066.90,3837.24,126904.14,0.9698,-
2023-08-03,4004.98,11.29,0.2052,124154.38,3837.24,127991.62,0.9700,-
2023-08-04,4020.58,11.36,0.2279,124637.98,3837.24,128475.22,0.9701,-
2023-08-07,3990.15,11.28,0.2027,123694.65,3837.24,127531.89,0.9699,-
2023-08-08,3979.73,11.26,0.1983,123371.63,3837.24,127208.87,0.9698,-
2023-08-09,3967.57,11.23,0.1897,122994.67,3837.24,126831.91,0.9697,-
2023-08-10,3975.72,11.26,0.1986,123247.32,3837.24,127084.56,0.9698,-
2023-08-11,3884.25,11.02,0.1267,120411.75,3837.24,124248.99,0.9691,-
2023-08-14,3855.91,10.94,0.1020,119533.21,3837.24,123370.45,0.9689,-
2023-08-15,3846.54,10.93,0.1001,119242.74,3837.24,123079.98,0.9688,-
2023-08-16,3818.33,10.84,0.0882,118368.23,3837.24,122205.47,0.9686,-
2023-08-17,3831.10,10.85,0.0892,118764.10,3837.24,122601.34,0.9687,-
2023-08-18,3784.00,10.75,0.0717,117304.00,3837.24,121141.24,0.9683,-
2023-08-21,3729.56,10.62,0.0566,115616.36,3837.24,119453.60,0.9679,-
2023-08-22,3758.23,10.75,0.0721,116505.13,3837.24,120342.37,0.9681,-
2023-08-23,3696.63,10.62,0.0565,114595.53,3837.24,118432.77,0.9676,-
2023-08-24,3723.43,10.66,0.0631,115426.33,3837.24,119263.57,0.9678,-
2023-08-25,3709.15,10.63,0.0588,114983.65,3837.24,118820.89,0.9677,-
2023-08-28,3752.62,10.84,0.0907,116331.22,3837.24,120168.46,0.9681,-
2023-08-29,3790.11,10.87,0.0968,117493.41,3837.24,121330.65,0.9684,-
2023-08-30,3788.51,10.95,0.1094,117443.81,3837.24,121281.05,0.9684,-
2023-08-31,3765.27,10.99,0.1244,116723.37,3837.24,120560.61,0.9682,-
2023-09-01,3791.49,11.05,0.1431,117536.19,3837.24,121373.43,0.9684,-
2023-09-04,3848.95,11.22,0.1928,119317.45,3837.24,123154.69,0.9688,-
2023-09-05,3820.32,11.13,0.1683,118429.92,3837.24,122267.16,0.9686,-
2023-09-06,3812.03,11.12,0.1645,118172.93,3837.24,122010.17,0.9685,-
2023-09-07,3758.47,11.00,0.1279,116512.57,3837.24,120349.81,0.9681,-
2023-09-08,3739.99,10.96,0.1114,115939.69,3837.24,119776.93,0.9680,-
2023-09-11,3767.54,11.03,0.1362,116793.74,3837.24,120630.98,0.9682,-
2023-09-12,3760.60,11.01,0.1319,116578.60,3837.24,120415.84,0.9681,-
2023-09-13,3736.65,10.97,0.1155,115836.15,3837.24,119673.39,0.9679,-
2023-09-14,3733.51,11.00,0.1285,115738.81,3837.24,119576.05,0.9679,-
2023-09-15,3708.78,10.93,0.1037,114972.18,3837.24,118809.42,0.9677,-
2023-09-18,3727.71,10.96,0.1116,115559.01,3837.24,119396.25,0.9679,-
2023-09-19,3720.50,10.98,0.1209,115335.50,3837.24,119172.74,0.9678,-
2023-09-20,3705.69,10.95,0.1091,114876.39,3837.24,118713.63,0.9677,-
2023-09-21,3672.44,10.86,0.0942,113845.64,3837.24,117682.88,0.9674,-
2023-09-22,3738.93,11.02,0.1361,115906.83,3837.24,119744.07,0.9680,-
2023-09-25,3714.60,10.96,0.1122,115152.60,3837.24,118989.84,0.9678,-
2023-09-26,3692.89,10.90,0.1010,114479.59,3837.24,118316.83,0.9676,-
2023-09-27,3700.50,10.90,0.1010,114715.50,3837.24,118552.74,0.9676,-
2023-09-28,3689.52,10.87,0.0963,114375.12,3837.24,118212.36,0.9675,-
2023-10-09,3684.73,10.87,0.0962,114226.63,3837.24,118063.87,0.9675,-
2023-10-10,3657.13,10.79,0.0776,113371.03,3837.24,117208.27,0.9673,-
2023-10-11,3667.55,10.81,0.0827,113694.05,3837.24,117531.29,0.9674,-
2023-10-12,3702.38,10.94,0.1091,114773.78,3837.24,118611.02,0.9676,-
2023-10-13,3663.41,10.88,0.0998,113565.71,3837.24,117402.95,0.9673,-
2023-10-16,3626.60,10.81,0.0826,112424.60,3837.24,116261.84,0.9670,-
2023-10-17,3639.40,10.88,0.1001,112821.40,3837.24,116658.64,0.9671,-
2023-10-18,3610.58,10.82,0.0871,111927.98,3837.24,115765.22,0.9669,-
2023-10-19,3533.54,10.59,0.0509,109539.74,3837.24,113376.98,0.9662,-
2023-10-20,3510.59,10.50,0.0394,108828.29,3837.24,112665.53,0.9659,-
2023-10-23,3474.24,10.40,0.0292,107701.44,3837.24,111538.68,0.9656,-
2023-10-24,3487.13,10.40,0.0291,108101.03,3837.24,111938.27,0.9657,-
2023-10-25,3504.46,10.38,0.0277,108638.26,3837.24,112475.50,0.9659,-
2023-10-26,3514.14,10.46,0.0370,108938.34,3837.24,112775.58,0.9660,-
2023-10-27,3562.39,10.54,0.0480,110434.09,3837.24,114271.33,0.9664,-
2023-10-30,3583.77,10.59,0.0536,111096.87,3837.24,114934.11,0.9666,-
2023-10-31,3572.51,10.64,0.0632,110747.81,3837.24,114585.05,0.9665,-
2023-11-01,3571.03,10.66,0.0664,110701.93,3837.24,114539.17,0.9665,-
2023-11-02,3554.19,10.63,0.0613,110179.89,3837.24,114017.13,0.9663,-
2023-11-03,3584.14,10.69,0.0714,111108.34,3837.24,114945.58,0.9666,-
2023-11-06,3632.61,10.75,0.0774,112610.91,3837.24,116448.15,0.9670,-
2023-11-07,3619.76,10.72,0.0755,112212.56,3837.24,116049.80,0.9669,-
2023-11-08,3611.07,10.69,0.0713,111943.17,3837.24,115780.41,0.9669,-
2023-11-09,3612.83,10.72,0.0759,111997.73,3837.24,115834.97,0.9669,-
2023-11-10,3586.49,10.67,0.0699,111181.19,3837.24,115018.43,0.9666,-
2023-11-13,3579.41,10.65,0.0657,110961.71,3837.24,114798.95,0.9666,-
2023-11-14,3582.06,10.66,0.0671,111043.86,3837.24,114881.10,0.9666,-
2023-11-15,3607.25,10.73,0.0785,111824.75,3837.24,115661.99,0.9668,-
2023-11-16,3572.36,10.65,0.0656,110743.16,3837.24,114580.40,0.9665,-
2023-11-17,3568.07,10.62,0.0587,110610.17,3837.24,114447.41,0.9665,-
2023-11-20,3576.32,10.64,0.0637,110865.92,3837.24,114703.16,0.9665,-
2023-11-21,3581.07,10.66,0.0683,111013.17,3837.24,114850.41,0.9666,-
2023-11-22,3544.42,10.58,0.0522,109877.02,3837.24,113714.26,0.9663,-
2023-11-23,3561.52,10.62,0.0591,110407.12,3837.24,114244.36,0.9664,-
2023-11-24,3538.01,10.57,0.0503,109678.31,3837.24,113515.55,0.9662,-
2023-11-27,3511.94,10.49,0.0403,108870.14,3837.24,112707.38,0.9660,-
2023-11-28,3518.52,10.50,0.0412,109074.12,3837.24,112911.36,0.9660,-
2023-11-29,3488.31,10.42,0.0306,108137.61,3837.24,111974.85,0.9657,-
2023-11-30,3496.20,10.48,0.0397,108382.20,3837.24,112219.44,0.9658,-
2023-12-01,3482.88,10.46,0.0370,107969.28,3837.24,111806.52,0.9657,-
2023-12-04,3460.14,10.40,0.0292,107264.34,3837.24,111101.58,0.9655,-
2023-12-05,3394.26,10.23,0.0132,105222.06,3837.24,109059.30,0.9648,-
2023-12-06,3399.60,10.20,0.0109,105387.60,3837.24,109224.84,0.9649,-
2023-12-07,3391.28,10.19,0.0100,105129.68,3837.24,108966.92,0.9648,-
2023-12-08,3399.46,10.22,0.0128,105383.26,3837.24,109220.50,0.9649,-
2023-12-11,3419.45,10.28,0.0178,106002.95,3837.24,109840.19,0.9651,-
2023-12-12,3426.80,10.32,0.0228,106230.80,3837.24,110068.04,0.9651,-
2023-12-13,3369.61,10.18,0.0100,104457.91,3837.24,108295.15,0.9646,-
2023-12-14,3351.96,10.13,0.0077,103910.76,3837.24,107748.00,0.9644,-
2023-12-15,3341.55,10.09,0.0068,103588.05,3837.24,107425.29,0.9643,-
2023-12-18,3329.37,10.09,0.0068,103210.47,3837.24,107047.71,0.9642,-
2023-12-19,3334.04,10.11,0.0086,103355.24,3837.24,107192.48,0.9642,-
2023-12-20,3297.50,10.02,0.0045,102222.50,3837.24,106059.74,0.9638,-
2023-12-21,3330.87,10.08,0.0068,103256.97,3837.24,107094.21,0.9642,-
2023-12-22,3337.23,10.12,0.0100,103454.13,3837.24,107291.37,0.9642,-
2023-12-25,3347.45,10.16,0.0118,103770.95,3837.24,107608.19,0.9643,-
2023-12-26,3324.79,10.12,0.0100,103068.49,3837.24,106905.73,0.9641,-
2023-12-27,3336.36,10.18,0.0140,103427.16,3837.24,107264.40,0.9642,-
2023-12-28,3414.54,10.33,0.0281,105850.74,3837.24,109687.98,0.9650,-
2023-12-29,3431.11,10.38,0.0353,106364.41,3837.24,110201.65,0.9652,-
2024-01-02,3386.35,10.37,0.0339,104976.85,3837.24,108814.09,0.9647,-
2024-01-03,3378.30,10.31,0.0271,104727.30,3837.24,108564.54,0.9647,-
2024-01-04,3347.05,10.27,0.0226,103758.55,3837.24,107595.79,0.9643,-
2024-01-05,3329.11,10.22,0.0176,103202.41,3837.24,107039.65,0.9642,-
2024-01-08,3286.06,10.12,0.0099,101867.86,3837.24,105705.10,0.9637,-
2024-01-09,3292.50,10.12,0.0099,102067.50,3837.24,105904.74,0.9638,-
2024-01-10,3277.13,10.06,0.0063,101591.03,3837.24,105428.27,0.9636,-
2024-01-11,3295.67,10.05,0.0063,102165.77,3837.24,106003.01,0.9638,-
2024-01-12,3284.17,10.04,0.0059,101809.27,3837.24,105646.51,0.9637,-
2024-01-15,3280.92,10.06,0.0072,101708.52,3837.24,105545.76,0.9636,-
2024-01-16,3300.88,10.12,0.0117,102327.28,3837.24,106164.52,0.9639,-
2024-01-17,3229.08,9.93,0.0018,100101.48,3837.24,103938.72,0.9631,-
2024-01-18,3274.73,10.03,0.0054,101516.63,3837.24,105353.87,0.9636,-
2024-01-19,3269.78,10.01,0.0049,101363.18,3837.24,105200.42,0.9635,-
2024-01-22,3218.90,9.89,0.0009,99785.90,3837.24,103623.14,0.9630,-
2024-01-23,3231.93,9.91,0.0018,100189.83,3837.24,104027.07,0.9631,-
2024-01-24,3277.11,10.09,0.0117,101590.41,3837.24,105427.65,0.9636,-
2024-01-25,3342.92,10.34,0.0364,103630.52,3837.24,107467.76,0.9643,-
2024-01-26,3333.82,10.38,0.0431,103348.42,3837.24,107185.66,0.9642,-
2024-01-29,3303.96,10.35,0.0395,102422.76,3837.24,106260.00,0.9639,-
2024-01-30,3245.04,10.19,0.0206,100596.24,3837.24,104433.48,0.9633,-
2024-01-31,3215.35,10.16,0.0179,99675.85,3837.24,103513.09,0.9629,-
2024-02-01,3217.71,10.11,0.0139,99749.01,3837.24,103586.25,0.9630,-
2024-02-02,3179.63,10.06,0.0094,98568.53,3837.24,102405.77,0.9625,-
2024-02-05,3200.42,10.17,0.0201,99213.02,3837.24,103050.26,0.9628,-
2024-02-06,3311.69,10.42,0.0501,102662.39,3837.24,106499.63,0.9640,-
2024-02-07,3343.63,10.47,0.0586,103652.53,3837.24,107489.77,0.9643,-
2024-02-08,3364.93,10.49,0.0617,104312.83,3837.24,108150.07,0.9645,-
2024-02-19,3403.81,10.69,0.0974,105518.11,3837.24,109355.35,0.9649,-
2024-02-20,3410.85,10.73,0.1036,105736.35,3837.24,109573.59,0.9650,-
2024-02-21,3456.87,10.85,0.1258,107162.97,3837.24,111000.21,0.9654,-
2024-02-22,3486.67,10.96,0.1494,108086.77,3837.24,111924.01,0.9657,-
2024-02-23,3489.74,10.96,0.1494,108181.94,3837.24,112019.18,0.9657,-
2024-02-26,3453.36,10.79,0.1110,107054.16,3837.24,110891.40,0.9654,-
2024-02-27,3494.79,10.90,0.1376,108338.49,3837.24,112175.73,0.9658,-
2024-02-28,3450.26,10.76,0.1069,106958.06,3837.24,110795.30,0.9654,-
2024-02-29,3516.08,10.91,0.1402,108998.48,3837.24,112835.72,0.9660,-
2024-03-01,3537.80,10.95,0.1481,109671.80,3837.24,113509.04,0.9662,-
2024-03-04,3540.87,11.00,0.1699,109766.97,3837.24,113604.21,0.9662,-
2024-03-05,3565.51,11.10,0.1996,110530.81,3837.24,114368.05,0.9664,-
2024-03-06,3551.05,11.04,0.1830,110082.55,3837.24,113919.79,0.9663,-
2024-03-07,3529.72,11.03,0.1790,109421.32,3837.24,113258.56,0.9661,-
2024-03-08,3544.91,11.10,0.2002,109892.21,3837.24,113729.45,0.9663,-
2024-03-11,3589.26,11.15,0.2169,111267.06,3837.24,115104.30,0.9667,-
2024-03-12,3597.49,11.07,0.1920,111522.19,3837.24,115359.43,0.9667,-
2024-03-13,3572.36,10.99,0.1658,110743.16,3837.24,114580.40,0.9665,-
2024-03-14,3562.22,10.99,0.1657,110428.82,3837.24,114266.06,0.9664,-
2024-03-15,3569.99,11.00,0.1701,110669.69,3837.24,114506.93,0.9665,-
2024-03-18,3603.53,11.08,0.1965,111709.43,3837.24,115546.67,0.9668,-
2024-03-19,3577.63,11.02,0.1761,110906.53,3837.24,114743.77,0.9666,-
2024-03-20,3585.38,11.09,0.2004,111146.78,3837.24,114984.02,0.9666,-
2024-03-21,3581.09,11.07,0.1932,111013.79,3837.24,114851.03,0.9666,-
2024-03-22,3545.00,11.03,0.1798,109895.00,3837.24,113732.24,0.9663,-
2024-03-25,3525.76,11.01,0.1745,109298.56,3837.24,113135.80,0.9661,-
2024-03-26,3543.75,11.07,0.1938,109856.25,3837.24,113693.49,0.9662,-
2024-03-27,3502.79,10.98,0.1602,108586.49,3837.24,112423.73,0.9659,-
2024-03-28,3520.96,11.04,0.1853,109149.76,3837.24,112987.00,0.9660,-
2024-03-29,3537.48,11.21,0.2381,109661.88,3837.24,113499.12,0.9662,-
2024-04-01,3595.65,11.36,0.2812,111465.15,3837.24,115302.39,0.9667,-
2024-04-02,3580.68,11.37,0.2855,111001.08,3837.24,114838.32,0.9666,-
2024-04-03,3567.80,11.34,0.2730,110601.80,3837.24,114439.04,0.9665,-
2024-04-08,3536.41,11.29,0.2597,109628.71,3837.24,113465.95,0.9662,-
2024-04-09,3533.49,11.25,0.2486,109538.19,3837.24,113375.43,0.9662,-
2024-04-10,3504.71,11.19,0.2300,108646.01,3837.24,112483.25,0.9659,-
2024-04-11,3504.24,11.18,0.2273,108631.44,3837.24,112468.68,0.9659,-
2024-04-12,3475.84,11.10,0.2039,107751.04,3837.24,111588.28,0.9656,-
2024-04-15,3549.08,11.37,0.2872,110021.48,3837.24,113858.72,0.9663,-
2024-04-16,3511.11,11.29,0.2608,108844.41,3837.24,112681.65,0.9659,-
2024-04-17,3565.40,11.44,0.3067,110527.40,3837.24,114364.64,0.9664,-
2024-04-18,3569.80,11.44,0.3066,110663.80,3837.24,114501.04,0.9665,-
2024-04-19,3541.66,11.43,0.3047,109791.46,3837.24,113628.70,0.9662,-
2024-04-22,3530.90,11.34,0.2743,109457.90,3837.24,113295.14,0.9661,-
2024-04-23,3506.22,11.26,0.2527,108692.82,3837.24,112530.06,0.9659,-
2024-04-24,3521.62,11.29,0.2605,109170.22,3837.24,113007.46,0.9660,-
2024-04-25,3530.28,11.32,0.2691,109438.68,3837.24,113275.92,0.9661,-
2024-04-26,3584.27,11.47,0.3180,111112.37,3837.24,114949.61,0.9666,-
2024-04-29,3623.91,11.47,0.3179,112341.21,3837.24,116178.45,0.9670,-
2024-04-30,3604.39,11.63,0.3711,111736.09,3837.24,115573.33,0.9668,-
2024-05-06,3657.88,11.72,0.3958,113394.28,3837.24,117231.52,0.9673,-
2024-05-07,3659.01,11.74,0.4013,113429.31,3837.24,117266.55,0.9673,-
2024-05-08,3630.22,11.68,0.3824,112536.82,3837.24,116374.06,0.9670,-
2024-05-09,3664.56,11.74,0.4014,113601.36,3837.24,117438.60,0.9673,-
2024-05-10,3666.28,11.76,0.4060,113654.68,3837.24,117491.92,0.9673,-
2024-05-13,3664.69,11.76,0.4058,113605.39,3837.24,117442.63,0.9673,-
2024-05-14,3657.05,11.72,0.3952,113368.55,3837.24,117205.79,0.9673,-
2024-05-15,3626.06,11.63,0.3698,112407.86,3837.24,116245.10,0.9670,-
2024-05-16,3640.36,11.67,0.3792,112851.16,3837.24,116688.40,0.9671,-
2024-05-17,3677.97,11.77,0.4091,114017.07,3837.24,117854.31,0.9674,-
2024-05-20,3690.96,11.82,0.4245,114419.76,3837.24,118257.00,0.9676,-
2024-05-21,3676.16,11.79,0.4148,113960.96,3837.24,117798.20,0.9674,-
2024-05-22,3684.45,11.80,0.4181,114217.95,3837.24,118055.19,0.9675,-
2024-05-23,3641.79,11.69,0.3840,112895.49,3837.24,116732.73,0.9671,-
2024-05-24,3601.48,11.58,0.3521,111645.88,3837.24,115483.12,0.9668,-
2024-05-27,3635.71,11.72,0.3954,112707.01,3837.24,116544.25,0.9671,-
2024-05-28,3609.17,11.67,0.3783,111884.27,3837.24,115721.51,0.9668,-
2024-05-29,3613.52,11.69,0.3842,112019.12,3837.24,115856.36,0.9669,-
2024-05-30,3594.31,11.61,0.3637,111423.61,3837.24,115260.85,0.9667,-
2024-05-31,3579.92,11.57,0.3501,110977.52,3837.24,114814.76,0.9666,-
2024-06-03,3588.75,11.62,0.3673,111251.25,3837.24,115088.49,0.9667,-
2024-06-04,3615.67,11.67,0.3788,112085.77,3837.24,115923.01,0.9669,-
2024-06-05,3594.79,11.61,0.3635,111438.49,3837.24,115275.73,0.9667,-
2024-06-06,3592.25,11.63,0.3694,111359.75,3837.24,115196.99,0.9667,-
2024-06-07,3574.11,11.60,0.3584,110797.41,3837.24,114634.65,0.9665,-
2024-06-11,3542.88,11.48,0.3211,109829.28,3837.24,113666.52,0.9662,-
2024-06-12,3544.12,11.50,0.3274,109867.72,3837.24,113704.96,0.9663,-
2024-06-13,3526.13,11.48,0.3208,109310.03,3837.24,113147.27,0.9661,-
2024-06-14,3541.53,11.51,0.3323,109787.43,3837.24,113624.67,0.9662,-
2024-06-17,3536.20,11.46,0.3106,109622.20,3837.24,113459.44,0.9662,-
2024-06-18,3545.59,11.51,0.3325,109913.29,3837.24,113750.53,0.9663,-
2024-06-19,3528.75,11.51,0.3323,109391.25,3837.24,113228.49,0.9661,-
2024-06-20,3503.28,11.48,0.3206,108601.68,3837.24,112438.92,0.9659,-
2024-06-21,3495.62,11.46,0.3101,108364.22,3837.24,112201.46,0.9658,-
2024-06-24,3476.81,11.43,0.3009,107781.11,3837.24,111618.35,0.9656,-
2024-06-25,3457.90,11.39,0.2896,107194.90,3837.24,111032.14,0.9654,-
2024-06-26,3480.26,11.43,0.3011,107888.06,3837.24,111725.30,0.9657,-
2024-06-27,3454.12,11.39,0.2893,107077.72,3837.24,110914.96,0.9654,-
2024-06-28,3461.66,11.48,0.3219,107311.46,3837.24,111148.70,0.9655,-
2024-07-01,3478.18,11.57,0.3531,107823.58,3837.24,111660.82,0.9656,-
2024-07-02,3471.79,11.62,0.3714,107625.49,3837.24,111462.73,0.9656,-
2024-07-03,3463.41,11.58,0.3549,107365.71,3837.24,111202.95,0.9655,-
2024-07-04,3445.81,11.56,0.3492,106820.11,3837.24,110657.35,0.9653,-
2024-07-05,3431.06,11.46,0.3105,106362.86,3837.24,110200.10,0.9652,-
2024-07-08,3401.76,11.43,0.3005,105454.56,3837.24,109291.80,0.9649,-
2024-07-09,3439.81,11.53,0.3419,106634.11,3837.24,110471.35,0.9653,-
2024-07-10,3428.97,11.47,0.3148,106298.07,3837.24,110135.31,0.9652,-
2024-07-11,3468.17,11.54,0.3446,107513.27,3837.24,111350.51,0.9655,-
2024-07-12,3472.40,11.55,0.3479,107644.40,3837.24,111481.64,0.9656,-
2024-07-15,3476.25,11.63,0.3760,107763.75,3837.24,111600.99,0.9656,-
2024-07-16,3498.28,11.65,0.3826,108446.68,3837.24,112283.92,0.9658,-
2024-07-17,3501.58,11.60,0.3641,108548.98,3837.24,112386.22,0.9659,-
2024-07-18,3520.93,11.69,0.3930,109148.83,3837.24,112986.07,0.9660,-
2024-07-19,3539.02,11.70,0.3962,109709.62,3837.24,113546.86,0.9662,-
2024-07-22,3514.92,11.58,0.3560,108962.52,3837.24,112799.76,0.9660,-
2024-07-23,3439.88,11.43,0.2991,106636.28,3837.24,110473.52,0.9653,-
2024-07-24,3418.17,11.41,0.2942,105963.27,3837.24,109800.51,0.9651,-
2024-07-25,3399.27,11.32,0.2621,105377.37,3837.24,109214.61,0.9649,-
2024-07-26,3409.29,11.27,0.2484,105687.99,3837.24,109525.23,0.9650,-
2024-07-29,3390.74,11.27,0.2483,105112.94,3837.24,108950.18,0.9648,-
2024-07-30,3369.38,11.18,0.2205,104450.78,3837.24,108288.02,0.9646,-
2024-07-31,3442.08,11.32,0.2630,106704.48,3837.24,110541.72,0.9653,-
2024-08-01,3419.27,11.29,0.2544,105997.37,3837.24,109834.61,0.9651,-
2024-08-02,3384.39,11.19,0.2236,104916.09,3837.24,108753.33,0.9647,-
2024-08-05,3343.32,11.05,0.1827,103642.92,3837.24,107480.16,0.9643,-
2024-08-06,3342.98,11.01,0.1682,103632.38,3837.24,107469.62,0.9643,-
2024-08-07,3341.49,11.03,0.1741,103586.19,3837.24,107423.43,0.9643,-
2024-08-08,3342.94,11.03,0.1740,103631.14,3837.24,107468.38,0.9643,-
2024-08-09,3331.63,11.01,0.1680,103280.53,3837.24,107117.77,0.9642,-
2024-08-12,3325.86,11.00,0.1633,103101.66,3837.24,106938.90,0.9641,-
2024-08-13,3334.39,11.04,0.1802,103366.09,3837.24,107203.33,0.9642,-
2024-08-14,3309.24,11.00,0.1631,102586.44,3837.24,106423.68,0.9639,-
2024-08-15,3341.95,11.11,0.2054,103600.45,3837.24,107437.69,0.9643,-
2024-08-16,3345.63,11.16,0.2185,103714.53,3837.24,107551.77,0.9643,-
2024-08-19,3356.97,11.24,0.2433,104066.07,3837.24,107903.31,0.9644,-
2024-08-20,3332.70,11.16,0.2183,103313.70,3837.24,107150.94,0.9642,-
2024-08-21,3321.64,11.13,0.2123,102970.84,3837.24,106808.08,0.9641,-
2024-08-22,3313.14,11.14,0.2160,102707.34,3837.24,106544.58,0.9640,-
2024-08-23,3327.19,11.15,0.2172,103142.89,3837.24,106980.13,0.9641,-
2024-08-26,3324.22,11.11,0.2048,103050.82,3837.24,106888.06,0.9641,-
2024-08-27,3305.33,11.14,0.2161,102465.23,3837.24,106302.47,0.9639,-
2024-08-28,3286.50,11.07,0.1895,101881.50,3837.24,105718.74,0.9637,-
2024-08-29,3277.68,10.89,0.1295,101608.08,3837.24,105445.32,0.9636,-
2024-08-30,3321.43,10.86,0.1227,102964.33,3837.24,106801.57,0.9641,-
2024-09-02,3265.01,10.76,0.1011,101215.31,3837.24,105052.55,0.9635,-
2024-09-03,3273.43,10.69,0.0918,101476.33,3837.24,105313.57,0.9636,-
2024-09-04,3252.16,10.60,0.0749,100816.96,3837.24,104654.20,0.9633,-
2024-09-05,3257.76,10.58,0.0707,100990.56,3837.24,104827.80,0.9634,-
2024-09-06,3231.35,10.52,0.0644,100171.85,3837.24,104009.09,0.9631,-
2024-09-09,3192.95,10.39,0.0450,98981.45,3837.24,102818.69,0.9627,-
2024-09-10,3195.76,10.44,0.0500,99068.56,3837.24,102905.80,0.9627,-
2024-09-11,3186.13,10.33,0.0349,98770.03,3837.24,102607.27,0.9626,-
2024-09-12,3172.47,10.31,0.0336,98346.57,3837.24,102183.81,0.9624,-
2024-09-13,3159.25,10.29,0.0306,97936.75,3837.24,101773.99,0.9623,-
2024-09-18,3171.01,10.38,0.0441,98301.31,3837.24,102138.55,0.9624,-
2024-09-19,3196.04,10.42,0.0491,99077.24,3837.24,102914.48,0.9627,-
2024-09-20,3201.05,10.46,0.0562,99232.55,3837.24,103069.79,0.9628,-
2024-09-23,3212.76,10.52,0.0675,99595.56,3837.24,103432.80,0.9629,-
2024-09-24,3351.91,10.97,0.1546,103909.21,3837.24,107746.45,0.9644,-
2024-09-25,3401.53,11.11,0.2106,105447.43,3837.24,109284.67,0.9649,-
2024-09-26,3545.32,11.48,0.3336,109904.92,3837.24,113742.16,0.9663,-
2024-09-27,3703.68,11.77,0.4301,114814.08,3837.24,118651.32,0.9677,-
2024-09-30,4017.85,12.65,0.6416,124553.35,3837.24,128390.59,0.9701,-
2024-10-08,4256.10,13.23,0.7450,131939.10,3837.24,135776.34,0.9717,-
2024-10-09,3955.98,12.38,0.5788,122635.38,3837.24,126472.62,0.9697,-
2024-10-10,3997.79,12.60,0.6307,123931.49,3837.24,127768.73,0.9700,-
2024-10-11,3887.17,12.34,0.5683,120502.27,3837.24,124339.51,0.9691,-
2024-10-14,3961.34,12.59,0.6281,122801.54,3837.24,126638.78,0.9697,-
2024-10-15,3855.99,12.23,0.5353,119535.69,3837.24,123372.93,0.9689,-
2024-10-16,3831.59,12.21,0.5313,118779.29,3837.24,122616.53,0.9687,-
2024-10-17,3788.22,12.07,0.4981,117434.82,3837.24,121272.06,0.9684,-
2024-10-18,3925.23,12.40,0.5842,121682.13,3837.24,125519.37,0.9694,-
2024-10-21,3935.20,12.36,0.5735,121991.20,3837.24,125828.44,0.9695,-
2024-10-22,3957.78,12.32,0.5620,122691.18,3837.24,126528.42,0.9697,-
2024-10-23,3973.21,12.35,0.5710,123169.51,3837.24,127006.75,0.9698,-
2024-10-24,3928.83,12.24,0.5387,121793.73,3837.24,125630.97,0.9695,-
2024-10-25,3956.42,12.26,0.5447,122649.02,3837.24,126486.26,0.9697,-
2024-10-28,3964.16,12.26,0.5445,122888.96,3837.24,126726.20,0.9697,-
2024-10-29,3924.65,12.18,0.5247,121664.15,3837.24,125501.39,0.9694,-
2024-10-30,3889.45,12.03,0.4892,120572.95,3837.24,124410.19,0.9692,-
2024-10-31,3891.04,11.65,0.3914,120622.24,3837.24,124459.48,0.9692,-
2024-11-01,3890.02,11.72,0.4137,120590.62,3837.24,124427.86,0.9692,-
2024-11-04,3944.76,11.83,0.4463,122287.56,3837.24,126124.80,0.9696,-
2024-11-05,4044.57,12.08,0.5004,125381.67,3837.24,129218.91,0.9703,-
2024-11-06,4024.28,12.00,0.4828,124752.68,3837.24,128589.92,0.9702,-
2024-11-07,4145.70,12.34,0.5696,128516.70,3837.24,132353.94,0.9710,-
2024-11-08,4104.05,12.22,0.5333,127225.55,3837.24,131062.79,0.9707,-
2024-11-11,4131.13,12.21,0.5306,128065.03,3837.24,131902.27,0.9709,-
2024-11-12,4085.74,12.06,0.4940,126657.94,3837.24,130495.18,0.9706,-
2024-11-13,4110.89,12.16,0.5219,127437.59,3837.24,131274.83,0.9708,-
2024-11-14,4039.62,12.02,0.4862,125228.22,3837.24,129065.46,0.9703,-
2024-11-15,3968.83,11.88,0.4566,123033.73,3837.24,126870.97,0.9698,-
2024-11-18,3950.38,11.89,0.4577,122461.78,3837.24,126299.02,0.9696,-
2024-11-19,3976.89,11.92,0.4633,123283.59,3837.24,127120.83,0.9698,-
2024-11-20,3985.77,11.93,0.4668,123558.87,3837.24,127396.11,0.9699,-
2024-11-21,3989.30,11.93,0.4666,123668.30,3837.24,127505.54,0.9699,-
2024-11-22,3865.70,11.61,0.3761,119836.70,3837.24,123673.94,0.9690,-
2024-11-25,3848.09,11.57,0.3607,119290.79,3837.24,123128.03,0.9688,-
2024-11-26,3840.18,11.59,0.3688,119045.58,3837.24,122882.82,0.9688,-
2024-11-27,3907.04,11.75,0.4209,121118.24,3837.24,124955.48,0.9693,-
2024-11-28,3872.55,11.67,0.3936,120049.05,3837.24,123886.29,0.9690,-
2024-11-29,3916.58,11.75,0.4210,121413.98,3837.24,125251.22,0.9694,-
2024-12-02,3947.63,11.83,0.4451,122376.53,3837.24,126213.77,0.9696,-
2024-12-03,3951.89,11.89,0.4585,122508.59,3837.24,126345.83,0.9696,-
2024-12-04,3930.56,11.90,0.4620,121847.36,3837.24,125684.60,0.9695,-
2024-12-05,3921.59,11.85,0.4507,121569.29,3837.24,125406.53,0.9694,-
2024-12-06,3973.14,11.99,0.4842,123167.34,3837.24,127004.58,0.9698,-
2024-12-09,3966.57,12.00,0.4848,122963.67,3837.24,126800.91,0.9697,-
2024-12-10,3995.64,12.07,0.5002,123864.84,3837.24,127702.08,0.9700,-
2024-12-11,3988.83,12.03,0.4922,123653.73,3837.24,127490.97,0.9699,-
2024-12-12,4028.50,12.15,0.5228,124883.50,3837.24,128720.74,0.9702,-
2024-12-13,3933.18,11.91,0.4623,121928.58,3837.24,125765.82,0.9695,-
2024-12-16,3911.84,11.97,0.4781,121267.04,3837.24,125104.28,0.9693,-
2024-12-17,3922.03,11.99,0.4836,121582.93,3837.24,125420.17,0.9694,-
2024-12-18,3941.89,12.06,0.4977,122198.59,3837.24,126035.83,0.9696,-
2024-12-19,3945.46,12.03,0.4922,122309.26,3837.24,126146.50,0.9696,-
2024-12-20,3927.74,11.97,0.4773,121759.94,3837.24,125597.18,0.9694,-
2024-12-23,3933.57,12.07,0.5012,121940.67,3837.24,125777.91,0.9695,-
2024-12-24,3983.69,12.23,0.5411,123494.39,3837.24,127331.63,0.9699,-
2024-12-25,3985.63,12.30,0.5629,123554.53,3837.24,127391.77,0.9699,-
2024-12-26,3987.48,12.27,0.5541,123611.88,3837.24,127449.12,0.9699,-
2024-12-27,3981.03,12.25,0.5473,123411.93,3837.24,127249.17,0.9698,-
2024-12-30,3999.05,12.33,0.5720,123970.55,3837.24,127807.79,0.9700,-
2024-12-31,3934.91,12.19,0.5318,121982.21,3837.24,125819.45,0.9695,-
2025-01-02,3820.40,11.84,0.4448,118432.40,3837.24,122269.64,0.9686,-
2025-01-03,3775.16,11.73,0.4136,117029.96,3837.24,120867.20,0.9683,-
2025-01-06,3768.97,11.70,0.3992,116838.07,3837.24,120675.31,0.9682,-
2025-01-07,3796.11,11.75,0.4173,117679.41,3837.24,121516.65,0.9684,-
2025-01-08,3789.22,11.77,0.4229,117465.82,3837.24,121303.06,0.9684,-
2025-01-09,3779.88,11.69,0.3954,117176.28,3837.24,121013.52,0.9683,-
2025-01-10,3732.48,11.55,0.3493,115706.88,3837.24,119544.12,0.9679,-
2025-01-13,3722.51,11.51,0.3362,115397.81,3837.24,119235.05,0.9678,-
2025-01-14,3820.54,11.74,0.4153,118436.74,3837.24,122273.98,0.9686,-
2025-01-15,3796.03,11.68,0.3932,117676.93,3837.24,121514.17,0.9684,-
2025-01-16,3800.38,11.72,0.4084,117811.78,3837.24,121649.02,0.9685,-
2025-01-17,3812.34,11.73,0.4144,118182.54,3837.24,122019.78,0.9686,-
2025-01-20,3829.68,11.72,0.4081,118720.08,3837.24,122557.32,0.9687,-
2025-01-21,3832.61,11.70,0.3990,118810.91,3837.24,122648.15,0.9687,-
2025-01-22,3797.02,11.59,0.3636,117707.62,3837.24,121544.86,0.9684,-
2025-01-23,3803.74,11.68,0.3926,117915.94,3837.24,121753.18,0.9685,-
2025-01-24,3832.86,11.72,0.4087,118818.66,3837.24,122655.90,0.9687,-
2025-01-27,3817.08,11.74,0.4170,118329.48,3837.24,122166.72,0.9686,-
2025-02-05,3795.08,11.62,0.3752,117647.48,3837.24,121484.72,0.9684,-
2025-02-06,3842.83,11.73,0.4155,119127.73,3837.24,122964.97,0.9688,-
2025-02-07,3892.70,11.83,0.4452,120673.70,3837.24,124510.94,0.9692,-
2025-02-10,3901.06,11.85,0.4519,120932.86,3837.24,124770.10,0.9692,-
2025-02-11,3883.14,11.86,0.4537,120377.34,3837.24,124214.58,0.9691,-
2025-02-12,3919.86,11.96,0.4774,121515.66,3837.24,125352.90,0.9694,-
2025-02-13,3905.14,11.93,0.4703,121059.34,3837.24,124896.58,0.9693,-
2025-02-14,3939.01,12.02,0.4931,122109.31,3837.24,125946.55,0.9695,-
2025-02-17,3947.40,12.04,0.4990,122369.40,3837.24,126206.64,0.9696,-
2025-02-18,3912.78,11.99,0.4867,121296.18,3837.24,125133.42,0.9693,-
2025-02-19,3940.16,12.02,0.4929,122144.96,3837.24,125982.20,0.9695,-
2025-02-20,3928.90,11.99,0.4863,121795.90,3837.24,125633.14,0.9695,-
2025-02-21,3978.44,12.09,0.5143,123331.64,3837.24,127168.88,0.9698,-
2025-02-24,3969.72,12.03,0.4964,123061.32,3837.24,126898.56,0.9698,-
2025-02-25,3925.65,11.89,0.4584,121695.15,3837.24,125532.39,0.9694,-
2025-02-26,3959.94,11.96,0.4763,122758.14,3837.24,126595.38,0.9697,-
2025-02-27,3968.12,12.00,0.4881,123011.72,3837.24,126848.96,0.9697,-
2025-02-28,3890.05,11.82,0.4397,120591.55,3837.24,124428.79,0.9692,-
2025-03-03,3888.47,11.81,0.4367,120542.57,3837.24,124379.81,0.9691,-
2025-03-04,3885.22,11.75,0.4177,120441.82,3837.24,124279.06,0.9691,-
2025-03-05,3902.57,11.84,0.4472,120979.67,3837.24,124816.91,0.9693,-
2025-03-06,3956.24,11.94,0.4727,122643.44,3837.24,126480.68,0.9697,-
2025-03-07,3944.01,11.92,0.4657,122264.31,3837.24,126101.55,0.9696,-
2025-03-10,3928.80,11.85,0.4499,121792.80,3837.24,125630.04,0.9695,-
2025-03-11,3941.42,11.89,0.4585,122184.02,3837.24,126021.26,0.9696,-
2025-03-12,3927.23,11.86,0.4519,121744.13,3837.24,125581.37,0.9694,-
2025-03-13,3911.58,11.85,0.4493,121258.98,3837.24,125096.22,0.9693,-
2025-03-14,4006.56,12.12,0.5232,124203.36,3837.24,128040.60,0.9700,-
2025-03-17,3996.79,12.11,0.5214,123900.49,3837.24,127737.73,0.9700,-
2025-03-18,4007.72,12.12,0.5232,124239.32,3837.24,128076.56,0.9700,-
2025-03-19,4010.17,12.15,0.5318,124315.27,3837.24,128152.51,0.9701,-
2025-03-20,3974.99,12.04,0.5012,123224.69,3837.24,127061.93,0.9698,-
2025-03-21,3914.70,11.89,0.4579,121355.70,3837.24,125192.94,0.9693,-
2025-03-24,3934.85,11.92,0.4657,121980.35,3837.24,125817.59,0.9695,-
2025-03-25,3932.30,11.91,0.4635,121901.30,3837.24,125738.54,0.9695,-
2025-03-26,3919.36,11.87,0.4553,121500.16,3837.24,125337.40,0.9694,-
2025-03-27,3932.41,11.90,0.4623,121904.71,3837.24,125741.95,0.9695,-
2025-03-28,3915.17,11.81,0.4338,121370.27,3837.24,125207.51,0.9694,-
2025-03-31,3887.31,11.78,0.4241,120506.61,3837.24,124343.85,0.9691,-
2025-04-01,3887.68,11.78,0.4239,120518.08,3837.24,124355.32,0.9691,-
2025-04-02,3884.39,11.79,0.4273,120416.09,3837.24,124253.33,0.9691,-
2025-04-03,3861.50,11.78,0.4236,119706.50,3837.24,123543.74,0.9689,-
2025-04-07,3589.44,11.07,0.1854,111272.64,3837.24,115109.88,0.9667,-
2025-04-08,3650.76,11.29,0.2530,113173.56,3837.24,117010.80,0.9672,-
2025-04-09,3686.79,11.35,0.2744,114290.49,3837.24,118127.73,0.9675,-
2025-04-10,3735.12,11.44,0.3009,115788.72,3837.24,119625.96,0.9679,-
2025-04-11,3750.52,11.46,0.3075,116266.12,3837.24,120103.36,0.9681,-
2025-04-14,3759.14,11.53,0.3380,116533.34,3837.24,120370.58,0.9681,-
2025-04-15,3761.23,11.57,0.3505,116598.13,3837.24,120435.37,0.9681,-
2025-04-16,3772.82,11.64,0.3770,116957.42,3837.24,120794.66,0.9682,-
2025-04-17,3772.22,11.64,0.3768,116938.82,3837.24,120776.06,0.9682,-
2025-04-18,3772.52,11.65,0.3803,116948.12,3837.24,120785.36,0.9682,-
2025-04-21,3784.88,11.66,0.3825,117331.28,3837.24,121168.52,0.9683,-
2025-04-22,3783.95,11.71,0.4017,117302.45,3837.24,121139.69,0.9683,-
2025-04-23,3786.88,11.68,0.3885,117393.28,3837.24,121230.52,0.9683,-
2025-04-24,3784.36,11.70,0.3955,117315.16,3837.24,121152.40,0.9683,-
2025-04-25,3786.99,11.64,0.3759,117396.69,3837.24,121233.93,0.9683,-
2025-04-28,3781.62,11.65,0.3797,117230.22,3837.24,121067.46,0.9683,-
2025-04-29,3775.08,11.63,0.3721,117027.48,3837.24,120864.72,0.9683,-
2025-04-30,3770.57,11.49,0.3237,116887.67,3837.24,120724.91,0.9682,-
2025-05-06,3808.54,11.56,0.3457,118064.74,3837.24,121901.98,0.9685,-
2025-05-07,3831.63,11.67,0.3855,118780.53,3837.24,122617.77,0.9687,-
2025-05-08,3852.90,11.71,0.4035,119439.90,3837.24,123277.14,0.9689,-
2025-05-09,3846.16,11.71,0.4033,119230.96,3837.24,123068.20,0.9688,-
2025-05-12,3890.61,11.80,0.4359,120608.91,3837.24,124446.15,0.9692,-
2025-05-13,3896.26,11.83,0.4464,120784.06,3837.24,124621.30,0.9692,-
2025-05-14,3943.21,11.97,0.4880,122239.51,3837.24,126076.75,0.9696,-
2025-05-15,3907.20,11.90,0.4681,121123.20,3837.24,124960.44,0.9693,-
2025-05-16,3889.09,11.83,0.4458,120561.79,3837.24,124399.03,0.9692,-
2025-05-19,3877.15,11.79,0.4315,120191.65,3837.24,124028.89,0.9691,-
2025-05-20,3898.17,11.85,0.4538,120843.27,3837.24,124680.51,0.9692,-
2025-05-21,3916.38,11.91,0.4705,121407.78,3837.24,125245.02,0.9694,-
2025-05-22,3913.87,11.91,0.4703,121329.97,3837.24,125167.21,0.9693,-
2025-05-23,3882.27,11.81,0.4387,120350.37,3837.24,124187.61,0.9691,-
2025-05-26,3860.11,11.75,0.4173,119663.41,3837.24,123500.65,0.9689,-
2025-05-27,3839.40,11.72,0.4053,119021.40,3837.24,122858.64,0.9688,-
2025-05-28,3836.24,11.72,0.4052,118923.44,3837.24,122760.68,0.9687,-
2025-05-29,3858.70,11.76,0.4215,119619.70,3837.24,123456.94,0.9689,-
2025-05-30,3840.23,11.73,0.4123,119047.13,3837.24,122884.37,0.9688,-
2025-06-03,3852.01,11.77,0.4243,119412.31,3837.24,123249.55,0.9689,-
2025-06-04,3868.74,11.80,0.4359,119930.94,3837.24,123768.18,0.9690,-
2025-06-05,3877.56,11.83,0.4471,120204.36,3837.24,124041.60,0.9691,-
2025-06-06,3873.98,11.83,0.4469,120093.38,3837.24,123930.62,0.9690,-
2025-06-09,3885.25,11.83,0.4468,120442.75,3837.24,124279.99,0.9691,-
2025-06-10,3865.47,11.79,0.4313,119829.57,3837.24,123666.81,0.9690,-
2025-06-11,3894.63,12.06,0.5149,120733.53,3837.24,124570.77,0.9692,-
2025-06-12,3892.20,12.04,0.5111,120658.20,3837.24,124495.44,0.9692,-
2025-06-13,3864.18,11.99,0.4973,119789.58,3837.24,123626.82,0.9690,-
2025-06-16,3873.80,12.07,0.5186,120087.80,3837.24,123925.04,0.9690,-
2025-06-17,3870.38,12.07,0.5184,119981.78,3837.24,123819.02,0.9690,-
2025-06-18,3874.97,12.11,0.5318,120124.07,3837.24,123961.31,0.9690,-
2025-06-19,3843.09,12.09,0.5269,119135.79,3837.24,122973.03,0.9688,-
2025-06-20,3846.64,12.12,0.5341,119245.84,3837.24,123083.08,0.9688,-
2025-06-23,3857.90,12.20,0.5546,119594.90,3837.24,123432.14,0.9689,-
2025-06-24,3904.03,12.31,0.5844,121024.93,3837.24,124862.17,0.9693,-
2025-06-25,3960.07,12.45,0.6274,122762.17,3837.24,126599.41,0.9697,-
2025-06-26,3946.02,12.44,0.6229,122326.62,3837.24,126163.86,0.9696,-
2025-06-27,3921.76,12.30,0.5814,121574.56,3837.24,125411.80,0.9694,-
2025-06-30,3936.08,12.34,0.5944,122018.48,3837.24,125855.72,0.9695,-
2025-07-01,3942.76,12.39,0.6074,122225.56,3837.24,126062.80,0.9696,-
2025-07-02,3943.68,12.40,0.6107,122254.08,3837.24,126091.32,0.9696,-
2025-07-03,3968.07,12.43,0.6190,123010.17,3837.24,126847.41,0.9697,-
2025-07-04,3982.20,12.50,0.6362,123448.20,3837.24,127285.44,0.9699,-
2025-07-07,3965.17,12.46,0.6290,122920.27,3837.24,126757.51,0.9697,-
2025-07-08,3998.45,12.53,0.6400,123951.95,3837.24,127789.19,0.9700,-
2025-07-09,3991.40,12.54,0.6421,123733.40,3837.24,127570.64,0.9699,-
2025-07-10,4010.02,12.60,0.6566,124310.62,3837.24,128147.86,0.9701,-
2025-07-11,4014.81,12.57,0.6505,124459.11,3837.24,128296.35,0.9701,-
2025-07-14,4017.67,12.59,0.6537,124547.77,3837.24,128385.01,0.9701,-
2025-07-15,4019.06,12.58,0.6523,124590.86,3837.24,128428.10,0.9701,-
2025-07-16,4007.20,12.55,0.6447,124223.20,3837.24,128060.44,0.9700,-
2025-07-17,4034.49,12.57,0.6499,125069.19,3837.24,128906.43,0.9702,-
2025-07-18,4058.55,12.64,0.6663,125815.05,3837.24,129652.29,0.9704,-
2025-07-21,4085.61,12.70,0.6761,126653.91,3837.24,130491.15,0.9706,-
2025-07-22,4118.96,12.77,0.6851,127687.76,3837.24,131525.00,0.9708,-
2025-07-23,4119.77,12.79,0.6903,127712.87,3837.24,131550.11,0.9708,-
2025-07-24,4149.04,12.82,0.6958,128620.24,3837.24,132457.48,0.9710,-
2025-07-25,4127.16,12.74,0.6801,127941.96,3837.24,131779.20,0.9709,-
2025-07-28,4135.82,12.75,0.6817,128210.42,3837.24,132047.66,0.9709,-
2025-07-29,4152.02,12.59,0.6521,128712.62,3837.24,132549.86,0.9711,-
2025-07-30,4151.24,12.63,0.6635,128688.44,3837.24,132525.68,0.9710,-
2025-07-31,4075.59,12.44,0.6188,126343.29,3837.24,130180.53,0.9705,-
2025-08-01,4054.93,12.37,0.5974,125702.83,3837.24,129540.07,0.9704,-
2025-08-04,4070.70,12.42,0.6106,126191.70,3837.24,130028.94,0.9705,-
2025-08-05,4103.45,12.54,0.6385,127206.95,3837.24,131044.19,0.9707,-
2025-08-06,4113.49,12.57,0.6479,127518.19,3837.24,131355.43,0.9708,-
2025-08-07,4114.67,12.58,0.6508,127554.77,3837.24,131392.01,0.9708,-
2025-08-08,4104.97,12.56,0.6440,127254.07,3837.24,131091.31,0.9707,-
2025-08-11,4122.51,12.54,0.6376,127797.81,3837.24,131635.05,0.9708,-
2025-08-12,4143.83,12.62,0.6619,128458.73,3837.24,132295.97,0.9710,-
2025-08-13,4176.58,12.63,0.6644,129473.98,3837.24,133311.22,0.9712,-
2025-08-14,4173.31,12.63,0.6641,129372.61,3837.24,133209.85,0.9712,-
2025-08-15,4202.35,12.65,0.6677,130272.85,3837.24,134110.09,0.9714,-
2025-08-18,4239.41,12.73,0.6801,131421.71,3837.24,135258.95,0.9716,-
2025-08-19,4223.37,12.71,0.6775,130924.47,3837.24,134761.71,0.9715,-
2025-08-20,4271.40,12.83,0.7003,132413.40,3837.24,136250.64,0.9718,-
2025-08-21,4288.07,12.89,0.7096,132930.17,3837.24,136767.41,0.9719,-
2025-08-22,4378.00,13.08,0.7485,135718.00,3837.24,139555.24,0.9725,-
2025-08-25,4469.22,13.27,0.7712,138545.82,3837.24,142383.06,0.9730,-
2025-08-26,4452.59,13.21,0.7648,138030.29,3837.24,141867.53,0.9730,-
2025-08-27,4386.13,12.97,0.7273,135970.03,3837.24,139807.27,0.9726,-
2025-08-28,4463.78,13.16,0.7580,138377.18,3837.24,142214.42,0.9730,-
2025-08-29,4496.76,13.23,0.7658,139399.56,3837.24,143236.80,0.9732,-
2025-09-01,4523.71,13.23,0.7655,140235.01,3837.24,144072.25,0.9734,-
2025-09-02,4490.45,13.23,0.7652,139203.95,3837.24,143041.19,0.9732,-
2025-09-03,4459.83,13.11,0.7500,138254.73,3837.24,142091.97,0.9730,-
2025-09-04,4365.21,12.98,0.7272,135321.51,3837.24,139158.75,0.9724,-
2025-09-05,4460.32,13.10,0.7483,138269.92,3837.24,142107.16,0.9730,-
2025-09-08,4467.57,13.11,0.7499,138494.67,3837.24,142331.91,0.9730,-
2025-09-09,4436.26,13.03,0.7366,137524.06,3837.24,141361.30,0.9729,-
2025-09-10,4445.36,13.08,0.7459,137806.16,3837.24,141643.40,0.9729,-
2025-09-11,4548.03,13.29,0.7735,140988.93,3837.24,144826.17,0.9735,-
2025-09-12,4522.00,13.24,0.7682,140182.00,3837.24,144019.24,0.9734,-
2025-09-15,4533.06,13.24,0.7679,140524.86,3837.24,144362.10,0.9734,-
2025-09-16,4523.34,13.20,0.7623,140223.54,3837.24,144060.78,0.9734,-
2025-09-17,4551.02,13.26,0.7715,141081.62,3837.24,144918.86,0.9735,-
2025-09-18,4498.11,13.08,0.7442,139441.41,3837.24,143278.65,0.9732,-
2025-09-19,4501.92,13.08,0.7439,139559.52,3837.24,143396.76,0.9732,-
2025-09-22,4522.61,13.09,0.7463,140200.91,3837.24,144038.15,0.9734,-
2025-09-23,4519.78,13.14,0.7536,140113.18,3837.24,143950.42,0.9733,-
2025-09-24,4566.07,13.21,0.7636,141548.17,3837.24,145385.41,0.9736,-
2025-09-25,4593.49,13.24,0.7679,142398.19,3837.24,146235.43,0.9738,-
2025-09-26,4550.05,13.16,0.7558,141051.55,3837.24,144888.79,0.9735,-
2025-09-29,4620.05,13.30,0.7756,143221.55,3837.24,147058.79,0.9739,-
2025-09-30,4640.69,13.32,0.7772,143861.39,3837.24,147698.63,0.9740,-
2025-10-09,4709.48,13.50,0.7970,145993.88,3837.24,149831.12,0.9744,-
2025-10-10,4616.83,13.36,0.7823,143121.73,3837.24,146958.97,0.9739,-
2025-10-13,4593.98,13.30,0.7745,142413.38,3837.24,146250.62,0.9738,-
2025-10-14,4539.06,13.26,0.7704,140710.86,3837.24,144548.10,0.9735,-
2025-10-15,4606.29,13.40,0.7886,142794.99,3837.24,146632.23,0.9738,-
2025-10-16,4618.42,13.50,0.7970,143171.02,3837.24,147008.26,0.9739,-
2025-10-17,4514.23,13.27,0.7706,139941.13,3837.24,143778.37,0.9733,-
2025-10-20,4538.22,13.33,0.7771,140684.82,3837.24,144522.06,0.9734,-
2025-10-21,4607.87,13.47,0.7961,142843.97,3837.24,146681.21,0.9738,-
2025-10-22,4592.57,13.47,0.7958,142369.67,3837.24,146206.91,0.9738,-
2025-10-23,4606.34,13.53,0.8001,142796.54,3837.24,146633.78,0.9738,-
2025-10-24,4660.68,13.62,0.8039,144481.08,3837.24,148318.32,0.9741,-
2025-10-27,4716.02,13.75,0.8153,146196.62,3837.24,150033.86,0.9744,-
2025-10-28,4691.97,13.70,0.8094,145451.07,3837.24,149288.31,0.9743,-
2025-10-29,4747.84,13.70,0.8091,147183.04,3837.24,151020.28,0.9746,-
2025-10-30,4709.91,13.57,0.8001,146007.21,3837.24,149844.45,0.9744,-
2025-10-31,4640.67,13.19,0.7541,143860.77,3837.24,147698.01,0.9740,-
2025-11-03,4653.40,13.28,0.7686,144255.40,3837.24,148092.64,0.9741,-
2025-11-04,4618.70,13.25,0.7645,143179.70,3837.24,147016.94,0.9739,-
2025-11-05,4627.26,13.26,0.7665,143445.06,3837.24,147282.30,0.9739,-
2025-11-06,4693.40,13.39,0.7831,145495.40,3837.24,149332.64,0.9743,-
2025-11-07,4678.79,13.35,0.7776,145042.49,3837.24,148879.73,0.9742,-
2025-11-10,4695.05,13.41,0.7878,145546.55,3837.24,149383.79,0.9743,-
2025-11-11,4652.17,13.33,0.7740,144217.27,3837.24,148054.51,0.9741,-
2025-11-12,4645.91,13.38,0.7812,144023.21,3837.24,147860.45,0.9740,-
2025-11-13,4702.07,13.46,0.7944,145764.17,3837.24,149601.41,0.9744,-
2025-11-14,4628.14,13.31,0.7705,143472.34,3837.24,147309.58,0.9740,-
2025-11-17,4598.05,13.20,0.7537,142539.55,3837.24,146376.79,0.9738,-
2025-11-18,4568.19,13.13,0.7432,141613.89,3837.24,145451.13,0.9736,-
2025-11-19,4588.29,13.23,0.7568,142236.99,3837.24,146074.23,0.9737,-
2025-11-20,4564.95,13.22,0.7562,141513.45,3837.24,145350.69,0.9736,-
2025-11-21,4453.61,12.98,0.7135,138061.91,3837.24,141899.15,0.9730,-
2025-11-24,4448.05,12.92,0.7024,137889.55,3837.24,141726.79,0.9729,-
2025-11-25,4490.40,13.02,0.7220,139202.40,3837.24,143039.64,0.9732,-
2025-11-26,4517.63,13.02,0.7217,140046.53,3837.24,143883.77,0.9733,-
2025-11-27,4515.40,13.05,0.7278,139977.40,3837.24,143814.64,0.9733,-
2025-11-28,4526.66,13.04,0.7260,140326.46,3837.24,144163.70,0.9734,-
2025-12-01,4576.49,13.14,0.7441,141871.19,3837.24,145708.43,0.9737,-
