日期,收盘价,估值指标,估值分位点,持仓市值,现金,总资产,仓位比例,目标仓位
2020-01-02,30.19,10.84,0.0000,0.00,100000.00,100000.00,0.0000,1.00
2020-01-03,30.60,10.99,0.5000,0.00,100000.00,100000.00,0.0000,0.50
2020-01-06,30.47,10.94,0.3333,49792.56,50268.40,100060.96,0.4976,0.70
2020-01-07,30.40,10.92,0.2500,69865.89,29873.59,99739.48,0.7005,0.70
2020-01-08,29.83,10.71,0.0000,68515.48,29903.83,98419.32,0.6962,1.00
2020-01-09,30.21,10.85,0.3333,69389.54,29903.83,99293.37,0.6988,0.70
2020-01-10,30.32,10.89,0.4286,69730.22,29813.20,99543.43,0.7005,0.50
2020-01-13,30.36,10.91,0.5000,49857.82,49883.74,99741.57,0.4999,0.50
2020-01-14,30.14,10.82,0.1111,49488.03,49883.74,99371.78,0.4980,1.00
2020-01-15,29.60,10.63,0.0000,48608.19,49883.74,98491.93,0.4935,1.00
2020-01-16,29.48,10.59,0.0000,48404.17,49883.74,98287.91,0.4925,1.00
2020-01-17,29.46,10.58,0.0000,48365.91,49883.74,98249.66,0.4923,1.00
2020-01-20,29.75,10.40,0.0000,48850.47,49883.74,98734.21,0.4948,1.00
2020-01-21,29.35,10.26,0.0000,97372.58,487.84,97860.42,0.9950,1.00
2020-01-22,29.37,10.27,0.0667,97919.80,19.39,97939.19,0.9998,1.00
2020-01-23,28.59,10.00,0.0000,95304.81,19.39,95324.20,0.9998,1.00
2020-02-03,27.20,9.51,0.0000,90696.21,19.39,90715.60,0.9998,1.00
2020-02-04,27.45,9.60,0.0556,91524.72,19.39,91544.11,0.9998,1.00
2020-02-05,27.46,9.60,0.1053,91550.61,19.39,91570.00,0.9998,1.00
2020-02-06,27.76,9.71,0.1500,92560.36,19.39,92579.75,0.9998,1.00
2020-02-07,27.51,9.62,0.1429,91705.96,19.39,91725.35,0.9998,1.00
2020-02-10,27.26,9.53,0.0455,90877.45,19.39,90896.84,0.9998,1.00
2020-02-11,27.62,9.66,0.2174,92094.32,19.39,92113.71,0.9998,0.70
2020-02-12,27.65,9.67,0.2500,64553.57,27558.86,92112.43,0.7008,0.70
2020-02-13,27.39,9.58,0.0800,63900.40,27614.04,91514.44,0.6983,1.00
2020-02-14,27.68,9.68,0.3077,92469.30,50.71,92520.01,0.9995,0.70
2020-02-17,28.09,9.82,0.3704,65727.60,27746.36,93473.96,0.7032,0.70
2020-02-18,27.72,9.70,0.3214,64596.29,28025.91,92622.20,0.6974,0.70
2020-02-19,27.59,9.70,0.3103,64509.42,27804.73,92314.15,0.6988,0.70
2020-02-20,27.94,9.77,0.4000,65438.22,27693.96,93132.17,0.7026,0.70
2020-02-21,27.68,9.68,0.2581,64598.43,27916.98,92515.41,0.6982,0.70
2020-02-24,27.22,9.52,0.0312,63665.13,27779.17,91444.30,0.6962,1.00
2020-02-25,26.89,9.40,0.0000,90332.89,204.56,90537.45,0.9977,1.00
2020-02-26,27.05,9.46,0.0294,91043.93,17.50,91061.43,0.9998,1.00
2020-02-27,27.35,9.56,0.1429,92063.37,17.50,92080.87,0.9998,1.00
2020-02-28,26.56,9.29,0.0000,89397.14,17.50,89414.64,0.9998,1.00
2020-03-02,26.99,9.44,0.0541,90834.81,17.50,90852.31,0.9998,1.00
2020-03-03,26.89,9.40,0.0263,90495.00,17.50,90512.50,0.9998,1.00
2020-03-04,27.01,9.45,0.1026,90913.23,17.50,90930.73,0.9998,1.00
2020-03-05,28.14,9.84,0.5750,94703.46,17.50,94720.96,0.9998,0.50
2020-03-06,27.50,9.62,0.3171,46307.51,46829.34,93136.84,0.4972,0.70
2020-03-09,26.54,9.28,0.0000,62907.70,28246.77,91154.47,0.6901,1.00
2020-03-10,26.93,9.42,0.0930,63827.94,28246.77,92074.71,0.6932,1.00
2020-03-11,26.75,9.36,0.0455,63404.63,28246.77,91651.40,0.6918,1.00
2020-03-12,26.53,9.28,0.0000,90857.72,86.48,90944.20,0.9990,1.00
2020-03-13,25.95,9.07,0.0000,88940.73,10.06,88950.79,0.9999,1.00
2020-03-16,24.59,8.60,0.0000,84308.68,10.06,84318.74,0.9999,1.00
2020-03-17,24.64,8.62,0.0208,84468.40,10.06,84478.46,0.9999,1.00
2020-03-18,23.93,8.37,0.0000,82045.89,10.06,82055.95,0.9999,1.00
2020-03-19,22.76,7.96,0.0000,78026.12,10.06,78036.18,0.9999,1.00
2020-03-20,24.10,8.43,0.0392,82631.56,10.06,82641.62,0.9999,1.00
2020-03-23,23.42,8.19,0.0192,80288.91,10.06,80298.97,0.9999,1.00
2020-03-24,24.47,8.56,0.0755,83882.74,10.06,83892.80,0.9999,1.00
2020-03-25,25.23,8.82,0.1296,86491.60,10.06,86501.66,0.9999,1.00
2020-03-26,25.41,8.89,0.1455,87103.88,10.06,87113.94,0.9999,1.00
2020-03-27,25.41,8.89,0.1429,87103.88,10.06,87113.94,0.9999,1.00
2020-03-30,25.36,8.87,0.1404,86917.54,10.06,86927.60,0.9999,1.00
2020-03-31,25.07,8.77,0.1207,85932.56,10.06,85942.62,0.9999,1.00
2020-04-01,24.95,8.73,0.1186,85533.24,10.06,85543.30,0.9999,1.00
2020-04-02,25.11,8.78,0.1500,86092.28,10.06,86102.35,0.9999,1.00
2020-04-03,24.97,8.73,0.1311,85586.49,10.06,85596.55,0.9999,1.00
2020-04-07,25.25,8.83,0.1935,86571.46,10.06,86581.52,0.9999,1.00
2020-04-08,25.02,8.75,0.1429,85772.83,10.06,85782.89,0.9999,1.00
2020-04-09,25.08,8.77,0.1719,85985.80,10.06,85995.86,0.9999,1.00
2020-04-10,24.93,8.72,0.1077,85453.38,10.06,85463.44,0.9999,1.00
2020-04-13,24.80,8.67,0.1061,85000.82,10.06,85010.88,0.9999,1.00
2020-04-14,25.40,8.88,0.2687,87077.26,10.06,87087.32,0.9999,0.70
2020-04-15,25.18,8.80,0.2206,60423.75,26025.98,86449.73,0.6989,0.70
2020-04-16,24.93,8.72,0.1159,59902.12,25950.96,85853.08,0.6977,1.00
2020-04-17,25.52,8.92,0.3286,61320.37,25950.96,87271.32,0.7026,0.70
2020-04-20,25.55,8.93,0.3380,61165.07,26180.82,87345.89,0.7003,0.70
2020-04-21,25.36,8.87,0.2639,60700.29,26180.82,86881.11,0.6987,0.70
2020-04-22,25.42,8.89,0.3288,60950.68,26080.02,87030.70,0.7003,0.70
2020-04-23,25.39,8.88,0.2838,60850.81,26105.50,86956.31,0.6998,0.70
2020-04-24,25.25,8.83,0.2400,60515.75,26105.50,86621.25,0.6986,0.70
2020-04-27,26.08,9.12,0.3947,62611.81,26003.77,88615.58,0.7066,0.70
2020-04-28,26.29,9.20,0.4026,62555.40,26577.78,89133.18,0.7018,0.50
2020-04-29,27.20,9.51,0.5385,46096.64,44583.79,90680.43,0.5083,0.50
2020-04-30,27.25,9.27,0.4051,45453.03,45320.76,90773.79,0.5007,0.50
2020-05-06,26.89,9.15,0.3875,44803.39,45374.39,90177.78,0.4968,0.70
2020-05-07,26.75,9.11,0.3704,62789.31,27075.35,89864.66,0.6987,0.70
2020-05-08,27.16,9.24,0.4146,63845.70,26967.34,90813.04,0.7030,0.50
2020-05-11,27.15,9.24,0.4096,45420.38,45384.01,90804.39,0.5002,0.50
2020-05-12,26.86,9.14,0.3810,44939.67,45384.01,90323.68,0.4975,0.70
2020-05-13,26.82,9.13,0.3765,63114.28,27217.46,90331.75,0.6987,0.70
2020-05-14,26.35,8.97,0.3372,62105.04,27110.63,89215.67,0.6961,0.70
2020-05-15,26.29,8.95,0.3333,62300.34,26765.45,89065.79,0.6995,0.70
2020-05-18,26.25,8.93,0.3182,62234.57,26739.34,88973.90,0.6995,0.70
2020-05-19,26.61,9.06,0.3596,63126.57,26712.62,89839.19,0.7027,0.70
2020-05-20,26.93,9.17,0.4333,63666.35,26925.52,90591.87,0.7028,0.50
2020-05-21,26.97,9.18,0.4396,45364.30,45413.77,90778.07,0.4997,0.50
2020-05-22,26.12,8.89,0.2826,43927.48,45413.77,89341.25,0.4917,0.70
2020-05-25,25.70,8.75,0.1290,61518.30,26657.74,88176.04,0.6977,1.00
2020-05-26,25.96,8.84,0.2234,62150.40,26657.74,88808.14,0.6998,0.70
2020-05-27,25.96,8.84,0.2211,62150.40,26657.74,88808.14,0.6998,0.70
2020-05-28,26.57,9.04,0.3750,63619.11,26657.74,90276.85,0.7047,0.70
2020-05-29,26.26,8.94,0.3505,62455.24,27078.44,89533.67,0.6976,0.70
2020-06-01,27.04,9.20,0.4898,64518.25,26866.27,91384.52,0.7060,0.50
2020-06-02,27.21,9.26,0.5152,45986.91,45539.48,91526.38,0.5024,0.50
2020-06-03,27.35,9.31,0.5600,46004.33,45759.70,91764.04,0.5013,0.50
2020-06-04,27.30,9.29,0.5545,45803.71,45869.97,91673.68,0.4996,0.50
2020-06-05,27.37,9.31,0.5686,45948.36,45842.56,91790.91,0.5006,0.50
2020-06-08,27.70,9.43,0.6117,46481.32,45870.16,92351.48,0.5033,0.20
2020-06-09,27.59,9.39,0.5769,18403.67,73826.79,92230.46,0.1995,0.50
2020-06-10,27.44,9.34,0.5619,45859.19,46037.56,91896.75,0.4990,0.50
2020-06-11,26.77,9.11,0.3868,44810.54,45955.53,90766.06,0.4937,0.70
2020-06-12,26.79,9.12,0.3925,63577.03,27503.95,91080.98,0.6980,0.70
2020-06-15,26.07,8.87,0.2315,62019.63,27345.34,89364.97,0.6940,0.70
2020-06-16,26.51,9.02,0.3486,63602.94,26817.24,90420.18,0.7034,0.70
2020-06-17,26.56,9.04,0.3545,63422.57,27107.66,90530.23,0.7006,0.70
2020-06-18,26.32,8.96,0.3333,62821.37,27133.97,89955.34,0.6984,0.70
2020-06-19,26.29,8.95,0.3304,62897.23,27002.72,89899.96,0.6996,0.70
2020-06-22,26.02,8.85,0.2035,62254.52,26976.58,89231.11,0.6977,0.70
2020-06-23,25.90,8.81,0.1579,62157.06,26795.55,88952.62,0.6988,1.00
2020-06-24,26.33,8.96,0.3565,63182.14,26795.55,89977.70,0.7022,0.70
2020-06-29,26.12,8.89,0.2931,62514.69,26981.29,89495.99,0.6985,0.70
2020-06-30,26.19,8.91,0.2991,62794.29,26849.85,89644.14,0.7005,0.70
2020-07-01,27.02,9.19,0.5000,64759.86,26876.09,91635.95,0.7067,0.50
2020-07-02,27.41,9.33,0.6050,46492.61,45737.88,92230.50,0.5041,0.20
2020-07-03,28.53,9.71,0.8333,19201.61,73859.52,93061.13,0.2063,0.00
2020-07-06,31.38,10.68,0.9174,0.00,93290.12,93290.12,0.0000,0.00
2020-07-07,31.89,10.85,0.9508,0.00,93290.12,93290.12,0.0000,0.00
2020-07-08,31.45,10.70,0.9106,0.00,93290.12,93290.12,0.0000,0.00
2020-07-09,30.99,10.55,0.8710,0.00,93290.12,93290.12,0.0000,0.00
2020-07-10,29.82,9.85,0.8320,0.00,93290.12,93290.12,0.0000,0.00
2020-07-13,29.86,9.86,0.8333,0.00,93290.12,93290.12,0.0000,0.00
2020-07-14,29.23,9.65,0.7323,0.00,93290.12,93290.12,0.0000,0.20
2020-07-15,28.71,9.48,0.6484,18317.79,74394.16,92711.95,0.1976,0.20
2020-07-16,28.50,9.41,0.6047,18384.50,74192.11,92576.61,0.1986,0.20
2020-07-17,28.89,9.54,0.6846,18747.93,74077.22,92825.16,0.2020,0.20
2020-07-20,29.84,9.85,0.8321,19187.24,74250.63,93437.88,0.2053,0.00
2020-07-21,29.50,9.74,0.7955,0.00,93436.92,93436.92,0.0000,0.20
2020-07-22,29.18,9.63,0.7218,18468.19,74795.48,93263.67,0.1980,0.20
2020-07-23,28.50,9.41,0.5821,18213.48,74621.67,92835.15,0.1962,0.50
2020-07-24,27.70,9.14,0.4148,45099.60,46509.88,91609.47,0.4923,0.50
2020-07-27,27.42,9.05,0.3529,45328.94,45810.48,91139.42,0.4974,0.70
2020-07-28,27.69,9.14,0.4088,64398.67,27133.46,91532.12,0.7036,0.50
2020-07-29,28.08,9.27,0.4928,46442.27,45694.78,92137.05,0.5041,0.50
2020-07-30,27.67,9.13,0.4029,45407.17,46059.57,91466.75,0.4964,0.50
2020-07-31,27.86,9.20,0.4643,46028.99,45754.83,91783.82,0.5015,0.50
2020-08-03,28.02,9.25,0.4894,46181.43,45867.56,92048.99,0.5017,0.50
2020-08-04,29.37,9.69,0.7746,48251.30,46008.23,94259.53,0.5119,0.20
2020-08-05,29.06,9.59,0.6993,18658.80,75179.53,93838.34,0.1988,0.20
2020-08-06,29.64,9.78,0.8194,19117.82,75092.03,94209.84,0.2029,0.00
2020-08-07,29.31,9.68,0.7517,0.00,94136.59,94136.59,0.0000,0.20
2020-08-10,29.62,9.78,0.8151,19018.62,75271.24,94289.85,0.2017,0.00
2020-08-11,30.06,9.92,0.8571,0.00,94366.00,94366.00,0.0000,0.00
2020-08-12,30.26,9.99,0.8581,0.00,94366.00,94366.00,0.0000,0.00
2020-08-13,29.89,9.87,0.8456,0.00,94366.00,94366.00,0.0000,0.00
2020-08-14,30.42,10.04,0.8667,0.00,94366.00,94366.00,0.0000,0.00
2020-08-17,31.27,10.32,0.8808,0.00,94366.00,94366.00,0.0000,0.00
2020-08-18,31.11,10.27,0.8684,0.00,94366.00,94366.00,0.0000,0.00
2020-08-19,30.70,10.14,0.8562,0.00,94366.00,94366.00,0.0000,0.00
2020-08-20,30.04,9.92,0.8247,0.00,94366.00,94366.00,0.0000,0.00
2020-08-21,30.24,9.98,0.8323,0.00,94366.00,94366.00,0.0000,0.00
2020-08-24,30.02,9.91,0.8141,0.00,94366.00,94366.00,0.0000,0.00
2020-08-25,30.09,9.93,0.8280,0.00,94366.00,94366.00,0.0000,0.00
2020-08-26,29.81,9.84,0.7785,0.00,94366.00,94366.00,0.0000,0.20
2020-08-27,29.54,9.75,0.7421,18701.32,75496.49,94197.81,0.1985,0.20
2020-08-28,30.78,10.16,0.8625,19610.02,75378.47,94988.49,0.2064,0.00
2020-08-31,30.18,10.33,0.8882,0.00,95013.00,95013.00,0.0000,0.00
2020-09-01,29.96,10.25,0.8580,0.00,95013.00,95013.00,0.0000,0.00
2020-09-02,29.78,10.19,0.8528,0.00,95013.00,95013.00,0.0000,0.00
2020-09-03,29.61,10.13,0.8354,0.00,95013.00,95013.00,0.0000,0.00
2020-09-04,29.46,10.08,0.8303,0.00,95013.00,95013.00,0.0000,0.00
2020-09-07,29.46,10.08,0.8253,0.00,95013.00,95013.00,0.0000,0.00
2020-09-08,30.10,10.30,0.8802,0.00,95013.00,95013.00,0.0000,0.00
2020-09-09,30.10,10.30,0.8810,0.00,95013.00,95013.00,0.0000,0.00
2020-09-10,30.18,10.33,0.8935,0.00,95013.00,95013.00,0.0000,0.00
2020-09-11,29.82,10.20,0.8412,0.00,95013.00,95013.00,0.0000,0.00
2020-09-14,29.90,10.23,0.8421,0.00,95013.00,95013.00,0.0000,0.00
2020-09-15,30.34,10.38,0.8953,0.00,95013.00,95013.00,0.0000,0.00
2020-09-16,30.47,10.43,0.9017,0.00,95013.00,95013.00,0.0000,0.00
2020-09-17,30.32,10.38,0.8851,0.00,95013.00,95013.00,0.0000,0.00
2020-09-18,31.22,10.68,0.9314,0.00,95013.00,95013.00,0.0000,0.00
2020-09-21,30.91,10.58,0.9034,0.00,95013.00,95013.00,0.0000,0.00
2020-09-22,30.33,10.38,0.8757,0.00,95013.00,95013.00,0.0000,0.00
2020-09-23,30.02,10.28,0.8371,0.00,95013.00,95013.00,0.0000,0.00
2020-09-24,29.67,10.15,0.7877,0.00,95013.00,95013.00,0.0000,0.20
2020-09-25,29.77,10.19,0.7944,19051.60,76001.44,95053.05,0.2004,0.20
2020-09-28,29.82,10.21,0.8066,19057.65,76031.23,95088.87,0.2004,0.00
2020-09-29,29.07,9.95,0.7308,0.00,95139.08,95139.08,0.0000,0.20
2020-09-30,28.82,9.86,0.6995,18850.48,76130.56,94981.04,0.1985,0.20
2020-10-09,28.97,9.91,0.7120,19089.57,75984.84,95074.41,0.2008,0.20
2020-10-12,30.07,10.29,0.8432,19757.55,76043.12,95800.67,0.2062,0.00
2020-10-13,30.26,10.35,0.8710,0.00,95757.61,95757.61,0.0000,0.00
2020-10-14,30.46,10.43,0.8930,0.00,95757.61,95757.61,0.0000,0.00
2020-10-15,31.23,10.69,0.9362,0.00,95757.61,95757.61,0.0000,0.00
2020-10-16,31.85,10.90,0.9735,0.00,95757.61,95757.61,0.0000,0.00
2020-10-19,32.02,10.96,0.9895,0.00,95757.61,95757.61,0.0000,0.00
2020-10-20,32.00,10.95,0.9843,0.00,95757.61,95757.61,0.0000,0.00
2020-10-21,32.67,11.18,0.9948,0.00,95757.61,95757.61,0.0000,0.00
2020-10-22,32.98,11.29,0.9948,0.00,95757.61,95757.61,0.0000,0.00
2020-10-23,33.00,11.29,0.9948,0.00,95757.61,95757.61,0.0000,0.00
2020-10-26,32.52,11.13,0.9795,0.00,95757.61,95757.61,0.0000,0.00
2020-10-27,32.39,11.08,0.9745,0.00,95757.61,95757.61,0.0000,0.00
2020-10-28,32.11,10.99,0.9645,0.00,95757.61,95757.61,0.0000,0.00
2020-10-29,32.18,11.01,0.9697,0.00,95757.61,95757.61,0.0000,0.00
2020-10-30,31.87,10.91,0.9347,0.00,95757.61,95757.61,0.0000,0.00
2020-11-02,32.23,11.01,0.9650,0.00,95757.61,95757.61,0.0000,0.00
2020-11-03,33.02,11.28,0.9851,0.00,95757.61,95757.61,0.0000,0.00
2020-11-04,34.37,11.74,0.9950,0.00,95757.61,95757.61,0.0000,0.00
2020-11-05,34.26,11.70,0.9901,0.00,95757.61,95757.61,0.0000,0.00
2020-11-06,34.01,11.62,0.9853,0.00,95757.61,95757.61,0.0000,0.00
2020-11-09,34.45,11.77,0.9951,0.00,95757.61,95757.61,0.0000,0.00
2020-11-10,35.00,11.95,0.9951,0.00,95757.61,95757.61,0.0000,0.00
2020-11-11,35.51,12.13,0.9952,0.00,95757.61,95757.61,0.0000,0.00
2020-11-12,34.89,11.92,0.9856,0.00,95757.61,95757.61,0.0000,0.00
2020-11-13,34.09,11.64,0.9665,0.00,95757.61,95757.61,0.0000,0.00
2020-11-16,34.43,11.76,0.9762,0.00,95757.61,95757.61,0.0000,0.00
2020-11-17,35.10,11.99,0.9905,0.00,95757.61,95757.61,0.0000,0.00
2020-11-18,35.83,12.24,0.9953,0.00,95757.61,95757.61,0.0000,0.00
2020-11-19,35.93,12.27,0.9953,0.00,95757.61,95757.61,0.0000,0.00
2020-11-20,36.07,12.32,0.9953,0.00,95757.61,95757.61,0.0000,0.00
2020-11-23,36.35,12.41,0.9953,0.00,95757.61,95757.61,0.0000,0.00
2020-11-24,35.93,12.27,0.9815,0.00,95757.61,95757.61,0.0000,0.00
2020-11-25,35.57,12.15,0.9724,0.00,95757.61,95757.61,0.0000,0.00
2020-11-26,36.10,12.33,0.9908,0.00,95757.61,95757.61,0.0000,0.00
2020-11-27,36.71,12.54,0.9954,0.00,95757.61,95757.61,0.0000,0.00
2020-11-30,35.39,12.09,0.9545,0.00,95757.61,95757.61,0.0000,0.00
2020-12-01,36.99,12.63,0.9955,0.00,95757.61,95757.61,0.0000,0.00
2020-12-02,37.47,12.80,0.9955,0.00,95757.61,95757.61,0.0000,0.00
2020-12-03,37.22,12.71,0.9910,0.00,95757.61,95757.61,0.0000,0.00
2020-12-04,36.65,12.52,0.9777,0.00,95757.61,95757.61,0.0000,0.00
2020-12-07,35.56,12.15,0.9422,0.00,95757.61,95757.61,0.0000,0.00
2020-12-08,35.44,12.10,0.9336,0.00,95757.61,95757.61,0.0000,0.00
2020-12-09,35.42,12.10,0.9295,0.00,95757.61,95757.61,0.0000,0.00
2020-12-10,35.45,12.11,0.9342,0.00,95757.61,95757.61,0.0000,0.00
2020-12-11,34.17,11.67,0.8865,0.00,95757.61,95757.61,0.0000,0.00
2020-12-14,35.52,12.13,0.9391,0.00,95757.61,95757.61,0.0000,0.00
2020-12-15,35.51,12.13,0.9307,0.00,95757.61,95757.61,0.0000,0.00
2020-12-16,35.28,12.05,0.9095,0.00,95757.61,95757.61,0.0000,0.00
2020-12-17,35.27,12.05,0.9056,0.00,95757.61,95757.61,0.0000,0.00
2020-12-18,34.51,11.79,0.8889,0.00,95757.61,95757.61,0.0000,0.00
2020-12-21,34.34,11.73,0.8723,0.00,95757.61,95757.61,0.0000,0.00
2020-12-22,33.56,11.46,0.8517,0.00,95757.61,95757.61,0.0000,0.00
2020-12-23,33.88,11.57,0.8523,0.00,95757.61,95757.61,0.0000,0.00
2020-12-24,34.08,11.64,0.8571,0.00,95757.61,95757.61,0.0000,0.00
2020-12-25,34.20,11.68,0.8661,0.00,95757.61,95757.61,0.0000,0.00
2020-12-28,34.46,11.77,0.8875,0.00,95757.61,95757.61,0.0000,0.00
2020-12-29,34.29,11.71,0.8672,0.00,95757.61,95757.61,0.0000,0.00
2020-12-30,34.47,11.77,0.8884,0.00,95757.61,95757.61,0.0000,0.00
2020-12-31,35.19,12.02,0.9053,0.00,95757.61,95757.61,0.0000,0.00
2021-01-04,34.56,11.80,0.8893,0.00,95757.61,95757.61,0.0000,0.00
2021-01-05,33.77,11.53,0.8245,0.00,95757.61,95757.61,0.0000,0.00
2021-01-06,35.35,12.07,0.9146,0.00,95757.61,95757.61,0.0000,0.00
2021-01-07,36.75,12.55,0.9838,0.00,95757.61,95757.61,0.0000,0.00
2021-01-08,37.31,12.74,0.9919,0.00,95757.61,95757.61,0.0000,0.00
2021-01-11,38.77,13.24,0.9960,0.00,95757.61,95757.61,0.0000,0.00
2021-01-12,39.79,13.59,0.9960,0.00,95757.61,95757.61,0.0000,0.00
2021-01-13,39.55,13.51,0.9920,0.00,95757.61,95757.61,0.0000,0.00
2021-01-14,39.27,13.41,0.9881,0.00,95757.61,95757.61,0.0000,0.00
2021-01-15,40.95,13.25,0.9842,0.00,95757.61,95757.61,0.0000,0.00
2021-01-18,41.57,13.45,0.9882,0.00,95757.61,95757.61,0.0000,0.00
2021-01-19,41.51,13.43,0.9843,0.00,95757.61,95757.61,0.0000,0.00
2021-01-20,41.41,13.40,0.9766,0.00,95757.61,95757.61,0.0000,0.00
2021-01-21,42.15,13.64,0.9961,0.00,95757.61,95757.61,0.0000,0.00
2021-01-22,41.35,13.38,0.9690,0.00,95757.61,95757.61,0.0000,0.00
2021-01-25,41.72,13.50,0.9846,0.00,95757.61,95757.61,0.0000,0.00
2021-01-26,41.15,13.32,0.9615,0.00,95757.61,95757.61,0.0000,0.00
2021-01-27,41.63,13.47,0.9808,0.00,95757.61,95757.61,0.0000,0.00
2021-01-28,41.32,13.37,0.9580,0.00,95757.61,95757.61,0.0000,0.00
2021-01-29,40.91,13.24,0.9430,0.00,95757.61,95757.61,0.0000,0.00
2021-02-01,41.95,13.58,0.9886,0.00,95757.61,95757.61,0.0000,0.00
2021-02-02,41.61,13.46,0.9736,0.00,95757.61,95757.61,0.0000,0.00
2021-02-03,42.47,13.74,0.9962,0.00,95757.61,95757.61,0.0000,0.00
2021-02-04,42.83,13.86,0.9963,0.00,95757.61,95757.61,0.0000,0.00
2021-02-05,43.83,14.18,0.9963,0.00,95757.61,95757.61,0.0000,0.00
2021-02-08,44.24,14.32,0.9963,0.00,95757.61,95757.61,0.0000,0.00
2021-02-09,44.24,14.32,0.9926,0.00,95757.61,95757.61,0.0000,0.00
2021-02-10,43.68,14.13,0.9852,0.00,95757.61,95757.61,0.0000,0.00
2021-02-18,44.59,14.43,0.9963,0.00,95757.61,95757.61,0.0000,0.00
2021-02-19,44.20,14.30,0.9853,0.00,95757.61,95757.61,0.0000,0.00
2021-02-22,43.40,14.04,0.9745,0.00,95757.61,95757.61,0.0000,0.00
2021-02-23,44.48,14.39,0.9927,0.00,95757.61,95757.61,0.0000,0.00
2021-02-24,42.91,13.89,0.9674,0.00,95757.61,95757.61,0.0000,0.00
2021-02-25,43.60,14.11,0.9711,0.00,95757.61,95757.61,0.0000,0.00
2021-02-26,40.91,13.24,0.8921,0.00,95757.61,95757.61,0.0000,0.00
2021-03-01,40.34,13.06,0.8889,0.00,95757.61,95757.61,0.0000,0.00
2021-03-02,39.67,12.84,0.8857,0.00,95757.61,95757.61,0.0000,0.00
2021-03-03,42.25,13.67,0.9537,0.00,95757.61,95757.61,0.0000,0.00
2021-03-04,41.95,13.58,0.9397,0.00,95757.61,95757.61,0.0000,0.00
2021-03-05,41.15,13.32,0.8975,0.00,95757.61,95757.61,0.0000,0.00
2021-03-08,39.98,12.94,0.8768,0.00,95757.61,95757.61,0.0000,0.00
2021-03-09,38.83,12.57,0.8561,0.00,95757.61,95757.61,0.0000,0.00
2021-03-10,39.43,12.76,0.8671,0.00,95757.61,95757.61,0.0000,0.00
2021-03-11,41.61,13.46,0.9233,0.00,95757.61,95757.61,0.0000,0.00
2021-03-12,42.69,13.81,0.9583,0.00,95757.61,95757.61,0.0000,0.00
2021-03-15,42.52,13.76,0.9550,0.00,95757.61,95757.61,0.0000,0.00
2021-03-16,43.49,14.07,0.9690,0.00,95757.61,95757.61,0.0000,0.00
2021-03-17,42.75,13.84,0.9553,0.00,95757.61,95757.61,0.0000,0.00
2021-03-18,43.43,14.05,0.9658,0.00,95757.61,95757.61,0.0000,0.00
2021-03-19,41.44,13.41,0.8942,0.00,95757.61,95757.61,0.0000,0.00
2021-03-22,43.06,13.93,0.9592,0.00,95757.61,95757.61,0.0000,0.00
2021-03-23,42.82,13.86,0.9492,0.00,95757.61,95757.61,0.0000,0.00
2021-03-24,41.79,13.52,0.9155,0.00,95757.61,95757.61,0.0000,0.00
2021-03-25,40.84,13.22,0.8519,0.00,95757.61,95757.61,0.0000,0.00
2021-03-26,41.31,13.37,0.8725,0.00,95757.61,95757.61,0.0000,0.00
2021-03-29,40.79,13.20,0.8462,0.00,95757.61,95757.61,0.0000,0.00
2021-03-30,41.28,13.36,0.8700,0.00,95757.61,95757.61,0.0000,0.00
2021-03-31,40.91,13.24,0.8472,0.00,95757.61,95757.61,0.0000,0.00
2021-04-01,40.87,13.23,0.8444,0.00,95757.61,95757.61,0.0000,0.00
2021-04-02,40.79,13.20,0.8383,0.00,95757.61,95757.61,0.0000,0.00
2021-04-06,40.83,13.21,0.8388,0.00,95757.61,95757.61,0.0000,0.00
2021-04-07,40.38,13.07,0.8295,0.00,95757.61,95757.61,0.0000,0.00
2021-04-08,40.43,13.08,0.8301,0.00,95757.61,95757.61,0.0000,0.00
2021-04-09,40.23,13.02,0.8208,0.00,95757.61,95757.61,0.0000,0.00
2021-04-12,40.40,13.07,0.8279,0.00,95757.61,95757.61,0.0000,0.00
2021-04-13,40.29,13.04,0.8188,0.00,95757.61,95757.61,0.0000,0.00
2021-04-14,39.79,12.88,0.8097,0.00,95757.61,95757.61,0.0000,0.00
2021-04-15,39.58,12.81,0.8039,0.00,95757.61,95757.61,0.0000,0.00
2021-04-16,39.82,12.89,0.8109,0.00,95757.61,95757.61,0.0000,0.00
2021-04-19,41.45,13.41,0.8946,0.00,95757.61,95757.61,0.0000,0.00
2021-04-20,41.63,13.47,0.9076,0.00,95757.61,95757.61,0.0000,0.00
2021-04-21,42.35,13.70,0.9365,0.00,95757.61,95757.61,0.0000,0.00
2021-04-22,42.12,13.63,0.9272,0.00,95757.61,95757.61,0.0000,0.00
2021-04-23,42.67,13.81,0.9432,0.00,95757.61,95757.61,0.0000,0.00
2021-04-26,41.69,12.93,0.7987,0.00,95757.61,95757.61,0.0000,0.20
2021-04-27,41.69,12.93,0.7962,19135.62,76665.14,95800.75,0.1997,0.20
2021-04-28,41.44,12.85,0.7875,19021.69,76665.14,95686.83,0.1988,0.20
2021-04-29,42.66,13.23,0.8380,19665.60,76581.86,96247.47,0.2043,0.00
2021-04-30,42.19,13.09,0.8199,0.00,96069.33,96069.33,0.0000,0.00
2021-05-06,42.97,13.33,0.8607,0.00,96069.33,96069.33,0.0000,0.00
2021-05-07,43.38,13.45,0.8920,0.00,96069.33,96069.33,0.0000,0.00
2021-05-10,43.15,13.38,0.8708,0.00,96069.33,96069.33,0.0000,0.00
2021-05-11,43.11,13.37,0.8620,0.00,96069.33,96069.33,0.0000,0.00
2021-05-12,42.99,13.33,0.8532,0.00,96069.33,96069.33,0.0000,0.00
2021-05-13,42.59,13.21,0.8140,0.00,96069.33,96069.33,0.0000,0.00
2021-05-14,44.02,13.65,0.9301,0.00,96069.33,96069.33,0.0000,0.00
2021-05-17,44.56,13.82,0.9485,0.00,96069.33,96069.33,0.0000,0.00
2021-05-18,44.80,13.89,0.9607,0.00,96069.33,96069.33,0.0000,0.00
2021-05-19,43.88,13.61,0.9157,0.00,96069.33,96069.33,0.0000,0.00
2021-05-20,44.41,13.77,0.9369,0.00,96069.33,96069.33,0.0000,0.00
2021-05-21,43.32,13.44,0.8743,0.00,96069.33,96069.33,0.0000,0.00
2021-05-24,43.30,13.43,0.8687,0.00,96069.33,96069.33,0.0000,0.00
2021-05-25,46.08,14.29,0.9821,0.00,96069.33,96069.33,0.0000,0.00
2021-05-26,46.84,14.53,0.9970,0.00,96069.33,96069.33,0.0000,0.00
2021-05-27,46.40,14.39,0.9882,0.00,96069.33,96069.33,0.0000,0.00
2021-05-28,46.84,14.53,0.9941,0.00,96069.33,96069.33,0.0000,0.00
2021-05-31,46.59,14.45,0.9912,0.00,96069.33,96069.33,0.0000,0.00
2021-06-01,45.93,14.24,0.9677,0.00,96069.33,96069.33,0.0000,0.00
2021-06-02,46.10,14.30,0.9708,0.00,96069.33,96069.33,0.0000,0.00
2021-06-03,45.06,13.98,0.9446,0.00,96069.33,96069.33,0.0000,0.00
2021-06-04,46.06,14.29,0.9651,0.00,96069.33,96069.33,0.0000,0.00
2021-06-07,45.64,14.15,0.9565,0.00,96069.33,96069.33,0.0000,0.00
2021-06-08,45.40,14.08,0.9480,0.00,96069.33,96069.33,0.0000,0.00
2021-06-09,45.21,14.02,0.9366,0.00,96069.33,96069.33,0.0000,0.00
2021-06-10,45.12,13.99,0.9339,0.00,96069.33,96069.33,0.0000,0.00
2021-06-11,45.10,13.99,0.9312,0.00,96069.33,96069.33,0.0000,0.00
2021-06-15,43.88,13.61,0.8743,0.00,96069.33,96069.33,0.0000,0.00
2021-06-16,44.52,13.81,0.9003,0.00,96069.33,96069.33,0.0000,0.00
2021-06-17,44.13,13.69,0.8864,0.00,96069.33,96069.33,0.0000,0.00
2021-06-18,43.79,13.58,0.8640,0.00,96069.33,96069.33,0.0000,0.00
2021-06-21,42.99,13.33,0.7910,0.00,96069.33,96069.33,0.0000,0.20
2021-06-22,44.40,13.77,0.8958,19804.18,76835.53,96639.71,0.2049,0.00
2021-06-23,43.89,13.61,0.8708,0.00,96610.15,96610.15,0.0000,0.00
2021-06-24,44.04,13.66,0.8796,0.00,96610.15,96610.15,0.0000,0.00
2021-06-25,45.16,14.01,0.9358,0.00,96610.15,96610.15,0.0000,0.00
2021-06-28,43.80,13.58,0.8552,0.00,96610.15,96610.15,0.0000,0.00
2021-06-29,43.07,13.36,0.7861,0.00,96610.15,96610.15,0.0000,0.20
2021-06-30,43.39,13.46,0.8255,19437.45,77275.75,96713.21,0.2010,0.00
2021-07-01,44.84,13.91,0.9227,0.00,96719.41,96719.41,0.0000,0.00
2021-07-02,42.47,13.17,0.7300,0.00,96719.41,96719.41,0.0000,0.20
2021-07-05,42.39,13.15,0.7280,19285.79,77432.65,96718.44,0.1994,0.20
2021-07-06,42.87,13.30,0.7644,19547.24,77390.21,96937.45,0.2016,0.20
2021-07-07,42.78,13.27,0.7623,19378.74,77518.23,96896.97,0.2000,0.20
2021-07-08,40.31,12.50,0.6567,18261.64,77518.23,95779.87,0.1907,0.20
2021-07-09,39.95,12.39,0.6522,18977.38,76631.31,95608.69,0.1985,0.20
2021-07-12,40.35,12.52,0.6585,19288.60,76509.76,95798.36,0.2013,0.20
2021-07-13,41.03,12.41,0.6514,19487.31,76631.68,96118.99,0.2027,0.20
2021-07-14,40.19,12.16,0.6334,18848.40,76876.98,95725.38,0.1969,0.20
2021-07-15,41.91,12.68,0.6747,19950.40,76595.36,96545.77,0.2066,0.20
2021-07-16,41.87,12.66,0.6729,19302.79,77220.45,96523.24,0.2000,0.20
2021-07-19,41.73,12.62,0.6684,19238.45,77220.45,96458.90,0.1994,0.20
2021-07-20,40.98,12.39,0.6453,18931.22,77179.03,96110.24,0.1970,0.20
2021-07-21,40.80,12.34,0.6410,19137.19,76891.54,96028.74,0.1993,0.20
2021-07-22,41.26,12.48,0.6525,19390.23,76850.75,96240.97,0.2015,0.20
2021-07-23,41.09,12.43,0.6508,19189.78,76974.70,96164.48,0.1996,0.20
2021-07-26,39.16,11.84,0.5778,18327.92,76933.96,95261.88,0.1924,0.50
2021-07-27,37.91,11.46,0.5316,46093.79,47669.86,93763.65,0.4916,0.50
2021-07-28,38.97,11.79,0.5748,48171.11,46909.40,95080.52,0.5066,0.50
2021-07-29,39.37,11.91,0.5812,48028.32,47542.54,95570.86,0.5025,0.50
2021-07-30,38.18,11.55,0.5326,46346.89,47777.74,94124.64,0.4924,0.50
2021-08-02,39.17,11.85,0.5807,48257.98,47086.09,95344.06,0.5061,0.50
2021-08-03,39.07,11.82,0.5766,47589.59,47633.18,95222.77,0.4998,0.50
2021-08-04,38.59,11.67,0.5440,46999.60,47633.18,94632.78,0.4967,0.50
2021-08-05,38.38,11.61,0.5323,47056.66,47326.57,94383.23,0.4986,0.50
2021-08-06,39.07,11.82,0.5773,48019.38,47212.11,95231.49,0.5042,0.50
2021-08-09,40.28,12.18,0.6324,49099.86,47602.72,96702.58,0.5077,0.20
2021-08-10,41.22,12.47,0.6615,19828.24,77339.11,97167.35,0.2041,0.20
2021-08-11,41.79,12.64,0.6854,19724.63,77710.10,97434.72,0.2024,0.20
2021-08-12,41.61,12.58,0.6786,19431.33,77918.21,97349.54,0.1996,0.20
2021-08-13,42.02,12.71,0.6921,19623.03,77918.21,97541.25,0.2012,0.20
2021-08-16,41.76,11.80,0.5660,19420.65,78002.28,97422.93,0.1993,0.50
2021-08-17,40.74,11.51,0.5139,47501.17,48723.67,96224.84,0.4936,0.50
2021-08-18,43.63,12.33,0.6389,51525.29,48108.01,99633.29,0.5171,0.20
2021-08-19,42.35,11.97,0.5869,19352.92,79491.39,98844.31,0.1958,0.50
2021-08-20,41.90,11.84,0.5729,48892.86,49329.71,98222.57,0.4978,0.50
2021-08-23,42.60,12.04,0.5940,49929.85,49118.37,99048.22,0.5041,0.50
2021-08-24,42.86,12.11,0.6125,49842.43,49502.74,99345.16,0.5017,0.20
2021-08-25,42.22,11.93,0.5810,19592.21,79676.19,99268.40,0.1974,0.50
2021-08-26,40.72,11.51,0.5050,47848.52,49361.12,97209.64,0.4922,0.50
2021-08-27,41.34,11.68,0.5310,49316.12,48626.60,97942.72,0.5035,0.50
2021-08-30,39.78,11.24,0.4901,47136.91,48957.29,96094.20,0.4905,0.50
2021-08-31,40.20,11.36,0.4988,48517.42,48082.13,96599.55,0.5023,0.50
2021-09-01,41.70,11.78,0.5567,50122.38,48282.78,98405.15,0.5093,0.50
2021-09-02,42.36,11.97,0.5921,49989.72,49198.30,99188.02,0.5040,0.50
2021-09-03,42.69,12.06,0.6054,49993.00,49580.30,99573.30,0.5021,0.20
2021-09-06,42.04,11.88,0.5770,19630.70,79351.17,98981.87,0.1983,0.50
2021-09-07,43.36,12.25,0.6415,51031.88,49451.82,100483.70,0.5079,0.20
2021-09-08,43.03,12.16,0.6350,19965.54,80311.55,100277.10,0.1991,0.20
2021-09-09,42.77,12.09,0.6092,19933.00,80226.00,100159.00,0.1990,0.20
2021-09-10,44.43,12.56,0.6877,20794.70,80140.61,100935.31,0.2060,0.20
2021-09-13,44.27,12.51,0.6763,20142.36,80713.41,100855.77,0.1997,0.20
2021-09-14,42.77,12.09,0.6048,19462.48,80713.41,100175.89,0.1943,0.20
2021-09-15,42.20,11.93,0.5745,19749.58,80158.38,99907.96,0.1977,0.50
2021-09-16,41.63,11.76,0.5348,49242.68,50083.69,99326.37,0.4958,0.50
2021-09-17,42.08,11.89,0.5694,50197.64,49666.76,99864.40,0.5027,0.50
2021-09-22,40.57,11.46,0.4869,48152.02,49906.55,98058.58,0.4911,0.50
2021-09-23,40.10,11.33,0.4810,48438.60,49053.07,97491.67,0.4968,0.50
2021-09-24,40.04,11.31,0.4798,48649.46,48774.61,97424.07,0.4994,0.50
2021-09-27,40.30,11.39,0.4858,49008.97,48734.96,97743.93,0.5014,0.50
2021-09-28,41.40,11.70,0.5248,50212.59,48855.89,99068.48,0.5068,0.50
2021-09-29,42.33,11.96,0.5873,50670.60,49512.01,100182.61,0.5058,0.50
2021-09-30,41.42,11.70,0.5271,49041.29,50060.58,99101.87,0.4949,0.50
2021-10-08,41.81,11.82,0.5587,50009.65,49567.75,99577.40,0.5022,0.50
2021-10-11,43.51,12.30,0.6557,51824.68,49778.91,101603.58,0.5101,0.20
2021-10-12,43.59,12.32,0.6565,20355.35,81102.85,101458.20,0.2006,0.20
2021-10-13,43.54,12.30,0.6550,20288.81,81146.32,101435.13,0.2000,0.20
2021-10-14,42.99,12.15,0.6326,20032.47,81146.32,101178.79,0.1980,0.20
2021-10-15,43.77,12.37,0.6682,20571.01,80974.06,101545.07,0.2026,0.20
2021-10-18,42.58,12.03,0.5926,19798.60,81192.89,100991.49,0.1960,0.50
2021-10-19,43.42,12.27,0.6467,51446.85,50304.91,101751.76,0.5056,0.20
2021-10-20,43.02,12.16,0.6359,20176.84,81582.52,101759.36,0.1983,0.20
2021-10-21,44.13,12.47,0.6851,20873.18,81408.95,102282.13,0.2041,0.20
2021-10-22,44.57,12.60,0.7087,20681.73,81808.61,102490.34,0.2018,0.20
2021-10-25,44.82,12.04,0.5904,20616.74,81985.38,102602.12,0.2009,0.50
2021-10-26,45.40,12.20,0.6393,51939.78,51327.66,103267.44,0.5030,0.20
2021-10-27,44.76,12.02,0.5831,20366.49,82551.44,102917.94,0.1979,0.50
2021-10-28,44.52,11.96,0.5705,51147.98,51610.75,102758.74,0.4977,0.50
2021-10-29,44.31,11.90,0.5578,51133.70,51388.17,102521.87,0.4988,0.50
2021-11-01,44.43,11.94,0.5679,51364.68,51299.49,102664.18,0.5003,0.50
2021-11-02,42.90,11.52,0.4763,49589.89,51299.49,100889.38,0.4915,0.50
2021-11-03,42.45,11.40,0.4640,49874.37,50482.83,100357.20,0.4970,0.50
2021-11-04,42.49,11.41,0.4652,50220.01,50183.97,100403.98,0.5002,0.50
2021-11-05,42.33,11.37,0.4596,50035.63,50183.97,100219.60,0.4993,0.50
2021-11-08,42.12,11.31,0.4519,49825.43,50141.84,99967.27,0.4984,0.50
2021-11-09,41.92,11.26,0.4442,49718.09,50015.23,99733.32,0.4985,0.50
2021-11-10,41.57,11.17,0.4388,49424.10,49889.46,99313.56,0.4977,0.50
2021-11-11,43.37,11.65,0.5000,51778.77,49681.94,101460.71,0.5103,0.50
2021-11-12,43.02,11.56,0.4878,50334.54,50722.67,101057.21,0.4981,0.50
2021-11-15,43.46,11.67,0.5066,51017.48,50549.29,101566.77,0.5023,0.50
2021-11-16,43.10,11.58,0.4901,50387.50,50766.44,101153.94,0.4981,0.50
2021-11-17,42.56,11.43,0.4670,49924.30,50594.94,100519.24,0.4967,0.50
2021-11-18,42.21,11.34,0.4549,49805.65,50297.22,100102.87,0.4975,0.50
2021-11-19,42.96,11.54,0.4846,50911.75,50085.89,100997.64,0.5041,0.50
2021-11-22,42.44,11.40,0.4617,49907.16,50470.84,100378.00,0.4972,0.50
2021-11-23,42.49,11.41,0.4651,50220.01,50215.90,100435.91,0.5000,0.50
2021-11-24,42.48,11.41,0.4641,50210.31,50215.90,100426.21,0.5000,0.50
2021-11-25,42.22,11.34,0.4522,49899.77,50215.90,100115.67,0.4984,0.50
2021-11-26,41.13,11.05,0.4230,48742.19,50089.79,98831.98,0.4932,0.50
2021-11-29,40.90,10.99,0.4134,49124.22,49435.84,98560.06,0.4984,0.50
2021-11-30,40.63,10.91,0.4039,48920.73,49313.96,98234.69,0.4980,0.50
2021-12-01,41.04,11.02,0.4246,49579.15,49151.46,98730.60,0.5022,0.50
2021-12-02,41.78,11.22,0.4366,50262.84,49356.74,99619.58,0.5045,0.50
2021-12-03,42.08,11.30,0.4485,50197.64,49776.01,99973.65,0.5021,0.50
2021-12-06,42.54,11.43,0.4775,50543.21,49987.37,100530.58,0.5028,0.50
2021-12-07,42.56,11.43,0.4786,50307.35,50244.94,100552.29,0.5003,0.50
2021-12-08,42.73,11.48,0.4883,50501.44,50244.94,100746.38,0.5013,0.50
2021-12-09,43.62,11.72,0.5383,51428.35,50373.63,101801.98,0.5052,0.50
2021-12-10,43.92,11.80,0.5605,51249.83,50894.78,102144.61,0.5017,0.50
2021-12-13,43.04,11.56,0.5021,50052.49,51070.66,101123.16,0.4950,0.50
2021-12-14,41.99,11.28,0.4376,49301.79,50598.13,99899.92,0.4935,0.50
2021-12-15,41.87,11.25,0.4325,49785.29,49970.03,99755.31,0.4991,0.50
2021-12-16,42.04,11.29,0.4421,50064.59,49886.43,99951.02,0.5009,0.50
2021-12-17,41.68,11.20,0.4265,49560.76,49970.31,99531.08,0.4979,0.50
2021-12-20,41.62,11.18,0.4256,49649.14,49803.80,99452.94,0.4992,0.50
2021-12-21,41.57,11.17,0.4205,49631.94,49762.22,99394.16,0.4993,0.50
2021-12-22,41.06,11.03,0.4134,49065.22,49720.65,98785.87,0.4967,0.50
2021-12-23,41.23,11.08,0.4167,49559.87,49432.65,98992.52,0.5006,0.50
2021-12-24,40.94,11.00,0.4054,49163.67,49473.88,98637.54,0.4984,0.50
2021-12-27,40.50,10.88,0.3797,48762.57,49351.04,98113.61,0.4970,0.70
2021-12-28,40.75,10.95,0.3954,69065.79,29464.31,98530.10,0.7010,0.70
2021-12-29,39.10,10.50,0.3492,66190.45,29545.87,95736.32,0.6914,0.70
2021-12-30,39.82,10.70,0.3670,68249.82,28720.14,96969.97,0.7038,0.70
2021-12-31,39.99,10.74,0.3724,68185.42,29078.79,97264.21,0.7010,0.70
2022-01-04,39.70,10.66,0.3593,67602.09,29158.77,96760.86,0.6987,0.70
2022-01-05,40.27,10.82,0.3750,68701.63,29039.33,97740.96,0.7029,0.70
2022-01-06,39.53,10.62,0.3558,67164.32,29319.89,96484.22,0.6961,0.70
2022-01-07,40.27,10.82,0.3755,68782.17,28964.16,97746.33,0.7037,0.70
2022-01-10,40.42,10.86,0.3870,68711.23,29289.07,98000.30,0.7011,0.70
2022-01-11,40.93,10.99,0.4167,69494.72,29370.33,98865.05,0.7029,0.50
2022-01-12,40.85,10.97,0.4097,49351.04,49431.80,98782.83,0.4996,0.50
2022-01-13,40.51,10.88,0.3887,48934.49,49431.80,98366.29,0.4975,0.70
2022-01-14,39.42,10.59,0.3515,66982.99,29488.63,96471.62,0.6943,0.70
2022-01-17,39.88,10.22,0.3024,68282.63,28972.35,97254.98,0.7021,0.70
2022-01-18,40.24,10.31,0.3219,68685.84,29172.05,97857.89,0.7019,0.70
2022-01-19,40.80,10.45,0.3434,69489.63,29334.50,98824.13,0.7032,0.70
2022-01-20,42.18,10.80,0.3768,71529.37,29621.15,101150.52,0.7072,0.70
2022-01-21,42.54,10.90,0.3980,71432.70,30338.37,101771.08,0.7019,0.70
2022-01-24,42.57,10.90,0.4012,71303.78,30508.97,101812.75,0.7003,0.50
2022-01-25,41.79,10.70,0.3705,49980.19,50780.73,100760.93,0.4960,0.70
2022-01-26,41.87,10.73,0.3738,70637.32,30119.98,100757.31,0.7011,0.70
2022-01-27,41.68,10.68,0.3591,70235.40,30203.56,100438.96,0.6993,0.70
2022-01-28,40.40,10.35,0.3248,68117.69,30161.64,98279.33,0.6931,0.70
2022-02-07,42.16,10.80,0.3794,71754.47,29500.86,101255.33,0.7086,0.70
2022-02-08,42.45,10.87,0.3964,71408.43,30347.28,101755.71,0.7018,0.70
2022-02-09,42.38,10.86,0.3937,71114.63,30517.71,101632.34,0.6997,0.70
2022-02-10,42.45,10.87,0.3969,71238.62,30517.71,101756.33,0.7001,0.70
2022-02-11,43.32,11.10,0.4529,72685.15,30517.71,103202.87,0.7043,0.50
2022-02-14,42.04,10.77,0.3757,50106.63,51660.27,101766.90,0.4924,0.70
2022-02-15,41.23,10.56,0.3418,69845.61,30660.30,100505.91,0.6949,0.70
2022-02-16,41.93,10.74,0.3743,71530.93,30162.15,101693.08,0.7034,0.70
2022-02-17,42.25,10.82,0.3872,71739.19,30498.88,102238.07,0.7017,0.70
2022-02-18,42.74,10.95,0.4272,72404.66,30667.18,103071.85,0.7025,0.50
2022-02-21,42.50,10.89,0.4070,51249.61,51432.01,102681.62,0.4991,0.50
2022-02-22,42.05,10.77,0.3772,50799.04,51348.13,102147.17,0.4973,0.70
2022-02-23,41.73,10.69,0.3610,70944.38,30560.47,101504.85,0.6989,0.70
2022-02-24,41.07,10.52,0.3353,69895.98,30477.46,100373.44,0.6964,0.70
2022-02-25,40.89,10.48,0.3327,69929.69,30148.78,100078.47,0.6987,0.70
2022-02-28,40.89,10.47,0.3321,70038.31,30026.63,100064.94,0.6999,0.70
2022-03-01,41.25,10.57,0.3429,70657.13,30026.63,100683.76,0.7018,0.70
2022-03-02,40.62,10.40,0.3231,69411.74,30190.17,99601.91,0.6969,0.70
2022-03-03,40.83,10.46,0.3321,70062.35,29905.21,99967.57,0.7009,0.70
2022-03-04,39.98,10.24,0.2895,68531.27,29986.08,98517.34,0.6956,0.70
2022-03-07,38.39,9.83,0.2338,66185.18,29591.89,95777.07,0.6910,0.70
2022-03-08,37.34,9.56,0.1860,65194.91,28750.87,93945.78,0.6940,1.00
2022-03-09,36.44,9.34,0.1515,63632.41,28750.87,92383.28,0.6888,1.00
2022-03-10,36.70,9.40,0.1588,64076.79,28750.87,92827.66,0.6903,1.00
2022-03-11,36.49,9.35,0.1547,92293.17,142.54,92435.72,0.9985,1.00
2022-03-14,34.61,8.86,0.0471,87621.41,35.40,87656.81,0.9996,1.00
2022-03-15,32.39,8.30,0.0038,82041.04,1.23,82042.28,1.0000,1.00
2022-03-16,34.96,8.95,0.0826,88550.26,1.23,88551.49,1.0000,1.00
2022-03-17,36.54,9.36,0.1629,92563.92,1.23,92565.16,1.0000,1.00
2022-03-18,37.91,9.71,0.2318,96016.10,1.23,96017.33,1.0000,0.70
2022-03-21,36.79,9.42,0.1772,65264.58,28596.03,93860.61,0.6953,1.00
2022-03-22,37.38,9.58,0.2011,66313.24,28596.03,94909.27,0.6987,0.70
2022-03-23,37.57,9.62,0.2138,66760.94,28483.49,95244.43,0.7009,0.70
2022-03-24,37.58,9.63,0.2152,66700.37,28558.37,95258.74,0.7002,0.70
2022-03-25,37.09,9.50,0.1870,65840.57,28558.37,94398.93,0.6975,1.00
2022-03-28,36.99,9.47,0.1848,94093.77,246.88,94340.65,0.9974,1.00
2022-03-29,36.95,9.47,0.1845,94231.95,24.46,94256.41,0.9997,1.00
2022-03-30,37.96,9.72,0.2449,96786.11,24.46,96810.57,0.9997,0.70
2022-03-31,38.42,9.84,0.2629,68624.04,28870.35,97494.39,0.7039,0.70
2022-04-01,38.67,9.91,0.2734,68715.91,29213.86,97929.77,0.7017,0.70
2022-04-06,38.91,9.97,0.2857,68983.37,29366.23,98349.60,0.7014,0.70
2022-04-07,38.47,9.85,0.2669,68096.46,29482.85,97579.31,0.6979,0.70
2022-04-08,38.74,9.92,0.2828,68755.16,29291.13,98046.29,0.7013,0.70
2022-04-11,37.68,9.65,0.2222,66776.77,29406.17,96182.94,0.6943,0.70
2022-04-12,37.52,9.61,0.2109,67011.08,28875.12,95886.20,0.6989,0.70
2022-04-13,37.56,9.62,0.2160,67159.52,28800.07,95959.59,0.6999,0.70
2022-04-14,37.57,9.62,0.2174,67174.20,28800.07,95974.27,0.6999,0.70
2022-04-15,38.45,9.85,0.2694,68744.93,28800.07,97545.00,0.7048,0.70
2022-04-18,35.62,9.13,0.1047,63267.63,29252.85,92520.49,0.6838,1.00
2022-04-19,34.56,8.85,0.0450,89764.17,941.34,90705.51,0.9896,1.00
2022-04-20,33.74,8.64,0.0144,88543.08,14.70,88557.78,0.9998,1.00
2022-04-21,33.89,8.68,0.0180,88930.86,14.70,88945.56,0.9998,1.00
2022-04-22,34.89,8.94,0.0789,91559.15,14.70,91573.85,0.9998,1.00
2022-04-25,31.88,7.90,0.0000,83652.75,14.70,83667.44,0.9998,1.00
2022-04-26,31.54,7.82,0.0000,82747.93,14.70,82762.62,0.9998,1.00
2022-04-27,31.23,7.74,0.0000,81950.82,14.70,81965.52,0.9998,1.00
2022-04-28,32.53,8.06,0.0071,85354.67,14.70,85369.37,0.9998,1.00
2022-04-29,32.78,8.13,0.0089,86022.51,14.70,86037.21,0.9998,1.00
2022-05-05,32.23,7.99,0.0071,84579.11,14.70,84593.81,0.9998,1.00
2022-05-06,31.12,7.71,0.0000,81670.76,14.70,81685.46,0.9998,1.00
2022-05-09,29.94,7.42,0.0000,78568.52,14.70,78583.22,0.9998,1.00
2022-05-10,30.36,7.53,0.0018,79667.23,14.70,79681.93,0.9998,1.00
2022-05-11,30.55,7.57,0.0035,80162.73,14.70,80177.42,0.9998,1.00
2022-05-12,30.06,7.45,0.0018,78870.13,14.70,78884.82,0.9998,1.00
2022-05-13,30.50,7.56,0.0053,80033.47,14.70,80048.16,0.9998,1.00
2022-05-16,30.29,7.51,0.0035,79473.34,14.70,79488.04,0.9998,1.00
2022-05-17,31.69,7.86,0.0157,83157.25,14.70,83171.95,0.9998,1.00
2022-05-18,31.61,7.83,0.0157,82941.82,14.70,82956.51,0.9998,1.00
2022-05-19,31.22,7.74,0.0122,81929.28,14.70,81943.98,0.9998,1.00
2022-05-20,32.81,8.13,0.0296,86087.14,14.70,86101.84,0.9998,1.00
2022-05-23,32.42,8.04,0.0260,85074.60,14.70,85089.30,0.9998,1.00
2022-05-24,31.94,7.92,0.0225,83803.55,14.70,83818.25,0.9998,1.00
2022-05-25,31.84,7.89,0.0208,83545.03,14.70,83559.73,0.9998,1.00
2022-05-26,31.55,7.82,0.0173,82791.01,14.70,82805.71,0.9998,1.00
2022-05-27,32.12,7.96,0.0293,84277.50,14.70,84292.20,0.9998,1.00
2022-05-30,32.08,7.95,0.0275,84169.78,14.70,84184.48,0.9998,1.00
2022-05-31,32.59,8.08,0.0378,85505.47,14.70,85520.17,0.9998,1.00
2022-06-01,32.59,8.08,0.0377,85505.47,14.70,85520.17,0.9998,1.00
2022-06-02,31.95,7.92,0.0274,83846.64,14.70,83861.33,0.9998,1.00
2022-06-06,31.99,7.93,0.0291,83954.35,14.70,83969.05,0.9998,1.00
2022-06-07,32.31,8.01,0.0375,84773.00,14.70,84787.70,0.9998,1.00
2022-06-08,32.45,8.04,0.0409,85160.78,14.70,85175.48,0.9998,1.00
2022-06-09,33.08,8.20,0.0527,86798.07,14.70,86812.77,0.9998,1.00
2022-06-10,32.94,8.16,0.0509,86431.83,14.70,86446.53,0.9998,1.00
2022-06-13,31.67,7.85,0.0203,83092.62,14.70,83107.32,0.9998,1.00
2022-06-14,32.22,7.99,0.0372,84536.02,14.70,84550.72,0.9998,1.00
2022-06-15,33.23,8.24,0.0591,87207.39,14.70,87222.09,0.9998,1.00
2022-06-16,32.81,8.13,0.0523,86087.14,14.70,86101.84,0.9998,1.00
2022-06-17,32.72,8.11,0.0505,85850.16,14.70,85864.86,0.9998,1.00
2022-06-20,32.59,8.08,0.0504,85527.01,14.70,85541.71,0.9998,1.00
2022-06-21,33.11,8.21,0.0638,86884.24,14.70,86898.94,0.9998,1.00
2022-06-22,32.27,8.00,0.0402,84686.82,14.70,84701.52,0.9998,1.00
2022-06-23,32.96,8.17,0.0619,86474.92,14.70,86489.62,0.9998,1.00
2022-06-24,33.00,8.18,0.0634,86604.18,14.70,86618.88,0.9998,1.00
2022-06-27,33.87,8.39,0.0750,88866.23,14.70,88880.93,0.9998,1.00
2022-06-28,33.89,8.40,0.0765,88930.86,14.70,88945.56,0.9998,1.00
2022-06-29,33.67,8.35,0.0731,88349.19,14.70,88363.89,0.9998,1.00
2022-06-30,34.65,8.59,0.0829,90912.85,14.70,90927.55,0.9998,1.00
2022-07-01,33.97,8.42,0.0795,89146.29,14.70,89160.99,0.9998,1.00
2022-07-04,33.70,8.35,0.0744,88435.36,14.70,88450.06,0.9998,1.00
2022-07-05,33.65,8.34,0.0726,88284.56,14.70,88299.26,0.9998,1.00
2022-07-06,32.68,8.10,0.0527,85742.45,14.70,85757.15,0.9998,1.00
2022-07-07,32.64,8.09,0.0526,85634.73,14.70,85649.43,0.9998,1.00
2022-07-08,32.68,8.10,0.0558,85763.99,14.70,85778.69,0.9998,1.00
2022-07-11,32.38,8.03,0.0426,84966.89,14.70,84981.59,0.9998,1.00
2022-07-12,32.27,8.00,0.0393,84665.28,14.70,84679.98,0.9998,1.00
2022-07-13,31.12,7.71,0.0098,81649.22,14.70,81663.91,0.9998,1.00
2022-07-14,29.95,7.42,0.0016,78590.06,14.70,78604.76,0.9998,1.00
2022-07-15,29.87,7.10,0.0000,78387.82,14.70,78402.52,0.9998,1.00
2022-07-18,30.52,7.25,0.0016,80096.30,14.70,80111.00,0.9998,1.00
2022-07-19,30.59,7.27,0.0032,80276.14,14.70,80290.84,0.9998,1.00
2022-07-20,30.71,7.30,0.0049,80590.86,14.70,80605.56,0.9998,1.00
2022-07-21,30.38,7.22,0.0016,79714.14,14.70,79728.84,0.9998,1.00
2022-07-22,30.49,7.24,0.0032,80006.38,14.70,80021.08,0.9998,1.00
2022-07-25,30.71,7.30,0.0081,80590.86,14.70,80605.56,0.9998,1.00
2022-07-26,31.12,7.39,0.0113,81669.91,14.70,81684.60,0.9998,1.00
2022-07-27,30.88,7.34,0.0113,81040.46,14.70,81055.16,0.9998,1.00
2022-07-28,30.65,7.28,0.0080,80433.50,14.70,80448.20,0.9998,1.00
2022-07-29,30.04,7.14,0.0016,78837.42,14.70,78852.12,0.9998,1.00
2022-08-01,29.57,7.02,0.0000,77601.02,14.70,77615.72,0.9998,1.00
2022-08-02,29.05,6.90,0.0000,76229.74,14.70,76244.44,0.9998,1.00
2022-08-03,28.32,6.73,0.0000,74318.94,14.70,74333.64,0.9998,1.00
2022-08-04,28.84,6.85,0.0016,75667.74,14.70,75682.44,0.9998,1.00
2022-08-05,29.39,6.98,0.0048,77106.46,14.70,77121.16,0.9998,1.00
2022-08-08,29.05,6.90,0.0032,76229.74,14.70,76244.44,0.9998,1.00
2022-08-09,28.79,6.84,0.0016,75532.86,14.70,75547.56,0.9998,1.00
2022-08-10,28.40,6.75,0.0016,74521.26,14.70,74535.96,0.9998,1.00
2022-08-11,29.44,6.99,0.0111,77241.34,14.70,77256.04,0.9998,1.00
2022-08-12,29.45,6.99,0.0126,77263.82,14.70,77278.52,0.9998,1.00
2022-08-15,28.90,6.86,0.0063,75825.10,14.70,75839.80,0.9998,1.00
2022-08-16,29.05,6.90,0.0079,76229.74,14.70,76244.44,0.9998,1.00
2022-08-17,29.33,6.97,0.0126,76971.58,14.70,76986.28,0.9998,1.00
2022-08-18,28.89,6.86,0.0063,75802.62,14.70,75817.32,0.9998,1.00
2022-08-19,29.00,6.89,0.0094,76094.86,14.70,76109.56,0.9998,1.00
2022-08-22,28.80,6.61,0.0000,75577.82,14.70,75592.52,0.9998,1.00
2022-08-23,28.36,6.51,0.0000,74408.86,14.70,74423.56,0.9998,1.00
2022-08-24,28.13,6.46,0.0000,73824.38,14.70,73839.08,0.9998,1.00
2022-08-25,28.86,6.63,0.0047,75735.18,14.70,75749.88,0.9998,1.00
2022-08-26,28.87,6.63,0.0062,75757.66,14.70,75772.36,0.9998,1.00
2022-08-29,28.51,6.55,0.0031,74813.50,14.70,74828.20,0.9998,1.00
2022-08-30,28.95,6.65,0.0093,75959.98,14.70,75974.68,0.9998,1.00
2022-08-31,30.03,6.90,0.0216,78792.46,14.70,78807.16,0.9998,1.00
2022-09-01,29.56,6.79,0.0139,77556.06,14.70,77570.76,0.9998,1.00
2022-09-02,29.40,6.75,0.0139,77151.42,14.70,77166.12,0.9998,1.00
2022-09-05,29.33,6.73,0.0123,76949.10,14.70,76963.80,0.9998,1.00
2022-09-06,28.80,6.61,0.0046,75577.82,14.70,75592.52,0.9998,1.00
2022-09-07,28.60,6.57,0.0046,75038.30,14.70,75053.00,0.9998,1.00
2022-09-08,28.53,6.55,0.0046,74858.46,14.70,74873.16,0.9998,1.00
2022-09-09,29.56,6.79,0.0214,77556.06,14.70,77570.76,0.9998,1.00
2022-09-13,30.28,6.95,0.0382,79466.86,14.70,79481.56,0.9998,1.00
2022-09-14,29.86,6.86,0.0274,78365.34,14.70,78380.04,0.9998,1.00
2022-09-15,30.85,7.08,0.0487,80950.54,14.70,80965.24,0.9998,1.00
2022-09-16,29.94,6.88,0.0319,78567.66,14.70,78582.36,0.9998,1.00
2022-09-19,30.06,6.90,0.0410,78882.38,14.70,78897.08,0.9998,1.00
2022-09-20,29.59,6.80,0.0242,77645.98,14.70,77660.68,0.9998,1.00
2022-09-21,29.48,6.77,0.0212,77353.74,14.70,77368.44,0.9998,1.00
2022-09-22,29.27,6.72,0.0151,76814.22,14.70,76828.92,0.9998,1.00
2022-09-23,29.44,6.76,0.0226,77241.34,14.70,77256.04,0.9998,1.00
2022-09-26,29.09,6.68,0.0151,76319.66,14.70,76334.36,0.9998,1.00
2022-09-27,29.04,6.67,0.0150,76207.26,14.70,76221.96,0.9998,1.00
2022-09-28,28.85,6.62,0.0105,75690.22,14.70,75704.92,0.9998,1.00
2022-09-29,28.40,6.52,0.0030,74521.26,14.70,74535.96,0.9998,1.00
2022-09-30,28.83,6.62,0.0120,75645.26,14.70,75659.96,0.9998,1.00
2022-10-10,27.24,6.26,0.0000,71486.46,14.70,71501.16,0.9998,1.00
2022-10-11,26.90,6.18,0.0000,70587.26,14.70,70601.95,0.9998,1.00
2022-10-12,26.52,6.09,0.0000,69575.66,14.70,69590.35,0.9998,1.00
2022-10-13,25.61,5.88,0.0000,67192.77,14.70,67207.47,0.9998,1.00
2022-10-14,26.63,6.11,0.0030,69867.90,14.70,69882.59,0.9998,1.00
2022-10-17,26.58,6.10,0.0030,69733.02,14.70,69747.71,0.9998,1.00
2022-10-18,26.39,6.06,0.0015,69238.46,14.70,69253.15,0.9998,1.00
2022-10-19,25.92,5.95,0.0015,68024.53,14.70,68039.23,0.9998,1.00
2022-10-20,25.76,5.92,0.0015,67597.41,14.70,67612.11,0.9998,1.00
2022-10-21,25.34,5.82,0.0000,66495.89,14.70,66510.59,0.9998,1.00
2022-10-24,24.00,5.51,0.0000,62989.01,14.70,63003.71,0.9998,1.00
2022-10-25,24.15,5.55,0.0015,63371.17,14.70,63385.87,0.9998,1.00
2022-10-26,23.93,5.49,0.0000,62786.69,14.70,62801.39,0.9998,1.00
2022-10-27,23.94,5.50,0.0015,62809.17,14.70,62823.87,0.9998,1.00
2022-10-28,23.29,5.35,0.0000,61100.69,14.70,61115.39,0.9998,1.00
2022-10-31,22.98,5.08,0.0000,60291.41,14.70,60306.11,0.9998,1.00
2022-11-01,24.15,5.34,0.0015,63371.17,14.70,63385.87,0.9998,1.00
2022-11-02,24.35,5.38,0.0044,63888.21,14.70,63902.91,0.9998,1.00
2022-11-03,24.03,5.31,0.0015,63056.45,14.70,63071.15,0.9998,1.00
2022-11-04,24.91,5.50,0.0102,65371.89,14.70,65386.59,0.9998,1.00
2022-11-07,24.98,5.52,0.0131,65551.73,14.70,65566.43,0.9998,1.00
2022-11-08,24.97,5.52,0.0130,65529.25,14.70,65543.95,0.9998,1.00
2022-11-09,25.00,5.52,0.0159,65596.69,14.70,65611.39,0.9998,1.00
2022-11-10,25.01,5.53,0.0173,65619.17,14.70,65633.87,0.9998,1.00
2022-11-11,26.76,5.91,0.0231,70227.58,14.70,70242.27,0.9998,1.00
2022-11-14,28.39,6.27,0.0360,74498.78,14.70,74513.48,0.9998,1.00
2022-11-15,28.51,6.30,0.0374,74813.50,14.70,74828.20,0.9998,1.00
2022-11-16,28.60,6.32,0.0388,75038.30,14.70,75053.00,0.9998,1.00
2022-11-17,27.68,6.12,0.0330,72632.94,14.70,72647.64,0.9998,1.00
2022-11-18,27.47,6.07,0.0287,72093.42,14.70,72108.12,0.9998,1.00
2022-11-21,27.30,6.03,0.0272,71643.82,14.70,71658.52,0.9998,1.00
2022-11-22,27.80,6.14,0.0371,72947.66,14.70,72962.36,0.9998,1.00
2022-11-23,27.60,6.10,0.0328,72430.62,14.70,72445.32,0.9998,1.00
2022-11-24,27.60,6.10,0.0328,72430.62,14.70,72445.32,0.9998,1.00
2022-11-25,28.29,6.25,0.0427,74229.02,14.70,74243.72,0.9998,1.00
2022-11-28,27.38,6.05,0.0284,71846.14,14.70,71860.84,0.9998,1.00
2022-11-29,29.86,6.60,0.0596,78365.34,14.70,78380.04,0.9998,1.00
2022-11-30,29.95,6.62,0.0637,78590.14,14.70,78604.84,0.9998,1.00
2022-12-01,29.98,6.63,0.0679,78680.06,14.70,78694.76,0.9998,1.00
2022-12-02,29.46,6.51,0.0523,77308.78,14.70,77323.48,0.9998,1.00
2022-12-05,30.93,6.83,0.0917,81152.86,14.70,81167.56,0.9998,1.00
2022-12-06,30.71,6.79,0.0873,80590.86,14.70,80605.56,0.9998,1.00
2022-12-07,30.26,6.69,0.0774,79399.42,14.70,79414.12,0.9998,1.00
2022-12-08,30.37,6.71,0.0787,79691.66,14.70,79706.36,0.9998,1.00
2022-12-09,31.48,6.96,0.1150,82614.07,14.70,82628.76,0.9998,1.00
2022-12-12,30.66,6.77,0.0896,80455.98,14.70,80470.68,0.9998,1.00
2022-12-13,30.96,6.84,0.0993,81242.78,14.70,81257.48,0.9998,1.00
2022-12-14,31.62,6.99,0.1215,82973.75,14.70,82988.44,0.9998,1.00
2022-12-15,31.12,6.88,0.1074,81669.91,14.70,81684.60,0.9998,1.00
2022-12-16,31.78,7.02,0.1267,83378.39,14.70,83393.09,0.9998,1.00
2022-12-19,31.27,6.91,0.1168,82052.07,14.70,82066.76,0.9998,1.00
2022-12-20,30.60,6.76,0.0875,80298.62,14.70,80313.32,0.9998,1.00
2022-12-21,30.80,6.81,0.0971,80815.66,14.70,80830.36,0.9998,1.00
2022-12-22,31.27,6.91,0.1191,82052.07,14.70,82066.76,0.9998,1.00
2022-12-23,31.16,6.88,0.1107,81759.83,14.70,81774.52,0.9998,1.00
2022-12-26,30.80,6.81,0.0967,80815.66,14.70,80830.36,0.9998,1.00
2022-12-27,31.42,6.94,0.1241,82434.23,14.70,82448.92,0.9998,1.00
2022-12-28,31.98,7.07,0.1377,83917.91,14.70,83932.61,0.9998,1.00
2022-12-29,31.90,7.05,0.1376,83693.11,14.70,83707.81,0.9998,1.00
2022-12-30,31.92,7.05,0.1387,83760.55,14.70,83775.25,0.9998,1.00
2023-01-03,32.20,7.11,0.1440,84479.91,14.70,84494.61,0.9998,1.00
2023-01-04,33.11,7.32,0.1562,86885.27,14.70,86899.97,0.9998,1.00
2023-01-05,32.98,7.29,0.1532,86548.07,14.70,86562.77,0.9998,1.00
2023-01-06,32.88,7.27,0.1503,86278.31,14.70,86293.01,0.9998,1.00
2023-01-09,33.24,7.34,0.1610,87222.47,14.70,87237.17,0.9998,1.00
2023-01-10,32.77,7.24,0.1471,85986.07,14.70,86000.77,0.9998,1.00
2023-01-11,33.34,7.37,0.1633,87492.23,14.70,87506.93,0.9998,1.00
2023-01-12,33.45,7.39,0.1644,87784.47,14.70,87799.17,0.9998,1.00
2023-01-13,33.98,7.51,0.1723,89155.75,14.70,89170.45,0.9998,1.00
2023-01-16,34.67,7.40,0.1667,90976.63,14.70,90991.33,0.9998,1.00
2023-01-17,34.85,7.43,0.1705,91448.71,14.70,91463.41,0.9998,1.00
2023-01-18,34.59,7.38,0.1635,90774.31,14.70,90789.01,0.9998,1.00
2023-01-19,34.83,7.43,0.1714,91381.27,14.70,91395.97,0.9998,1.00
2023-01-20,35.17,7.50,0.1752,92280.47,14.70,92295.17,0.9998,1.00
2023-01-30,36.01,7.68,0.1830,94483.52,14.70,94498.21,0.9998,1.00
2023-01-31,35.30,7.53,0.1801,92640.15,14.70,92654.85,0.9998,1.00
2023-02-01,34.73,7.41,0.1678,91133.99,14.70,91148.69,0.9998,1.00
2023-02-02,34.29,7.31,0.1568,89987.51,14.70,90002.21,0.9998,1.00
2023-02-03,33.67,7.18,0.1432,88346.47,14.70,88361.17,0.9998,1.00
2023-02-06,32.85,7.01,0.1310,86210.87,14.70,86225.57,0.9998,1.00
2023-02-07,32.91,7.02,0.1322,86345.75,14.70,86360.45,0.9998,1.00
2023-02-08,32.97,7.03,0.1360,86525.59,14.70,86540.29,0.9998,1.00
2023-02-09,32.97,7.03,0.1358,86525.59,14.70,86540.29,0.9998,1.00
2023-02-10,32.69,6.97,0.1250,85783.75,14.70,85798.45,0.9998,1.00
2023-02-13,32.32,6.89,0.1102,84794.63,14.70,84809.33,0.9998,1.00
2023-02-14,32.55,6.94,0.1220,85424.07,14.70,85438.77,0.9998,1.00
2023-02-15,31.84,6.79,0.0914,83558.23,14.70,83572.93,0.9998,1.00
2023-02-16,31.93,6.81,0.0966,83783.03,14.70,83797.73,0.9998,1.00
2023-02-17,31.45,6.71,0.0740,82524.15,14.70,82538.84,0.9998,1.00
2023-02-20,32.97,7.03,0.1425,86525.59,14.70,86540.29,0.9998,1.00
2023-02-21,33.15,7.07,0.1502,86975.19,14.70,86989.89,0.9998,1.00
2023-02-22,32.69,6.97,0.1303,85783.75,14.70,85798.45,0.9998,1.00
2023-02-23,32.79,6.99,0.1367,86031.03,14.70,86045.73,0.9998,1.00
2023-02-24,32.09,6.85,0.1024,84210.15,14.70,84224.85,0.9998,1.00
2023-02-27,31.84,6.79,0.0917,83535.75,14.70,83550.45,0.9998,1.00
2023-02-28,31.96,6.82,0.0995,83872.95,14.70,83887.65,0.9998,1.00
2023-03-01,32.77,6.99,0.1386,85986.07,14.70,86000.77,0.9998,1.00
2023-03-02,32.77,6.99,0.1384,85986.07,14.70,86000.77,0.9998,1.00
2023-03-03,32.77,6.99,0.1382,85986.07,14.70,86000.77,0.9998,1.00
2023-03-06,31.70,6.76,0.0833,83176.07,14.70,83190.76,0.9998,1.00
2023-03-07,31.32,6.68,0.0715,82186.95,14.70,82201.64,0.9998,1.00
2023-03-08,30.84,6.58,0.0558,80928.06,14.70,80942.76,0.9998,1.00
2023-03-09,30.48,6.50,0.0480,79983.90,14.70,79998.60,0.9998,1.00
2023-03-10,30.01,6.40,0.0466,78747.50,14.70,78762.20,0.9998,1.00
2023-03-13,30.03,6.40,0.0479,78792.46,14.70,78807.16,0.9998,1.00
2023-03-14,29.62,6.32,0.0465,77735.90,14.70,77750.60,0.9998,1.00
2023-03-15,29.88,6.37,0.0477,78410.30,14.70,78425.00,0.9998,1.00
2023-03-16,29.68,6.33,0.0477,77893.26,14.70,77907.96,0.9998,1.00
2023-03-17,29.44,6.28,0.0438,77241.34,14.70,77256.04,0.9998,1.00
2023-03-20,29.23,6.23,0.0398,76701.82,14.70,76716.52,0.9998,1.00
2023-03-21,29.33,6.26,0.0424,76949.10,14.70,76963.80,0.9998,1.00
2023-03-22,29.59,6.31,0.0487,77645.98,14.70,77660.68,0.9998,1.00
2023-03-23,30.16,6.43,0.0576,79129.66,14.70,79144.36,0.9998,1.00
2023-03-24,29.50,6.29,0.0473,77398.70,14.70,77413.40,0.9998,1.00
2023-03-27,29.31,6.25,0.0421,76904.14,14.70,76918.84,0.9998,1.00
2023-03-28,29.47,6.29,0.0485,77331.26,14.70,77345.96,0.9998,1.00
2023-03-29,29.23,6.23,0.0395,76701.82,14.70,76716.52,0.9998,1.00
2023-03-30,29.43,6.28,0.0483,77218.86,14.70,77233.56,0.9998,1.00
2023-03-31,29.36,6.26,0.0470,77039.02,14.70,77053.72,0.9998,1.00
2023-04-03,29.45,6.28,0.0520,77263.82,14.70,77278.52,0.9998,1.00
2023-04-04,29.37,6.26,0.0482,77061.50,14.70,77076.20,0.9998,1.00
2023-04-06,28.96,6.18,0.0380,75982.46,14.70,75997.16,0.9998,1.00
2023-04-07,29.25,6.24,0.0430,76746.78,14.70,76761.48,0.9998,1.00
2023-04-10,29.33,6.26,0.0492,76971.58,14.70,76986.28,0.9998,1.00
2023-04-11,28.90,6.16,0.0378,75825.10,14.70,75839.80,0.9998,1.00
2023-04-12,28.91,6.17,0.0390,75847.58,14.70,75862.28,0.9998,1.00
2023-04-13,29.14,6.21,0.0428,76454.54,14.70,76469.24,0.9998,1.00
2023-04-14,29.46,6.28,0.0616,77308.78,14.70,77323.48,0.9998,1.00
2023-04-17,30.16,6.43,0.0753,79129.66,14.70,79144.36,0.9998,1.00
2023-04-18,30.57,6.52,0.0827,80208.70,14.70,80223.40,0.9998,1.00
2023-04-19,30.41,6.49,0.0788,79804.06,14.70,79818.76,0.9998,1.00
2023-04-20,29.98,6.39,0.0725,78657.58,14.70,78672.28,0.9998,1.00
2023-04-21,29.56,6.30,0.0662,77556.06,14.70,77570.76,0.9998,1.00
2023-04-24,28.79,6.14,0.0362,75532.86,14.70,75547.56,0.9998,1.00
2023-04-25,29.15,6.22,0.0448,76499.50,14.70,76514.20,0.9998,1.00
2023-04-26,28.97,6.18,0.0435,76027.42,14.70,76042.12,0.9998,1.00
2023-04-27,27.95,5.84,0.0186,73352.30,14.70,73367.00,0.9998,1.00
2023-04-28,28.79,6.02,0.0248,75532.86,14.70,75547.56,0.9998,1.00
2023-05-04,29.24,6.11,0.0359,76724.30,14.70,76739.00,0.9998,1.00
2023-05-05,29.72,6.21,0.0483,77983.18,14.70,77997.88,0.9998,1.00
2023-05-08,30.50,6.38,0.0816,80028.86,14.70,80043.56,0.9998,1.00
2023-05-09,29.98,6.27,0.0642,78657.58,14.70,78672.28,0.9998,1.00
2023-05-10,29.47,6.16,0.0419,77331.26,14.70,77345.96,0.9998,1.00
2023-05-11,29.51,6.17,0.0456,77443.66,14.70,77458.36,0.9998,1.00
2023-05-12,29.16,6.10,0.0320,76521.98,14.70,76536.68,0.9998,1.00
2023-05-15,29.73,6.21,0.0528,78005.66,14.70,78020.36,0.9998,1.00
2023-05-16,29.83,6.24,0.0589,78275.42,14.70,78290.12,0.9998,1.00
2023-05-17,29.56,6.18,0.0502,77556.06,14.70,77570.76,0.9998,1.00
2023-05-18,29.51,6.17,0.0465,77443.66,14.70,77458.36,0.9998,1.00
2023-05-19,29.09,6.08,0.0306,76319.66,14.70,76334.36,0.9998,1.00
2023-05-22,29.30,6.12,0.0415,76881.66,14.70,76896.36,0.9998,1.00
2023-05-23,28.79,6.02,0.0244,75532.86,14.70,75547.56,0.9998,1.00
2023-05-24,28.21,5.90,0.0207,74026.70,14.70,74041.40,0.9998,1.00
2023-05-25,27.77,5.81,0.0170,72880.22,14.70,72894.92,0.9998,1.00
2023-05-26,28.05,5.86,0.0207,73599.58,14.70,73614.28,0.9998,1.00
2023-05-29,28.01,5.85,0.0206,73487.18,14.70,73501.88,0.9998,1.00
2023-05-30,27.96,5.85,0.0206,73374.78,14.70,73389.48,0.9998,1.00
2023-05-31,27.67,5.78,0.0169,72610.46,14.70,72625.16,0.9998,1.00
2023-06-01,27.47,5.74,0.0169,72070.94,14.70,72085.64,0.9998,1.00
2023-06-02,28.33,5.92,0.0314,74341.42,14.70,74356.12,0.9998,1.00
2023-06-05,28.31,5.92,0.0314,74273.98,14.70,74288.68,0.9998,1.00
2023-06-06,28.33,5.92,0.0325,74341.42,14.70,74356.12,0.9998,1.00
2023-06-07,28.53,5.96,0.0361,74858.46,14.70,74873.16,0.9998,1.00
2023-06-08,29.20,6.10,0.0517,76611.90,14.70,76626.60,0.9998,1.00
2023-06-09,28.91,6.04,0.0408,75847.58,14.70,75862.28,0.9998,1.00
2023-06-12,28.90,6.04,0.0408,75825.10,14.70,75839.80,0.9998,1.00
2023-06-13,28.90,6.04,0.0407,75825.10,14.70,75839.80,0.9998,1.00
2023-06-14,28.61,5.98,0.0371,75060.78,14.70,75075.48,0.9998,1.00
2023-06-15,28.89,6.04,0.0418,75802.62,14.70,75817.32,0.9998,1.00
2023-06-16,29.07,6.08,0.0501,76274.70,14.70,76289.40,0.9998,1.00
2023-06-19,28.77,6.01,0.0381,75487.90,14.70,75502.60,0.9998,1.00
2023-06-20,28.43,5.94,0.0345,74611.18,14.70,74625.88,0.9998,1.00
2023-06-21,28.42,5.94,0.0345,74566.22,14.70,74580.92,0.9998,1.00
2023-06-26,27.94,5.84,0.0214,73307.34,14.70,73322.04,0.9998,1.00
2023-06-27,28.12,5.88,0.0273,73779.42,14.70,73794.12,0.9998,1.00
2023-06-28,28.31,5.92,0.0344,74296.46,14.70,74311.16,0.9998,1.00
2023-06-29,28.00,5.85,0.0249,73464.70,14.70,73479.40,0.9998,1.00
2023-06-30,28.07,5.87,0.0284,73644.54,14.70,73659.24,0.9998,1.00
2023-07-03,28.89,6.04,0.0508,75802.62,14.70,75817.32,0.9998,1.00
2023-07-04,28.71,6.00,0.0460,75330.54,14.70,75345.24,0.9998,1.00
2023-07-05,28.30,5.92,0.0342,74251.50,14.70,74266.20,0.9998,1.00
2023-07-06,27.91,5.83,0.0212,73239.90,14.70,73254.60,0.9998,1.00
2023-07-07,27.68,5.79,0.0188,72632.94,14.70,72647.64,0.9998,1.00
2023-07-10,27.80,5.81,0.0211,72947.66,14.70,72962.36,0.9998,1.00
2023-07-11,28.02,5.86,0.0305,73532.14,14.70,73546.84,0.9998,1.00
2023-07-12,28.44,5.95,0.0480,74633.66,14.70,74648.36,0.9998,1.00
2023-07-13,28.80,5.70,0.0164,75558.86,14.70,75573.56,0.9998,1.00
2023-07-14,28.87,5.72,0.0175,75748.65,14.70,75763.35,0.9998,1.00
2023-07-17,28.61,5.67,0.0163,75084.40,14.70,75099.09,0.9998,1.00
2023-07-18,28.44,5.63,0.0163,74633.65,14.70,74648.35,0.9998,1.00
2023-07-19,28.55,5.66,0.0175,74918.33,14.70,74933.03,0.9998,1.00
2023-07-20,28.65,5.68,0.0198,75179.29,14.70,75193.99,0.9998,1.00
2023-07-21,28.75,5.69,0.0209,75440.25,14.70,75454.94,0.9998,1.00
2023-07-24,28.43,5.63,0.0162,74609.93,14.70,74624.63,0.9998,1.00
2023-07-25,30.08,5.96,0.0591,78927.58,14.70,78942.28,0.9998,1.00
2023-07-26,30.15,5.97,0.0613,79117.37,14.70,79132.06,0.9998,1.00
2023-07-27,30.43,6.03,0.0682,79852.79,14.70,79867.49,0.9998,1.00
2023-07-28,31.73,6.29,0.1305,83268.95,14.70,83283.65,0.9998,1.00
2023-07-31,32.15,6.37,0.1407,84360.22,14.70,84374.92,0.9998,1.00
2023-08-01,31.63,6.27,0.1233,83007.99,14.70,83022.69,0.9998,1.00
2023-08-02,30.77,6.09,0.0829,80730.55,14.70,80745.25,0.9998,1.00
2023-08-03,31.35,6.21,0.1069,82272.57,14.70,82287.27,0.9998,1.00
2023-08-04,31.53,6.25,0.1171,82747.04,14.70,82761.74,0.9998,1.00
2023-08-07,31.19,6.18,0.1044,81845.55,14.70,81860.25,0.9998,1.00
2023-08-08,30.87,6.12,0.0916,81015.23,14.70,81029.93,0.9998,1.00
2023-08-09,30.76,6.09,0.0824,80706.83,14.70,80721.53,0.9998,1.00
2023-08-10,30.87,6.11,0.0914,80991.51,14.70,81006.21,0.9998,1.00
2023-08-11,29.97,5.94,0.0537,78642.90,14.70,78657.60,0.9998,1.00
2023-08-14,29.35,5.81,0.0308,77005.99,14.70,77020.69,0.9998,1.00
2023-08-15,29.26,5.80,0.0285,76768.75,14.70,76783.45,0.9998,1.00
2023-08-16,28.90,5.73,0.0250,75843.54,14.70,75858.24,0.9998,1.00
2023-08-17,28.74,5.69,0.0216,75416.52,14.70,75431.22,0.9998,1.00
2023-08-18,28.82,5.71,0.0250,75630.03,14.70,75644.73,0.9998,1.00
2023-08-21,28.14,5.57,0.0159,73850.78,14.70,73865.48,0.9998,1.00
2023-08-22,28.32,5.61,0.0170,74301.53,14.70,74316.22,0.9998,1.00
2023-08-23,27.89,5.52,0.0136,73186.53,14.70,73201.23,0.9998,1.00
2023-08-24,28.08,5.56,0.0169,73684.72,14.70,73699.42,0.9998,1.00
2023-08-25,28.53,5.65,0.0226,74870.89,14.70,74885.58,0.9998,1.00
2023-08-28,29.17,5.64,0.0225,76531.52,14.70,76546.22,0.9998,1.00
2023-08-29,28.97,5.60,0.0191,76009.61,14.70,76024.31,0.9998,1.00
2023-08-30,28.62,5.53,0.0157,75108.12,14.70,75122.82,0.9998,1.00
2023-08-31,28.52,5.51,0.0090,74847.16,14.70,74861.86,0.9998,1.00
2023-09-01,29.18,5.64,0.0269,76555.24,14.70,76569.94,0.9998,1.00
2023-09-04,30.31,5.86,0.0561,79544.39,14.70,79559.08,0.9998,1.00
2023-09-05,29.93,5.78,0.0414,78548.00,14.70,78562.70,0.9998,1.00
2023-09-06,30.16,5.83,0.0492,79141.09,14.70,79155.79,0.9998,1.00
2023-09-07,29.96,5.79,0.0436,78619.17,14.70,78633.87,0.9998,1.00
2023-09-08,29.99,5.80,0.0458,78690.34,14.70,78705.04,0.9998,1.00
2023-09-11,29.75,5.75,0.0401,78073.54,14.70,78088.24,0.9998,1.00
2023-09-12,29.73,5.74,0.0401,78002.37,14.70,78017.07,0.9998,1.00
2023-09-13,29.61,5.72,0.0378,77693.96,14.70,77708.66,0.9998,1.00
2023-09-14,29.90,5.78,0.0433,78453.11,14.70,78467.81,0.9998,1.00
2023-09-15,29.80,5.76,0.0433,78192.15,14.70,78206.85,0.9998,1.00
2023-09-18,29.85,5.77,0.0443,78334.49,14.70,78349.19,0.9998,1.00
2023-09-19,29.80,5.76,0.0432,78192.15,14.70,78206.85,0.9998,1.00
2023-09-20,29.59,5.72,0.0376,77646.52,14.70,77661.22,0.9998,1.00
2023-09-21,29.27,5.66,0.0298,76792.48,14.70,76807.18,0.9998,1.00
2023-09-22,30.14,5.83,0.0607,79093.64,14.70,79108.34,0.9998,1.00
2023-09-25,29.84,5.77,0.0474,78287.05,14.70,78301.75,0.9998,1.00
2023-09-26,29.65,5.73,0.0419,77812.58,14.70,77827.28,0.9998,1.00
2023-09-27,29.67,5.73,0.0429,77860.03,14.70,77874.73,0.9998,1.00
2023-09-28,29.81,5.76,0.0495,78215.88,14.70,78230.58,0.9998,1.00
2023-10-09,29.46,5.69,0.0329,77290.67,14.70,77305.37,0.9998,1.00
2023-10-10,29.46,5.69,0.0351,77314.39,14.70,77329.09,0.9998,1.00
2023-10-11,29.34,5.67,0.0318,76982.26,14.70,76996.96,0.9998,1.00
2023-10-12,29.90,5.78,0.0558,78453.11,14.70,78467.81,0.9998,1.00
2023-10-13,29.48,5.70,0.0383,77361.84,14.70,77376.54,0.9998,1.00
2023-10-16,29.21,5.65,0.0273,76650.14,14.70,76664.84,0.9998,1.00
2023-10-17,29.40,5.68,0.0349,77148.33,14.70,77163.03,0.9998,1.00
2023-10-18,29.37,5.68,0.0349,77077.16,14.70,77091.86,0.9998,1.00
2023-10-19,28.54,5.52,0.0109,74894.61,14.70,74909.31,0.9998,1.00
2023-10-20,28.61,5.53,0.0174,75084.40,14.70,75099.09,0.9998,1.00
2023-10-23,28.23,5.46,0.0054,74088.02,14.70,74102.71,0.9998,1.00
2023-10-24,28.30,5.47,0.0065,74254.08,14.70,74268.78,0.9998,1.00
2023-10-25,28.41,5.49,0.0076,74538.76,14.70,74553.46,0.9998,1.00
2023-10-26,28.48,5.50,0.0108,74728.55,14.70,74743.24,0.9998,1.00
2023-10-27,28.51,5.51,0.0130,74799.72,14.70,74814.41,0.9998,1.00
2023-10-30,27.94,5.38,0.0043,73305.14,14.70,73319.84,0.9998,1.00
2023-10-31,27.81,5.35,0.0043,72973.02,14.70,72987.72,0.9998,1.00
2023-11-01,27.53,5.30,0.0011,72237.59,14.70,72252.29,0.9998,1.00
2023-11-02,27.74,5.34,0.0043,72783.23,14.70,72797.93,0.9998,1.00
2023-11-03,28.02,5.39,0.0097,73518.65,14.70,73533.35,0.9998,1.00
2023-11-06,28.15,5.42,0.0107,73874.51,14.70,73889.20,0.9998,1.00
2023-11-07,27.85,5.36,0.0075,73067.91,14.70,73082.61,0.9998,1.00
2023-11-08,27.67,5.32,0.0032,72593.44,14.70,72608.14,0.9998,1.00
2023-11-09,27.72,5.33,0.0043,72735.78,14.70,72750.48,0.9998,1.00
2023-11-10,27.27,5.25,0.0011,71549.62,14.70,71564.32,0.9998,1.00
2023-11-13,26.96,5.19,0.0011,70743.02,14.70,70757.72,0.9998,1.00
2023-11-14,27.30,5.25,0.0032,71644.51,14.70,71659.21,0.9998,1.00
2023-11-15,27.70,5.33,0.0075,72688.34,14.70,72703.04,0.9998,1.00
2023-11-16,27.61,5.31,0.0064,72451.10,14.70,72465.80,0.9998,1.00
2023-11-17,27.42,5.28,0.0043,71952.91,14.70,71967.61,0.9998,1.00
2023-11-20,27.65,5.32,0.0085,72546.00,14.70,72560.70,0.9998,1.00
2023-11-21,27.51,5.29,0.0053,72190.15,14.70,72204.85,0.9998,1.00
2023-11-22,27.27,5.25,0.0021,71549.62,14.70,71564.32,0.9998,1.00
2023-11-23,27.25,5.24,0.0021,71502.17,14.70,71516.87,0.9998,1.00
2023-11-24,27.12,5.22,0.0021,71170.04,14.70,71184.74,0.9998,1.00
2023-11-27,26.58,5.11,0.0011,69746.64,14.70,69761.34,0.9998,1.00
2023-11-28,26.36,5.07,0.0000,69177.28,14.70,69191.98,0.9998,1.00
2023-11-29,26.04,5.01,0.0000,68323.24,14.70,68337.94,0.9998,1.00
2023-11-30,26.03,5.01,0.0000,68299.52,14.70,68314.22,0.9998,1.00
2023-12-01,25.55,4.92,0.0000,67042.18,14.70,67056.88,0.9998,1.00
2023-12-04,25.39,4.88,0.0000,66615.16,14.70,66629.86,0.9998,1.00
2023-12-05,24.87,4.79,0.0000,65262.93,14.70,65277.63,0.9998,1.00
2023-12-06,25.10,4.83,0.0010,65856.01,14.70,65870.71,0.9998,1.00
2023-12-07,25.14,4.84,0.0021,65974.63,14.70,65989.33,0.9998,1.00
2023-12-08,24.86,4.78,0.0000,65239.21,14.70,65253.91,0.9998,1.00
2023-12-12,25.36,4.88,0.0042,66543.99,14.70,66558.69,0.9998,1.00
2023-12-13,24.61,4.74,0.0000,64574.95,14.70,64589.65,0.9998,1.00
2023-12-14,24.44,4.70,0.0000,64124.21,14.70,64138.91,0.9998,1.00
2023-12-15,24.62,4.74,0.0021,64598.68,14.70,64613.37,0.9998,1.00
2023-12-18,24.66,4.75,0.0031,64717.29,14.70,64731.99,0.9998,1.00
2023-12-19,24.67,4.75,0.0042,64741.02,14.70,64755.71,0.9998,1.00
2023-12-20,24.46,4.71,0.0010,64195.38,14.70,64210.08,0.9998,1.00
2023-12-21,25.05,4.82,0.0083,65737.40,14.70,65752.10,0.9998,1.00
2023-12-22,24.96,4.80,0.0083,65500.16,14.70,65514.86,0.9998,1.00
2023-12-25,24.89,4.79,0.0083,65310.38,14.70,65325.08,0.9998,1.00
2023-12-26,24.65,4.74,0.0041,64693.57,14.70,64708.27,0.9998,1.00
2023-12-27,24.68,4.75,0.0072,64764.74,14.70,64779.44,0.9998,1.00
2023-12-28,25.31,4.87,0.0155,66401.65,14.70,66416.35,0.9998,1.00
2023-12-29,25.15,4.84,0.0155,65998.35,14.70,66013.05,0.9998,1.00
2024-01-02,24.93,4.80,0.0113,65428.99,14.70,65443.69,0.9998,1.00
2024-01-03,25.11,4.83,0.0154,65879.74,14.70,65894.44,0.9998,1.00
2024-01-04,25.14,4.84,0.0165,65974.63,14.70,65989.33,0.9998,1.00
2024-01-05,25.58,4.92,0.0236,67113.35,14.70,67128.05,0.9998,1.00
2024-01-08,25.43,4.89,0.0226,66733.78,14.70,66748.48,0.9998,1.00
2024-01-09,25.47,4.90,0.0236,66828.67,14.70,66843.37,0.9998,1.00
2024-01-10,25.36,4.88,0.0205,66543.99,14.70,66558.69,0.9998,1.00
2024-01-11,25.66,4.94,0.0276,67326.86,14.70,67341.56,0.9998,1.00
2024-01-12,25.80,4.96,0.0286,67706.43,14.70,67721.13,0.9998,1.00
2024-01-15,26.01,5.00,0.0296,68252.07,14.70,68266.77,0.9998,1.00
2024-01-16,26.34,5.07,0.0327,69106.11,14.70,69120.81,0.9998,1.00
2024-01-17,26.39,5.08,0.0357,69248.45,14.70,69263.15,0.9998,1.00
2024-01-18,26.74,5.15,0.0377,70173.66,14.70,70188.36,0.9998,1.00
2024-01-19,26.88,5.17,0.0387,70529.51,14.70,70544.21,0.9998,1.00
2024-01-22,27.35,5.20,0.0407,71763.13,14.70,71777.83,0.9998,1.00
2024-01-23,27.11,5.16,0.0386,71146.32,14.70,71161.02,0.9998,1.00
2024-01-24,27.20,5.18,0.0406,71383.55,14.70,71398.25,0.9998,1.00
2024-01-25,27.94,5.32,0.0537,73305.14,14.70,73319.84,0.9998,1.00
2024-01-26,28.14,5.35,0.0628,73827.06,14.70,73841.76,0.9998,1.00
2024-01-29,28.34,5.39,0.0677,74372.70,14.70,74387.39,0.9998,1.00
2024-01-30,28.03,5.33,0.0576,73542.38,14.70,73557.08,0.9998,1.00
2024-01-31,27.76,5.28,0.0494,72854.40,14.70,72869.10,0.9998,1.00
2024-02-01,27.50,5.23,0.0444,72166.42,14.70,72181.12,0.9998,1.00
2024-02-02,27.33,5.20,0.0423,71715.68,14.70,71730.38,0.9998,1.00
2024-02-05,27.76,5.28,0.0513,72854.40,14.70,72869.10,0.9998,1.00
2024-02-06,28.33,5.39,0.0714,74325.25,14.70,74339.95,0.9998,1.00
2024-02-07,28.31,5.39,0.0713,74277.80,14.70,74292.50,0.9998,1.00
2024-02-08,28.39,5.40,0.0752,74491.31,14.70,74506.01,0.9998,1.00
2024-02-19,28.59,5.44,0.0772,75013.23,14.70,75027.92,0.9998,1.00
2024-02-20,28.39,5.40,0.0751,74491.31,14.70,74506.01,0.9998,1.00
2024-02-21,29.84,5.68,0.1140,78287.05,14.70,78301.75,0.9998,1.00
2024-02-22,29.65,5.64,0.1059,77812.58,14.70,77827.28,0.9998,1.00
2024-02-23,29.79,5.67,0.1118,78168.43,14.70,78183.13,0.9998,1.00
2024-02-26,29.16,5.55,0.0977,76507.80,14.70,76522.50,0.9998,1.00
2024-02-27,29.09,5.54,0.0966,76341.73,14.70,76356.43,0.9998,1.00
2024-02-28,28.95,5.51,0.0856,75962.16,14.70,75976.86,0.9998,1.00
2024-02-29,28.97,5.51,0.0875,76009.61,14.70,76024.31,0.9998,1.00
2024-03-01,28.88,5.49,0.0814,75772.37,14.70,75787.07,0.9998,1.00
2024-03-04,28.50,5.42,0.0774,74775.99,14.70,74790.69,0.9998,1.00
2024-03-05,29.09,5.54,0.1001,76341.73,14.70,76356.43,0.9998,1.00
2024-03-06,28.81,5.48,0.0812,75606.31,14.70,75621.01,0.9998,1.00
2024-03-07,28.93,5.50,0.0880,75914.71,14.70,75929.41,0.9998,1.00
2024-03-08,28.63,5.45,0.0791,75131.84,14.70,75146.54,0.9998,1.00
2024-03-11,28.46,5.42,0.0760,74681.10,14.70,74695.80,0.9998,1.00
2024-03-12,28.89,5.50,0.0868,75796.10,14.70,75810.79,0.9998,1.00
2024-03-13,28.50,5.42,0.0778,74775.99,14.70,74790.69,0.9998,1.00
2024-03-14,28.25,5.38,0.0689,74135.46,14.70,74150.16,0.9998,1.00
2024-03-15,28.19,5.36,0.0678,73969.40,14.70,73984.10,0.9998,1.00
2024-03-18,28.14,5.36,0.0668,73850.78,14.70,73865.48,0.9998,1.00
2024-03-19,27.85,5.30,0.0540,73067.91,14.70,73082.61,0.9998,1.00
2024-03-20,28.19,5.36,0.0696,73969.40,14.70,73984.10,0.9998,1.00
2024-03-21,28.52,5.43,0.0842,74847.16,14.70,74861.86,0.9998,1.00
2024-03-22,28.21,5.37,0.0714,74016.85,14.70,74031.54,0.9998,1.00
2024-03-25,28.34,5.39,0.0782,74372.70,14.70,74387.39,0.9998,1.00
2024-03-26,29.29,5.57,0.1172,76863.65,14.70,76878.35,0.9998,1.00
2024-03-27,29.20,5.56,0.1161,76626.41,14.70,76641.11,0.9998,1.00
2024-03-28,29.09,5.54,0.1121,76341.73,14.70,76356.43,0.9998,1.00
2024-03-29,29.11,5.54,0.1149,76389.18,14.70,76403.88,0.9998,1.00
2024-04-01,29.51,5.62,0.1235,77433.01,14.70,77447.71,0.9998,1.00
2024-04-02,29.43,5.60,0.1224,77219.50,14.70,77234.20,0.9998,1.00
2024-04-03,29.14,5.54,0.1155,76460.35,14.70,76475.05,0.9998,1.00
2024-04-08,29.29,5.57,0.1203,76863.65,14.70,76878.35,0.9998,1.00
2024-04-09,29.21,5.56,0.1192,76650.14,14.70,76664.84,0.9998,1.00
2024-04-10,29.37,5.59,0.1239,77077.16,14.70,77091.86,0.9998,1.00
2024-04-11,29.20,5.56,0.1180,76626.41,14.70,76641.11,0.9998,1.00
2024-04-12,29.04,5.53,0.1092,76199.39,14.70,76214.09,0.9998,1.00
2024-04-15,29.68,5.65,0.1361,77883.75,14.70,77898.45,0.9998,1.00
2024-04-16,29.61,5.63,0.1321,77693.96,14.70,77708.66,0.9998,1.00
2024-04-17,30.11,5.73,0.1580,78998.75,14.70,79013.45,0.9998,1.00
2024-04-18,30.42,5.79,0.1732,79829.07,14.70,79843.76,0.9998,1.00
2024-04-19,30.40,5.78,0.1702,79757.90,14.70,79772.59,0.9998,1.00
2024-04-22,30.14,5.74,0.1604,79093.64,14.70,79108.34,0.9998,1.00
2024-04-23,30.18,5.74,0.1622,79188.54,14.70,79203.23,0.9998,1.00
2024-04-24,30.25,5.76,0.1649,79378.32,14.70,79393.02,0.9998,1.00
2024-04-25,31.10,5.92,0.2021,81608.32,14.70,81623.02,0.9998,0.70
2024-04-26,31.17,5.93,0.2057,57296.08,24458.65,81754.73,0.7008,0.70
2024-04-29,31.53,6.00,0.2151,57897.70,24520.85,82418.55,0.7025,0.70
2024-04-30,31.02,5.93,0.2063,56765.43,24707.44,81472.88,0.6967,0.70
2024-05-06,31.53,6.03,0.2214,57960.77,24453.56,82414.33,0.7033,0.70
2024-05-07,31.53,6.03,0.2212,57691.95,24705.83,82397.77,0.7002,0.70
2024-05-08,31.25,5.98,0.2143,57195.60,24705.83,81901.43,0.6983,0.70
2024-05-09,31.50,6.02,0.2207,57768.30,24580.69,82349.00,0.7015,0.70
2024-05-10,32.20,6.16,0.2500,58965.01,24675.19,83640.20,0.7050,0.70
2024-05-13,32.47,6.21,0.2602,59055.49,25059.66,84115.14,0.7021,0.70
2024-05-14,31.95,6.11,0.2419,57958.34,25221.89,83180.23,0.6968,0.70
2024-05-15,31.69,6.06,0.2313,57736.25,24966.34,82702.59,0.6981,0.70
2024-05-16,32.77,6.27,0.2803,59844.04,24839.48,84683.52,0.7067,0.70
2024-05-17,33.32,6.37,0.2952,60268.20,25397.36,85665.56,0.7035,0.70
2024-05-20,32.89,6.29,0.2873,59203.50,25697.19,84900.68,0.6973,0.70
2024-05-21,32.76,6.27,0.2795,59172.25,25499.94,84672.19,0.6988,0.70
2024-05-22,32.60,6.24,0.2689,58943.55,25434.45,84378.00,0.6986,0.70
2024-05-23,32.10,6.14,0.2479,58124.46,25337.07,83461.53,0.6964,0.70
2024-05-24,31.41,6.01,0.2156,57162.78,25049.83,82212.61,0.6953,0.70
2024-05-27,31.77,6.08,0.2333,58202.20,24671.72,82873.91,0.7023,0.70
2024-05-28,31.49,6.02,0.2190,57531.30,24830.38,82361.68,0.6985,0.70
2024-05-29,31.25,5.98,0.2113,57195.60,24736.12,81931.72,0.6981,0.70
2024-05-30,31.05,5.94,0.2045,56970.30,24580.38,81550.68,0.6986,0.70
2024-05-31,30.99,5.93,0.2015,56963.74,24486.72,81450.46,0.6994,0.70
2024-06-03,30.87,5.91,0.1938,56778.59,24455.79,81234.37,0.6989,1.00
2024-06-04,31.23,5.97,0.2133,82159.03,1.79,82160.83,1.0000,0.70
2024-06-05,30.73,5.88,0.1916,56604.76,24738.77,81343.52,0.6959,1.00
2024-06-06,30.74,5.88,0.1923,56621.41,24738.77,81360.18,0.6959,1.00
2024-06-07,30.73,5.88,0.1912,56604.76,24738.77,81343.52,0.6959,1.00
2024-06-11,30.16,5.77,0.1650,55555.60,24738.77,80294.36,0.6919,1.00
2024-06-12,29.92,5.72,0.1518,79637.38,13.35,79650.73,0.9998,1.00
2024-06-13,29.67,5.68,0.1395,78987.57,13.35,79000.93,0.9998,1.00
2024-06-14,30.57,5.85,0.1868,81370.20,13.35,81383.55,0.9998,1.00
2024-06-17,30.49,5.83,0.1829,81177.66,13.35,81191.01,0.9998,1.00
2024-06-18,30.48,5.83,0.1827,81129.53,13.35,81142.88,0.9998,1.00
2024-06-19,30.87,5.91,0.2002,82188.47,13.35,82201.82,0.9998,0.70
2024-06-20,30.75,5.88,0.1991,57314.52,24657.35,81971.88,0.6992,1.00
2024-06-21,30.47,5.83,0.1813,81196.86,121.01,81317.88,0.9985,1.00
2024-06-24,30.80,5.89,0.2006,82180.75,29.36,82210.11,0.9996,0.70
2024-06-25,31.01,5.93,0.2124,57958.29,24639.23,82597.52,0.7017,0.70
2024-06-26,30.79,5.89,0.2002,57429.58,24762.83,82192.41,0.6987,0.70
2024-06-27,30.97,5.92,0.2120,57859.73,24670.72,82530.45,0.7011,0.70
2024-06-28,30.91,5.91,0.2044,57679.69,24732.56,82412.24,0.6999,0.70
2024-07-01,31.06,5.94,0.2199,57966.48,24732.56,82699.04,0.7009,0.70
2024-07-02,31.72,6.07,0.2482,59117.71,24794.72,83912.43,0.7045,0.70
2024-07-03,31.15,5.96,0.2241,57730.17,25142.87,82873.05,0.6966,0.70
2024-07-04,31.38,6.00,0.2321,58431.42,24861.81,83293.23,0.7015,0.70
2024-07-05,30.63,5.86,0.1916,56911.66,24987.33,81898.99,0.6949,1.00
2024-07-08,30.73,5.88,0.1951,82141.43,44.25,82185.68,0.9995,1.00
2024-07-09,31.16,5.96,0.2260,83332.58,13.52,83346.10,0.9998,0.70
2024-07-10,31.35,6.00,0.2322,58725.81,24974.65,83700.46,0.7016,0.70
2024-07-11,31.54,5.69,0.1406,58940.78,25101.47,84042.26,0.7013,1.00
2024-07-12,32.59,5.88,0.1980,60911.45,25101.47,86012.92,0.7082,1.00
2024-07-15,32.38,5.84,0.1851,85449.54,5.62,85455.16,0.9999,1.00
2024-07-16,32.39,5.84,0.1858,85474.84,5.62,85480.45,0.9999,1.00
2024-07-17,32.66,5.89,0.2038,86183.12,5.62,86188.74,0.9999,0.70
2024-07-18,32.68,5.90,0.2055,60386.47,25836.40,86222.87,0.7004,0.70
2024-07-19,32.83,5.92,0.2171,60669.89,25836.40,86506.30,0.7013,0.70
2024-07-22,31.96,5.77,0.1624,58962.06,25934.66,84896.72,0.6945,1.00
2024-07-23,31.96,5.77,0.1623,84879.80,15.62,84895.42,0.9998,1.00
2024-07-24,31.80,5.74,0.1549,84472.46,15.62,84488.08,0.9998,1.00
2024-07-25,31.47,5.68,0.1385,83581.40,15.62,83597.02,0.9998,1.00
2024-07-26,31.03,5.60,0.1184,82410.29,15.62,82425.91,0.9998,1.00
2024-07-29,31.10,5.61,0.1220,82613.96,15.62,82629.58,0.9998,1.00
2024-07-30,31.08,5.61,0.1209,82537.59,15.62,82553.21,0.9998,1.00
2024-07-31,31.37,5.66,0.1344,83326.81,15.62,83342.43,0.9998,1.00
2024-08-01,31.35,5.66,0.1342,83275.89,15.62,83291.51,0.9998,1.00
2024-08-02,30.94,5.58,0.1170,82181.16,15.62,82196.78,0.9998,1.00
2024-08-05,30.77,5.55,0.1106,81722.91,15.62,81738.52,0.9998,1.00
2024-08-06,30.39,5.48,0.0836,80704.55,15.62,80720.17,0.9998,1.00
2024-08-07,30.27,5.46,0.0826,80399.05,15.62,80414.66,0.9998,1.00
2024-08-08,30.61,5.52,0.1004,81290.10,15.62,81305.72,0.9998,1.00
2024-08-09,30.99,5.59,0.1219,82308.46,15.62,82324.08,0.9998,1.00
2024-08-12,30.79,5.55,0.1137,81773.82,15.62,81789.44,0.9998,1.00
2024-08-13,30.62,5.52,0.1011,81315.56,15.62,81331.18,0.9998,1.00
2024-08-14,30.54,5.51,0.0947,81111.89,15.62,81127.51,0.9998,1.00
2024-08-15,31.40,5.67,0.1429,83403.19,15.62,83418.81,0.9998,1.00
2024-08-16,31.78,5.73,0.1650,84396.08,15.62,84411.70,0.9998,1.00
2024-08-19,32.03,5.78,0.1818,85083.47,15.62,85099.09,0.9998,1.00
2024-08-20,32.09,5.79,0.1870,85236.23,15.62,85251.85,0.9998,1.00
2024-08-21,31.86,5.75,0.1708,84625.21,15.62,84640.83,0.9998,1.00
2024-08-22,31.92,5.76,0.1733,84777.97,15.62,84793.59,0.9998,1.00
2024-08-23,32.30,5.83,0.1963,85796.32,15.62,85811.94,0.9998,1.00
2024-08-26,32.37,5.84,0.2014,85974.53,15.62,85990.15,0.9998,0.70
2024-08-27,32.30,5.83,0.1959,60083.27,25780.79,85864.06,0.6997,1.00
2024-08-28,32.28,5.82,0.1949,60047.61,25780.79,85828.40,0.6996,1.00
2024-08-29,31.56,5.69,0.1540,83899.12,85.99,83985.11,0.9990,1.00
2024-08-30,30.82,5.57,0.1185,81973.47,23.11,81996.58,0.9997,1.00
2024-09-02,30.61,5.53,0.1060,81412.53,23.11,81435.64,0.9997,1.00
2024-09-03,30.31,5.48,0.0830,80622.12,23.11,80645.22,0.9997,1.00
2024-09-04,30.06,5.43,0.0785,79959.19,23.11,79982.30,0.9997,1.00
2024-09-05,29.91,5.40,0.0740,79551.23,23.11,79574.34,0.9997,1.00
2024-09-06,29.95,5.41,0.0748,79678.72,23.11,79701.83,0.9997,1.00
2024-09-09,28.99,5.24,0.0405,77103.50,23.11,77126.61,0.9997,1.00
2024-09-10,28.94,5.23,0.0395,76976.02,23.11,76999.13,0.9997,1.00
2024-09-11,28.83,5.21,0.0386,76695.55,23.11,76718.66,0.9997,1.00
2024-09-12,28.98,5.24,0.0421,77078.01,23.11,77101.12,0.9997,1.00
2024-09-13,29.33,5.30,0.0526,78021.40,23.11,78044.51,0.9997,1.00
2024-09-18,29.82,5.39,0.0727,79321.76,23.11,79344.87,0.9997,1.00
2024-09-19,29.54,5.34,0.0621,78582.34,23.11,78605.45,0.9997,1.00
2024-09-20,29.66,5.36,0.0673,78888.31,23.11,78911.42,0.9997,1.00
2024-09-23,30.09,5.44,0.0873,80035.68,23.11,80058.79,0.9997,1.00
2024-09-24,31.76,5.74,0.1789,84472.19,23.11,84495.30,0.9997,1.00
2024-09-25,32.73,5.92,0.2424,87072.91,23.11,87096.01,0.9997,0.70
2024-09-26,33.91,6.13,0.3040,63180.26,26118.58,89298.84,0.7075,0.70
2024-09-27,34.15,6.17,0.3124,62977.79,26776.19,89753.99,0.7017,0.70
2024-09-30,36.05,6.51,0.3626,66333.34,26915.56,93248.90,0.7114,0.70
2024-10-08,38.34,6.93,0.4170,69436.71,28065.49,97502.20,0.7122,0.50
2024-10-09,35.48,6.41,0.3559,45124.97,48575.61,93700.58,0.4816,0.70
2024-10-10,37.12,6.71,0.3816,68605.69,27925.31,96531.00,0.7107,0.70
2024-10-11,36.84,6.66,0.3769,67079.69,28927.61,96007.30,0.6987,0.70
2024-10-14,37.70,6.81,0.4000,68763.74,28815.43,97579.17,0.7047,0.70
2024-10-15,36.90,6.67,0.3772,66869.74,29265.96,96135.70,0.6956,0.70
2024-10-16,37.86,6.84,0.4045,69023.10,28863.69,97886.79,0.7051,0.50
2024-10-17,36.89,6.67,0.3765,47704.26,48944.98,96649.24,0.4936,0.70
2024-10-18,37.43,6.76,0.3909,68611.07,29010.74,97621.81,0.7028,0.70
2024-10-21,37.24,6.73,0.3853,67998.99,29273.41,97272.41,0.6991,0.70
2024-10-22,37.55,6.79,0.3936,68634.18,29198.95,97833.13,0.7015,0.70
2024-10-23,38.02,6.87,0.4114,69340.70,29348.71,98689.41,0.7026,0.50
2024-10-24,37.68,6.81,0.4007,48946.64,49250.62,98197.26,0.4985,0.50
2024-10-25,37.48,6.77,0.3918,48835.08,49100.12,97935.19,0.4986,0.70
2024-10-28,36.92,6.67,0.3768,67532.17,29430.58,96962.75,0.6965,0.70
2024-10-29,37.00,6.69,0.3799,68005.42,29097.57,97102.99,0.7003,0.70
2024-10-30,36.31,6.55,0.3616,66736.92,29097.57,95834.49,0.6964,0.70
2024-10-31,35.81,6.46,0.3536,66143.09,28771.46,94914.54,0.6969,0.70
2024-11-01,36.43,6.57,0.3644,67585.34,28484.34,96069.68,0.7035,0.70
2024-11-04,37.14,6.70,0.3821,68566.83,28813.01,97379.84,0.7041,0.70
2024-11-05,37.46,6.76,0.3903,68776.16,29181.36,97957.52,0.7021,0.70
2024-11-06,36.96,6.67,0.3746,67676.22,29368.26,97044.48,0.6974,0.70
2024-11-07,37.93,6.84,0.4101,69676.43,29147.29,98823.72,0.7051,0.50
2024-11-08,37.19,6.71,0.3825,48460.38,49456.91,97917.30,0.4949,0.70
2024-11-11,36.74,6.63,0.3702,67676.69,29668.09,97344.79,0.6952,0.70
2024-11-12,36.03,6.50,0.3537,66802.51,29228.79,96031.29,0.6956,0.70
2024-11-13,36.25,6.54,0.3594,67610.02,28832.42,96442.44,0.7010,0.70
2024-11-14,36.48,6.58,0.3650,67966.10,28904.62,96870.71,0.7016,0.70
2024-11-15,36.25,6.54,0.3588,67392.51,29050.61,96443.12,0.6988,0.70
2024-11-18,36.33,6.55,0.3627,67644.05,28941.19,96585.24,0.7004,0.70
2024-11-19,36.16,6.52,0.3573,67322.78,28941.19,96263.97,0.6994,0.70
2024-11-20,35.93,6.48,0.3511,66930.36,28904.96,95835.31,0.6984,0.70
2024-11-21,35.88,6.47,0.3508,66984.58,28761.24,95745.82,0.6996,0.70
2024-11-22,34.94,6.30,0.3361,65265.71,28725.36,93991.08,0.6944,0.70
2024-11-25,34.72,6.26,0.3224,65374.66,28197.66,93572.32,0.6987,0.70
2024-11-26,34.88,6.29,0.3339,65786.14,28094.05,93880.19,0.7007,0.70
2024-11-27,35.08,6.33,0.3412,66095.62,28163.81,94259.43,0.7012,0.70
2024-11-28,34.96,6.30,0.3375,65755.98,28269.05,94025.03,0.6993,0.70
2024-11-29,34.83,6.28,0.3305,65556.42,28233.97,93790.40,0.6990,0.70
2024-12-02,35.00,6.31,0.3395,65933.09,28164.09,94097.18,0.7007,0.70
2024-12-03,35.58,6.42,0.3510,66999.10,28199.22,95198.32,0.7038,0.70
2024-12-04,35.28,6.36,0.3440,66086.73,28554.73,94641.46,0.6983,0.70
2024-12-05,35.38,6.38,0.3479,66407.79,28414.16,94821.95,0.7003,0.70
2024-12-06,36.14,6.52,0.3626,67829.14,28414.16,96243.30,0.7048,0.70
2024-12-09,36.14,6.52,0.3623,67395.50,28846.52,96242.01,0.7003,0.70
2024-12-10,37.00,6.67,0.3880,69004.41,28846.52,97850.92,0.7052,0.70
2024-12-11,36.71,6.62,0.3784,67990.85,29326.74,97317.59,0.6986,0.70
2024-12-12,37.19,6.71,0.3940,68990.03,29216.63,98206.66,0.7025,0.70
2024-12-13,35.75,6.45,0.3528,66108.37,29437.75,95546.12,0.6919,0.70
2024-12-16,36.18,6.52,0.3658,67647.88,28685.88,96333.76,0.7022,0.70
2024-12-17,36.28,6.54,0.3680,67663.65,28865.79,96529.44,0.7010,0.70
2024-12-18,36.92,6.66,0.3860,68787.55,28938.68,97726.22,0.7039,0.70
2024-12-19,36.44,6.57,0.3732,67530.23,29306.55,96836.78,0.6974,0.70
2024-12-20,36.34,6.55,0.3713,67589.22,29051.23,96640.44,0.6994,0.70
2024-12-23,36.76,6.63,0.3842,68410.45,29014.81,97425.26,0.7022,0.70
2024-12-24,37.59,6.78,0.4129,69774.42,29198.60,98973.02,0.7050,0.50
2024-12-25,37.77,6.81,0.4225,49738.50,49465.91,99204.41,0.5014,0.50
2024-12-26,37.84,6.82,0.4247,49725.96,49579.20,99305.16,0.5007,0.50
2024-12-27,37.71,6.80,0.4185,49511.92,49617.04,99128.96,0.4995,0.50
2024-12-30,37.98,6.85,0.4306,49902.30,49579.33,99481.63,0.5016,0.50
2024-12-31,37.67,6.79,0.4170,49348.57,49731.00,99079.57,0.4981,0.50
2025-01-02,36.91,6.66,0.3853,48541.14,49542.40,98083.54,0.4949,0.70
2025-01-03,37.06,6.68,0.3932,68889.33,29413.57,98302.89,0.7008,0.70
2025-01-06,37.43,6.75,0.4044,69509.42,29488.14,98997.55,0.7021,0.50
2025-01-07,37.29,6.72,0.4008,49331.03,49434.36,98765.38,0.4995,0.50
2025-01-08,37.65,6.79,0.4169,49850.57,49397.14,99247.71,0.5023,0.50
2025-01-09,37.38,6.74,0.4035,49270.92,49623.73,98894.65,0.4982,0.50
2025-01-10,37.36,6.74,0.4031,49395.11,49472.88,98867.99,0.4996,0.50
2025-01-13,37.45,6.75,0.4069,49546.61,49435.56,98982.17,0.5006,0.50
2025-01-14,38.20,6.89,0.4418,50497.57,49473.03,99970.60,0.5051,0.50
2025-01-15,38.96,6.91,0.4480,50992.23,49971.32,100963.56,0.5051,0.50
2025-01-16,39.29,6.97,0.4542,50920.61,50477.84,101398.45,0.5022,0.50
2025-01-17,39.02,6.92,0.4497,50377.67,50674.14,101051.80,0.4985,0.50
2025-01-20,38.46,6.82,0.4273,49762.92,50556.29,100319.21,0.4960,0.50
2025-01-21,38.48,6.82,0.4278,50172.49,50169.79,100342.28,0.5000,0.50
2025-01-22,37.81,6.70,0.3923,49310.03,50169.79,99479.82,0.4957,0.70
2025-01-23,38.18,6.77,0.4099,70286.96,29749.17,100036.13,0.7026,0.50
2025-01-24,38.59,6.84,0.4340,50592.62,49896.50,100489.12,0.5035,0.50
2025-01-27,38.96,6.91,0.4500,50732.03,50246.56,100978.59,0.5024,0.50
2025-02-05,38.34,6.80,0.4203,49690.77,50481.49,100172.25,0.4961,0.50
2025-02-06,38.53,6.83,0.4297,50324.55,50098.05,100422.60,0.5011,0.50
2025-02-07,38.53,6.83,0.4294,50247.49,50174.92,100422.41,0.5004,0.50
2025-02-10,38.92,6.90,0.4469,50747.46,50174.92,100922.38,0.5028,0.50
2025-02-11,39.28,6.96,0.4587,50947.47,50448.33,101395.80,0.5025,0.50
2025-02-12,39.89,7.07,0.4777,51503.77,50683.89,102187.66,0.5040,0.50
2025-02-13,39.98,7.09,0.4790,51215.33,51083.11,102298.44,0.5006,0.50
2025-02-14,40.29,7.14,0.4818,51567.97,51123.06,102691.04,0.5022,0.50
2025-02-17,39.99,7.09,0.4790,50987.67,51324.30,102311.97,0.4984,0.50
2025-02-18,40.31,7.15,0.4826,51552.20,51165.14,102717.34,0.5019,0.50
2025-02-19,40.24,7.13,0.4806,51305.43,51326.16,102631.59,0.4999,0.50
2025-02-20,40.11,7.11,0.4795,51146.55,51326.16,102472.71,0.4991,0.50
2025-02-21,39.68,7.04,0.4718,50675.95,51245.72,101921.67,0.4972,0.50
2025-02-24,39.56,7.01,0.4666,50793.74,50967.99,101761.73,0.4991,0.50
2025-02-25,39.33,6.97,0.4590,50577.01,50889.09,101466.11,0.4985,0.50
2025-02-26,39.76,7.05,0.4739,51251.00,50770.81,102021.82,0.5024,0.50
2025-02-27,40.62,7.20,0.4864,52119.27,51010.05,103129.32,0.5054,0.50
2025-02-28,40.31,7.15,0.4844,51189.44,51538.13,102727.57,0.4983,0.50
2025-03-03,40.31,7.15,0.4840,51350.67,51376.62,102727.29,0.4999,0.50
2025-03-04,40.07,7.10,0.4796,51045.38,51376.62,102422.00,0.4984,0.50
2025-03-05,41.11,7.29,0.4944,52540.91,51215.73,103756.64,0.5064,0.50
2025-03-06,41.18,7.30,0.4964,51967.80,51873.49,103841.29,0.5005,0.50
2025-03-07,41.76,7.40,0.5040,52663.94,51914.61,104578.55,0.5036,0.50
2025-03-10,41.28,7.32,0.4980,51729.30,52248.09,103977.39,0.4975,0.50
2025-03-11,41.71,7.39,0.5032,52508.00,52002.09,104510.10,0.5024,0.50
2025-03-12,41.73,7.40,0.5044,52293.80,52252.26,104546.06,0.5002,0.50
2025-03-13,42.02,7.45,0.5104,52654.11,52252.26,104906.38,0.5019,0.50
2025-03-14,43.29,7.68,0.5163,54066.35,52420.96,106487.31,0.5077,0.50
2025-03-17,43.17,7.65,0.5159,53102.40,53246.30,106348.70,0.4993,0.50
2025-03-18,43.27,7.67,0.5163,53263.57,53202.88,106466.45,0.5003,0.50
2025-03-19,44.11,7.82,0.5234,54301.94,53202.88,107504.82,0.5051,0.50
2025-03-20,43.36,7.69,0.5187,52861.20,53731.05,106592.25,0.4959,0.50
2025-03-21,42.85,7.60,0.5155,52658.70,53298.53,105957.23,0.4970,0.50
2025-03-24,43.18,7.66,0.5171,53373.29,52999.60,106372.89,0.5018,0.50
2025-03-25,43.22,7.66,0.5179,53247.80,53172.13,106419.92,0.5004,0.50
2025-03-26,40.89,7.25,0.4869,50378.15,53172.13,103550.28,0.4865,0.50
2025-03-27,41.47,7.35,0.4988,52496.57,51778.82,104275.39,0.5034,0.50
2025-03-28,41.43,7.35,0.4988,52116.60,52110.84,104227.44,0.5000,0.50
2025-03-31,41.50,7.36,0.5004,52201.01,52110.84,104311.85,0.5004,0.50
2025-04-01,41.09,7.29,0.4909,51653.46,52152.32,103805.79,0.4976,0.50
2025-04-02,40.96,7.26,0.4885,51730.53,51905.76,103636.29,0.4992,0.50
2025-04-03,40.88,7.25,0.4869,51715.44,51825.20,103540.64,0.4995,0.50
2025-04-07,39.14,6.94,0.4464,49547.73,51785.95,101333.68,0.4890,0.50
2025-04-08,39.44,6.99,0.4607,51040.49,50691.40,101731.88,0.5017,0.50
2025-04-09,38.78,6.88,0.4329,50029.51,50847.05,100876.57,0.4959,0.50
2025-04-10,39.40,6.99,0.4567,51214.85,50454.13,101668.97,0.5037,0.50
2025-04-11,39.79,7.05,0.4734,51367.65,50808.76,102176.41,0.5027,0.50
2025-04-14,39.76,7.05,0.4718,51052.20,51088.41,102140.61,0.4998,0.50
2025-04-15,40.35,7.16,0.4877,51815.28,51088.41,102903.69,0.5035,0.50
2025-04-16,40.50,7.18,0.4885,51635.41,51450.55,103085.96,0.5009,0.50
2025-04-17,40.37,7.16,0.4885,51395.78,51531.29,102927.07,0.4993,0.50
2025-04-18,40.98,7.27,0.4980,52205.50,51490.91,103696.41,0.5034,0.50
2025-04-21,40.53,7.19,0.4909,51307.33,51818.02,103125.35,0.4975,0.50
2025-04-22,40.27,7.14,0.4845,51221.29,51574.67,102795.96,0.4983,0.50
2025-04-23,40.25,7.14,0.4837,51357.90,51412.48,102770.38,0.4997,0.50
2025-04-24,40.46,7.17,0.4909,51626.98,51412.48,103039.46,0.5010,0.50
2025-04-25,40.34,7.15,0.4893,51387.31,51493.55,102880.86,0.4995,0.50
2025-04-28,40.59,7.20,0.4948,51757.62,51453.15,103210.77,0.5015,0.50
2025-04-29,40.26,7.14,0.4853,51209.09,51574.92,102784.02,0.4982,0.50
2025-04-30,39.05,6.96,0.4512,49829.03,51415.26,101244.29,0.4922,0.50
2025-05-06,39.65,7.07,0.4766,51392.67,50631.13,102023.81,0.5037,0.50
2025-05-07,40.28,7.18,0.4948,51837.65,50991.63,102829.28,0.5041,0.50
2025-05-08,41.03,7.31,0.5131,52389.63,51394.30,103783.93,0.5048,0.50
2025-05-09,41.68,7.43,0.5298,52721.86,51886.58,104608.44,0.5040,0.50
2025-05-12,41.98,7.48,0.5330,52690.04,52303.04,104993.08,0.5018,0.50
2025-05-13,42.71,7.61,0.5401,53433.45,52472.08,105905.53,0.5045,0.50
2025-05-14,42.95,7.66,0.5425,53260.76,52941.79,106202.55,0.5015,0.50
2025-05-15,43.06,7.68,0.5457,53262.33,53070.70,106333.03,0.5009,0.50
2025-05-16,42.43,7.56,0.5385,52406.74,53156.49,105563.23,0.4964,0.50
2025-05-19,42.02,7.49,0.5338,52233.89,52817.53,105051.42,0.4972,0.50
2025-05-20,42.08,7.50,0.5346,52557.86,52564.29,105122.15,0.5000,0.50
2025-05-21,42.08,7.50,0.5346,52557.86,52564.29,105122.15,0.5000,0.50
2025-05-22,42.66,7.61,0.5433,53288.16,52564.29,105852.45,0.5034,0.50
2025-05-23,42.22,7.53,0.5393,52399.65,52905.59,105305.24,0.4976,0.50
2025-05-26,41.98,7.48,0.5330,52312.18,52695.23,105007.41,0.4982,0.50
2025-05-27,41.93,7.47,0.5330,52408.23,52527.28,104935.51,0.4994,0.50
2025-05-28,41.87,7.46,0.5330,52378.21,52485.32,104863.52,0.4995,0.50
2025-05-29,41.67,7.43,0.5290,52168.06,52443.42,104611.48,0.4987,0.50
2025-05-30,41.63,7.42,0.5274,52244.94,52318.19,104563.13,0.4996,0.50
2025-06-03,42.15,7.51,0.5425,52894.54,52318.19,105212.73,0.5027,0.50
2025-06-04,42.23,7.53,0.5449,52749.41,52571.51,105320.93,0.5008,0.50
2025-06-05,42.53,7.58,0.5488,53035.49,52655.98,105691.47,0.5018,0.50
2025-06-06,42.63,7.60,0.5504,52984.51,52826.40,105810.91,0.5007,0.50
2025-06-09,42.75,7.62,0.5528,53096.65,52869.15,105965.80,0.5011,0.50
2025-06-10,42.82,7.63,0.5536,53094.35,52954.59,106048.94,0.5007,0.50
2025-06-11,43.43,7.74,0.5647,53811.62,52997.45,106809.07,0.5038,0.50
2025-06-12,43.35,7.73,0.5631,53326.42,53389.09,106715.51,0.4997,0.50
2025-06-13,43.31,7.72,0.5631,53267.47,53389.09,106656.56,0.4994,0.50
2025-06-16,43.88,7.82,0.5695,54018.75,53345.88,107364.63,0.5031,0.50
2025-06-17,44.07,7.86,0.5727,53946.23,53653.71,107599.93,0.5014,0.50
2025-06-18,43.95,7.83,0.5703,53661.86,53785.75,107447.61,0.4994,0.50
2025-06-19,43.74,7.80,0.5671,53448.11,53741.81,107189.92,0.4986,0.50
2025-06-20,44.08,7.86,0.5751,54002.04,53610.30,107612.34,0.5018,0.50
2025-06-23,44.33,7.90,0.5774,54130.01,53786.28,107916.29,0.5016,0.50
2025-06-24,44.81,7.99,0.5830,54580.76,53919.44,108500.20,0.5030,0.50
2025-06-25,45.53,8.12,0.5957,55137.67,54233.11,109370.78,0.5041,0.50
2025-06-26,45.89,8.18,0.6013,55165.72,54642.78,109808.50,0.5024,0.20
2025-06-27,44.30,7.90,0.5766,21221.50,87802.37,109023.88,0.1947,0.50
2025-06-30,44.04,7.85,0.5735,54175.30,54593.37,108768.67,0.4981,0.50
2025-07-01,44.52,7.94,0.5822,54942.90,54417.15,109360.04,0.5024,0.50
2025-07-02,44.96,8.01,0.5894,55250.40,54640.95,109891.35,0.5028,0.50
2025-07-03,44.68,7.96,0.5846,54640.70,54910.67,109551.37,0.4988,0.50
2025-07-04,45.12,8.04,0.5925,55315.31,54776.66,110091.97,0.5024,0.50
2025-07-07,45.24,8.06,0.5949,55241.87,55002.24,110244.11,0.5011,0.50
2025-07-08,45.65,8.14,0.6044,55642.14,55092.88,110735.01,0.5025,0.20
2025-07-09,45.18,8.05,0.5941,21955.55,88465.21,110420.77,0.1988,0.50
2025-07-10,46.24,8.24,0.6116,56505.30,55235.15,111740.45,0.5057,0.20
2025-07-11,45.64,7.80,0.5679,22089.76,89388.08,111477.84,0.1982,0.50
2025-07-14,45.57,7.79,0.5671,55640.97,55742.35,111383.32,0.4995,0.50
2025-07-15,45.22,7.73,0.5639,55258.84,55696.58,110955.42,0.4980,0.50
2025-07-16,45.11,7.71,0.5616,55304.86,55515.53,110820.39,0.4990,0.50
2025-07-17,45.00,7.69,0.5616,55260.00,55425.33,110685.33,0.4993,0.50
2025-07-18,45.05,7.70,0.5624,55366.45,55380.27,110746.72,0.4999,0.50
2025-07-21,44.85,7.66,0.5576,55120.65,55380.27,110500.92,0.4988,0.50
2025-07-22,44.94,7.68,0.5608,55321.14,55290.57,110611.71,0.5001,0.50
2025-07-23,45.12,7.71,0.5655,55542.72,55290.57,110833.29,0.5011,0.50
2025-07-24,44.88,7.67,0.5584,55157.52,55380.98,110538.50,0.4990,0.50
2025-07-25,44.83,7.66,0.5568,55185.73,55291.30,110477.03,0.4995,0.50
2025-07-28,44.44,7.59,0.5496,54750.08,55246.50,109996.58,0.4977,0.50
2025-07-29,44.14,7.54,0.5465,54601.18,55024.29,109625.47,0.4981,0.50
2025-07-30,44.42,7.59,0.5504,55125.22,54847.60,109972.82,0.5013,0.50
2025-07-31,44.48,7.60,0.5536,55066.24,54980.79,110047.03,0.5004,0.50
2025-08-01,44.42,7.59,0.5504,54991.96,54980.79,109972.75,0.5001,0.50
2025-08-04,44.90,7.67,0.5647,55586.20,54980.79,110566.99,0.5027,0.50
2025-08-05,45.25,7.73,0.5766,55748.00,55249.46,110997.46,0.5022,0.50
2025-08-06,45.12,7.71,0.5719,55362.24,55475.90,110838.14,0.4995,0.50
2025-08-07,45.15,7.71,0.5743,55444.20,55430.77,110874.97,0.5001,0.50
2025-08-08,44.53,7.61,0.5560,54682.84,55430.77,110113.61,0.4966,0.50
2025-08-11,44.10,7.54,0.5465,54507.60,55074.52,109582.12,0.4974,0.50
2025-08-12,44.00,7.52,0.5433,54648.00,54809.72,109457.72,0.4993,0.50
2025-08-13,43.54,7.44,0.5330,54120.22,54765.58,108885.80,0.4970,0.50
2025-08-14,43.78,7.48,0.5369,54725.00,54460.72,109185.72,0.5012,0.50
2025-08-15,43.30,7.40,0.5250,53995.10,54591.69,108586.79,0.4973,0.50
2025-08-18,43.51,7.43,0.5338,54518.03,54333.08,108851.11,0.5008,0.50
2025-08-19,43.40,7.42,0.5282,54293.40,54419.97,108713.37,0.4994,0.50
2025-08-20,43.45,7.42,0.5314,54399.40,54376.67,108776.07,0.5001,0.50
2025-08-21,43.47,7.43,0.5322,54424.44,54376.67,108801.11,0.5002,0.50
2025-08-22,43.26,7.39,0.5218,54161.52,54376.67,108538.19,0.4990,0.50
2025-08-25,43.87,7.50,0.5449,55012.98,54290.03,109303.01,0.5033,0.50
2025-08-26,43.52,7.44,0.5377,54225.92,54641.13,108867.05,0.4981,0.50
2025-08-27,43.00,7.35,0.5187,53750.00,54467.12,108217.12,0.4967,0.50
2025-08-28,42.98,7.34,0.5171,54068.84,54122.94,108191.78,0.4997,0.50
2025-08-29,42.89,7.33,0.5163,53955.62,54122.94,108078.56,0.4992,0.50
2025-09-01,41.98,7.13,0.4845,52852.82,54080.32,106933.14,0.4943,0.50
2025-09-02,43.44,7.37,0.5242,55299.12,53494.25,108793.37,0.5083,0.50
2025-09-03,42.90,7.28,0.5091,53753.70,54363.01,108116.71,0.4972,0.50
2025-09-04,43.05,7.31,0.5147,54243.00,54063.32,108306.32,0.5008,0.50
2025-09-05,42.76,7.26,0.5052,53792.08,54149.32,107941.40,0.4983,0.50
2025-09-08,42.43,7.20,0.4996,53546.66,53978.51,107525.17,0.4980,0.50
2025-09-09,42.83,7.27,0.5099,54265.61,53766.40,108032.01,0.5023,0.50
2025-09-10,43.00,7.30,0.5163,54266.00,53980.39,108246.39,0.5013,0.50
2025-09-11,43.30,7.35,0.5266,54514.70,54109.77,108624.47,0.5019,0.50
2025-09-12,42.54,7.22,0.5020,53387.70,54283.28,107670.98,0.4958,0.50
2025-09-15,42.22,7.17,0.4948,53408.30,53858.46,107266.76,0.4979,0.50
2025-09-16,41.75,7.09,0.4797,53022.50,53646.85,106669.35,0.4971,0.50
2025-09-17,41.76,7.09,0.4805,53327.52,53354.52,106682.04,0.4999,0.50
2025-09-18,40.83,6.93,0.4472,52139.91,53354.52,105494.43,0.4942,0.50
2025-09-19,41.00,6.96,0.4519,52931.00,52783.29,105714.29,0.5007,0.50
2025-09-22,40.92,6.95,0.4504,52786.80,52824.44,105611.24,0.4998,0.50
2025-09-23,41.55,7.05,0.4766,53599.50,52824.44,106423.94,0.5036,0.50
2025-09-24,41.32,7.01,0.4678,52930.92,53197.92,106128.84,0.4987,0.50
2025-09-25,40.82,6.93,0.4464,52412.88,53073.95,105486.83,0.4969,0.50
2025-09-26,40.80,6.93,0.4464,52713.60,52747.45,105461.05,0.4998,0.50
2025-09-29,40.68,6.91,0.4424,52558.56,52747.45,105306.01,0.4991,0.50
2025-09-30,40.41,6.86,0.4297,52290.54,52666.15,104956.69,0.4982,0.50
2025-10-09,40.33,6.85,0.4273,52348.34,52505.30,104853.64,0.4993,0.50
2025-10-10,40.18,6.82,0.4186,52193.82,52465.00,104658.82,0.4987,0.50
2025-10-13,40.11,6.81,0.4138,52223.22,52345.71,104568.93,0.4994,0.50
2025-10-14,41.26,7.00,0.4726,53761.78,52305.62,106067.40,0.5069,0.50
2025-10-15,41.50,7.04,0.4813,53369.00,53006.84,106375.84,0.5017,0.50
2025-10-16,41.93,7.12,0.4972,53754.26,53172.83,106927.09,0.5027,0.50
2025-10-17,41.59,7.06,0.4869,53068.84,53424.10,106492.94,0.4983,0.50
2025-10-20,41.42,7.03,0.4782,53017.60,53257.65,106275.25,0.4989,0.50
2025-10-21,41.98,7.13,0.4996,53818.36,53174.66,106993.02,0.5030,0.50
2025-10-22,41.95,7.12,0.4996,53486.25,53468.51,106954.76,0.5001,0.50
2025-10-23,42.24,7.17,0.5123,53856.00,53468.51,107324.51,0.5018,0.50
2025-10-24,41.95,7.12,0.4996,53318.45,53637.90,106956.35,0.4985,0.50
2025-10-27,41.59,7.06,0.4877,52985.66,53512.19,106497.85,0.4975,0.50
2025-10-28,41.60,7.06,0.4893,53248.00,53262.46,106510.46,0.4999,0.50
2025-10-29,40.77,6.92,0.4504,52185.60,53262.46,105448.06,0.4949,0.50
2025-10-30,41.20,6.97,0.4654,53271.60,52732.04,106003.64,0.5025,0.50
2025-10-31,40.89,6.92,0.4512,52625.43,52979.58,105605.01,0.4983,0.50
2025-11-03,41.79,7.07,0.4956,53950.89,52815.01,106765.90,0.5053,0.50
2025-11-04,43.01,7.28,0.5353,54966.78,53358.91,108325.69,0.5074,0.50
2025-11-05,42.80,7.25,0.5282,53928.00,54134.67,108062.67,0.4990,0.50
2025-11-06,42.34,7.17,0.5179,53433.08,54049.36,107482.44,0.4971,0.50
2025-11-07,42.51,7.20,0.5234,53945.19,53752.55,107697.74,0.5009,0.50
2025-11-10,42.72,7.23,0.5282,54126.24,53837.45,107963.69,0.5013,0.50
2025-11-11,42.96,7.27,0.5385,54301.44,53965.51,108266.95,0.5016,0.50
2025-11-12,42.93,7.27,0.5377,54134.73,54094.86,108229.59,0.5002,0.50
2025-11-13,43.21,7.31,0.5496,54487.81,54094.86,108582.67,0.5018,0.50
2025-11-14,43.25,7.32,0.5528,54365.25,54267.81,108633.06,0.5004,0.50
2025-11-17,42.65,7.22,0.5274,53568.40,54310.91,107879.31,0.4966,0.50
2025-11-18,42.88,7.26,0.5353,54200.32,53970.41,108170.73,0.5011,0.50
2025-11-19,43.22,7.32,0.5536,54543.64,54056.17,108599.81,0.5022,0.50
2025-11-20,43.23,7.32,0.5544,54340.11,54272.26,108612.37,0.5003,0.50
2025-11-21,43.00,7.28,0.5417,54051.00,54272.26,108323.26,0.4990,0.50
2025-11-24,42.63,7.22,0.5274,53671.17,54186.06,107857.23,0.4976,0.50
2025-11-25,43.25,7.32,0.5576,54711.25,53930.08,108641.33,0.5036,0.50
2025-11-26,43.25,7.32,0.5576,54322.00,54320.12,108642.12,0.5000,0.50
2025-11-27,43.19,7.31,0.5520,54246.64,54320.12,108566.76,0.4997,0.50
2025-11-28,42.95,7.27,0.5417,53945.20,54320.12,108265.32,0.4983,0.50
2025-12-01,43.44,7.35,0.5679,54734.40,54147.79,108882.19,0.5027,0.50
